name,lists_simulated,avg_copies,uses_per_game,ce_per_use,advantage_ce_per_game,ce_per_use_fitted,advantage_fitted_ce_per_game,extra_cards_per_game,extra_energy_per_game,retreat_energy_saved_per_game,item_lock_turns_per_game,damage_hp_per_game,heal_hp_per_game,field_inclusion,meta_advantage_ce_per_100_games,legal_post_rotation
Steven's Metagross ex,18.0,2.481036347919554,3.835678482207681,4.0,15.342713928830724,1.955589996694484,7.50101447034162,0.0,7.671356964415362,0.0,0.0,0.0,0.0,0.002435897435897436,3.737327751894664,1
Teal Mask Ogerpon ex,678.0,3.0616791877824516,7.1337205607132965,2.0,14.267441121426593,1.5634950585240703,11.1535368455668,7.1337205607132965,7.1337205607132965,0.0,0.0,0.0,0.0,0.1117948717948718,159.5026751010768,0
Metang,275.0,3.9596141303405115,6.987455637969985,2.0,13.97491127593997,0.977794998347242,6.832299173980288,0.0,6.987455637969985,0.0,0.0,0.0,0.0,0.052307692307692305,73.09953590491676,0
N's Zoroark ex,270.0,3.926001824172246,8.297794651790937,1.5,12.446691977686404,2.175771314091877,18.054103573591718,8.297794651790937,0.0,0.0,0.0,0.0,0.0,0.07487179487179488,93.19061685857514,1
Team Rocket's Spidops,90.0,3.945773524720893,5.981936827557871,2.0,11.963873655115743,0.977794998347242,5.8491079104152535,0.0,5.981936827557871,0.0,0.0,0.0,0.0,0.011538461538461539,13.804469602056626,1
Eelektrik,20.0,2.7881609933633054,5.716853287637351,2.0,11.433706575274702,0.977794998347242,5.589910550936789,0.0,5.716853287637351,0.0,0.0,0.0,0.0,0.002564102564102564,2.931719634685821,1
Lunatone,352.0,2.0130551112065262,4.254877695865984,2.5,10.63719423966496,2.761471374268705,11.749722958148302,8.509755391731968,0.0,0.0,0.0,0.0,0.0,0.04512820512820513,48.00374836361624,1
Thwackey,295.0,3.358427998355663,6.58920891228528,1.5,9.883813368427921,2.3919262299809216,15.760901632119221,6.58920891228528,0.0,0.0,0.0,0.0,0.0,0.038205128205128204,37.76123568963487,0
Marnie's Grimmsnarl ex,102.0,2.402065597571438,1.5510323698277566,6.0,9.306194218966542,2.933384995041726,4.54977508047675,0.0,4.653097109483271,0.0,0.0,0.0,0.0,0.013076923076923076,12.16963859403317,1
Latias ex,1024.0,1.7241801263267125,3.381331891533169,2.6,8.791462917986241,-0.3641489865353687,-1.2313085814415248,0.0,0.0,4.3957314589931205,0.0,0.0,0.0,0.18256410256410258,160.50055378477447,0
Mega Kangaskhan ex,1054.0,3.4063052901151667,3.992071107652904,2.0,7.984142215305808,1.1714001203536566,4.6763125759649675,7.984142215305808,0.0,0.0,0.0,0.0,0.0,0.18884615384615386,150.77745491212121,1
Toxtricity,150.0,2.2920911229161693,5.037025615316329,1.5714285714285714,7.915325966925661,0.8267470360871386,4.1643459981577715,0.0,5.037025615316329,0.0,0.0,-100.74051230632661,0.0,0.019358974358974358,15.323259243663777,1
Blaziken ex,260.0,1.995197521428164,3.9562990956769513,2.0,7.9125981913539025,0.977794998347242,3.8684494677186403,0.0,3.9562990956769513,0.0,0.0,0.0,0.0,0.04756410256410257,37.63556319220895,0
Drakloak,867.0,3.9223383247807497,6.196556219358445,1.25,7.745695274198055,1.2353647194194737,7.655006935294739,6.196556219358445,0.0,0.0,0.0,0.0,0.0,0.3006410256410256,232.86737715377487,0
Ethan's Quilava,48.0,3.937782680639824,5.055910514952805,1.5,7.583865772429209,2.3919262299809216,12.093364977151964,5.055910514952805,0.0,0.0,0.0,0.0,0.0,0.006153846153846154,4.666994321494898,1
Cynthia's Gabite,106.0,3.9716981132075473,4.998333824070811,1.5,7.497500736106217,2.3919262299809216,11.955645779995818,4.998333824070811,0.0,0.0,0.0,0.0,0.0,0.01358974358974359,10.188911256759733,1
Genesect ex,297.0,1.99973523178095,2.494135435600386,3.0,7.482406306801158,4.783852459961843,11.93157593907491,4.988270871200772,0.0,0.0,0.0,0.0,0.0,0.05525641025641025,41.34509125937563,1
Munkidori,1370.0,1.8126722355706526,5.537064149122242,1.2857142857142856,7.119082477442881,0.30923511216123994,1.7122546531977971,0.0,0.0,0.0,0.0,166.11192447366727,166.11192447366727,0.39525641025641023,281.3862984353385,0
Seaking,290.0,1.4575403569515197,1.982407245636505,3.2857142857142856,6.513623807091373,1.6245440071339667,3.220507810597738,3.96481449127301,0.0,0.0,0.0,118.9444347381903,0.0,0.037564102564102565,24.467843275356056,0
Toucannon,88.0,2.0700386371867596,6.349597641510676,1.0,6.349597641510676,0.5857000601768283,3.7189597207314504,6.349597641510676,0.0,0.0,0.0,0.0,0.0,0.01653846153846154,10.501257637883041,1
Hydrapple ex,227.0,2.008720348926616,3.664161501950617,1.6428571428571428,6.019693896061727,1.0604581671183269,3.885689990384087,0.0,3.664161501950617,0.0,0.0,0.0,109.92484505851854,0.029102564102564104,17.518852748795027,0
Dipplin,501.0,2.591368061446866,2.3436584700069663,2.142857142857143,5.022125292872071,0.755239811300517,1.7700241806409194,0.0,0.0,0.0,0.0,234.36584700069665,0.0,0.06346153846153846,31.87117974322661,0
Fezandipiti ex,2975.0,1.0027812721163036,1.6287308491815562,3.0,4.8861925475446695,1.757100180530485,2.861843269132483,4.8861925475446695,0.0,0.0,0.0,0.0,0.0,0.6917948717948718,338.02429469937226,0
Pecharunt ex,427.0,1.3125671609133505,2.6900539975347,1.7857142857142858,4.803667852740536,-0.3556385861572584,-0.9566870003699219,0.0,0.0,2.6900539975347,0.0,-26.900539975347005,0.0,0.09564102564102564,45.942772027492815,0
Crustle,255.0,2.9632510487417236,1.8534229906290152,2.571428571428571,4.7659448330460386,0.33065267508433954,0.6128392699143007,0.0,0.0,0.0,0.0,0.0,222.41075887548178,0.037564102564102565,17.902844052339606,1
Alakazam,421.0,2.6705594941052775,1.3979089475395279,3.0,4.193726842618584,1.757100180530485,2.4562660640868845,4.193726842618584,0.0,0.0,0.0,0.0,0.0,0.07717948717948718,32.36696870841522,1
Mega Dragonite ex,7.0,2.234817813765182,2.075742617459636,2.0,4.151485234919272,-0.2801146050272067,-0.5814458234278461,0.0,0.0,2.075742617459636,0.0,0.0,0.0,0.0008974358974358974,0.3725691877491654,1
Jellicent ex,16.0,1.4229649874525252,2.161878190338461,1.794403846153846,3.8792825396594512,0.5312013545480281,1.1483926230756305,0.0,0.0,0.0,2.161878190338461,0.0,0.0,0.002307692307692308,0.8952190476137196,1
Dunsparce,1192.0,1.668864822196245,1.9162818226993823,2.0,3.8325636453987646,-0.2801146050272067,-0.5367785258862533,0.0,0.0,1.9162818226993823,0.0,0.0,0.0,0.24269230769230768,93.01337154794693,1
Bouffalant,58.0,1.7447735539832916,2.8030918837942704,1.2857142857142856,3.603975279164061,0.16532633754216977,0.463424914941888,0.0,0.0,0.0,0.0,0.0,168.18551302765619,0.004615384615384616,1.6633732057680282,0
Dudunsparce,986.0,1.6637608539416753,1.1809962326845764,3.0,3.5429886980537297,1.757100180530485,2.075128693655892,3.5429886980537297,0.0,0.0,0.0,0.0,0.0,0.24243589743589744,85.89476446178979,0
Kadabra,374.0,3.6955941182880885,1.7014443330799625,2.0,3.402888666159925,1.1714001203536566,1.993072096544915,3.402888666159925,0.0,0.0,0.0,0.0,0.0,0.07692307692307693,26.176066662768655,1
Noctowl,93.0,1.8475990741858759,1.0764893538818063,3.0,3.22946806164542,4.783852459961843,5.149766243690216,2.1529787077636127,0.0,0.0,0.0,0.0,0.0,0.012435897435897436,4.016133358712894,0
Tyranitar,1.0,1.0,1.7501631357600003,1.794403846153846,3.1404994622044202,0.5312013545480281,0.9296890283957365,0.0,0.0,0.0,1.7501631357600003,0.0,0.0,0.0001282051282051282,0.040262813618005384,1
Meganium,307.0,2.0,3.119458936502287,1.0,3.119458936502287,0.977794998347242,3.0501913456615437,0.0,3.119458936502287,0.0,0.0,0.0,0.0,0.03935897435897436,12.277870429566695,1
Froslass,153.0,2.390702219689894,5.513359620889353,0.5357142857142857,2.9535855111907243,0.18880995282512925,1.0409771699280912,0.0,0.0,0.0,0.0,137.8339905222338,0.0,0.020256410256410257,5.982903984206852,0
Budew,1494.0,1.5403530673389862,1.6334682495967818,1.794403846153846,2.931101709646656,0.5312013545480281,0.8677005467970069,0.0,0.0,0.0,1.6334682495967818,0.0,0.0,0.40294871794871795,118.10836760794155,0
Lillie's Clefairy ex,1402.0,1.2806153419147812,1.3514225750721756,2.142857142857143,2.8959055180118045,0.755239811300517,1.0206481305847686,0.0,0.0,0.0,0.0,135.14225750721755,0.0,0.2469230769230769,71.50659009859916,1
Yveltal,382.0,1.0329404445877026,1.7731451445890487,1.6285714285714286,2.8876935211878787,1.5288025843539472,2.710788879482391,0.0,0.0,0.0,0.0,35.46290289178097,0.0,0.07846153846153846,22.657287627781816,1
Fan Rotom,250.0,1.3131785120152906,0.738684563310816,3.75,2.77006711241556,5.979815574952304,4.4171974566628585,1.8467114082770402,0.0,0.0,0.0,0.0,0.0,0.03397435897435897,9.411125446027222,0
Hariyama,220.0,1.943154844565594,1.3780740595242527,2.0,2.7561481190485053,2.29625770348974,3.164413175161944,0.0,0.0,0.0,0.0,0.0,0.0,0.028205128205128206,7.773751105008604,1
Hop's Snorlax,45.0,1.8671239657732834,4.163836515752065,0.6428571428571428,2.676752045840612,0.22657194339015507,0.9434085313328371,0.0,0.0,0.0,0.0,124.91509547256193,0.0,0.0057692307692307696,1.544280026446507,1
Mew ex,293.0,1.4203034161860668,1.3659717757937087,1.75,2.3904506076389898,1.0559058124768574,1.4423375377399115,0.6829858878968543,0.0,0.6829858878968543,0.0,0.0,0.0,0.046794871794871795,11.186082971643991,1
Mega Venusaur ex,46.0,2.08695652173913,2.2874793616557616,1.0,2.2874793616557616,0.977794998347242,2.2366858786495447,0.0,2.2874793616557616,0.0,0.0,0.0,0.0,0.005897435897435898,1.349026290207244,1
Shaymin,1674.0,1.0,1.0616316159149988,2.142857142857143,2.274924891246426,0.2755438959036163,0.29252611146367036,0.0,0.0,0.0,0.0,0.0,106.16316159149989,0.27474358974358976,62.502103101808856,1
Abra,507.0,3.1143486729895997,1.1063080180517457,2.0,2.2126160361034914,-0.2801146050272067,-0.3098930335149966,0.0,0.0,1.1063080180517457,0.0,0.0,0.0,0.08051282051282051,17.81439577785888,1
Cynthia's Roserade,106.0,3.226415094339623,3.3924377203813156,0.6428571428571428,2.180852820245131,0.22657194339015507,0.7686312071368623,0.0,0.0,0.0,0.0,101.77313161143948,0.0,0.01358974358974359,2.96372306341005,1
Iron Leaves ex,312.0,1.0166056503322596,0.5364736993584782,4.0,2.145894797433913,1.6754753916672773,0.8988484815518395,0.0,1.0729473987169564,0.5364736993584782,0.0,0.0,0.0,0.06256410256410257,13.425598219842943,0
Mega Greninja ex,70.0,2.1992987069089587,2.578363276166606,0.7857142857142856,2.0258568598451894,1.4575150805185306,3.758003358067994,-2.578363276166606,0.0,0.0,0.0,154.70179656999633,0.0,0.008974358974358974,1.8180766690918366,1
Tatsugiri,328.0,1.178599293679706,1.6484909250926634,1.125,1.8545522907292469,1.7939446724856913,2.957301512710993,1.2363681938194975,0.0,0.0,0.0,0.0,0.0,0.06628205128205128,12.292353003936162,0
Pecharunt,66.0,1.0550527593207493,1.4611644875518417,1.0714285714285714,1.5655333795198303,0.3776199056502585,0.5517647959288347,0.0,0.0,0.0,0.0,73.05822437759207,0.0,0.01282051282051282,2.007094076307475,0
Meowth ex,2539.0,1.2233303215469773,0.8550419258684729,1.5,1.2825628888027094,2.3919262299809216,2.045197210218203,0.8550419258684729,0.0,0.0,0.0,0.0,0.0,0.5769230769230769,73.99401281554093,1
Rabsca,314.0,1.0832801953620799,0.9724090186491633,1.2857142857142856,1.2502401668346386,0.16532633754216977,0.16076482164624165,0.0,0.0,0.0,0.0,0.0,58.3445411189498,0.041666666666666664,5.20933402847766,0
Dusknoir,550.0,1.6113824333171087,0.9451022758369414,1.2857142857142856,1.2151314975046388,0.9818117546906722,0.927912523801615,0.0,0.0,0.0,0.0,122.86329585880236,0.0,0.10564102564102563,12.836773768510543,0
Iron Crown ex,242.0,1.03059109491727,2.7531598551462517,0.42857142857142855,1.1799256522055364,0.15104796226010342,0.4158591858961628,0.0,0.0,0.0,0.0,55.06319710292503,0.0,0.04833333333333333,5.702973985660092,0
Annihilape,238.0,1.0,0.7254388573999999,1.6071428571428572,1.1658838779642855,0.2066579219277122,0.1499176867558979,0.0,0.0,0.0,0.0,0.0,54.407914304999984,0.04294871794871795,5.00732178356456,1
Patrat,343.0,1.0043379248823974,1.5983159727443872,0.6428571428571428,1.0274888396213917,0.08266316877108489,0.13212186300448997,0.0,0.0,0.0,0.0,0.0,47.94947918233162,0.05782051282051282,5.940993162426253,1
Psyduck,640.0,1.0020162418406138,0.4696168973566859,1.9285714285714288,0.9056897306164657,0.24798950631325464,0.11646006253184689,0.0,0.0,0.0,0.0,0.0,42.26552076210173,0.1041025641025641,9.428462323853463,1
Flutter Mane,123.0,1.0,1.2215570356848897,0.7,0.8550899249794227,0.4298780071702724,0.5251205041450459,0.0,0.0,0.0,0.0,0.0,0.0,0.016666666666666666,1.4251498749657043,0
Genesect,316.0,1.1540511352623246,0.6534269332990628,1.0499999999999998,0.6860982799640157,0.6448170107554086,0.4213408018769754,0.0,0.0,0.0,0.0,0.0,0.0,0.06628205128205128,4.547600137710207,0
Chien-Pao,408.0,1.0,0.5306146639476701,1.0499999999999998,0.5571453971450535,0.6448170107554086,0.34214936146972236,0.0,0.0,0.0,0.0,0.0,0.0,0.0767948717948718,4.278590934485731,0
Dusclops,545.0,1.9492638555255033,1.2683006735367364,-0.4285714285714286,-0.5435574315157442,0.3776199056502585,0.4789355806771016,0.0,0.0,0.0,0.0,63.41503367683681,0.0,0.10448717948717949,-5.679478290837584,0
