name,lists_simulated,avg_copies,uses_per_game,ce_per_use,advantage_ce_per_game,extra_cards_per_game,extra_energy_per_game,retreat_energy_saved_per_game,item_lock_turns_per_game,damage_hp_per_game,heal_hp_per_game,field_inclusion,meta_advantage_ce_per_100_games,legal_post_rotation
Steven's Metagross ex,2.0,3.0,3.8356784822076806,4.0,15.342713928830722,0.0,7.671356964415361,0.0,0.0,0.0,0.0,0.0014184397163120568,2.1762714792667692,1
Metang,56.0,3.982152211329791,6.984632232016699,2.0,13.969264464033397,0.0,6.984632232016699,0.0,0.0,0.0,0.0,0.03971631205673759,55.48076666566456,0
Teal Mask Ogerpon ex,186.0,2.9599753114071587,6.903678167195851,2.0,13.807356334391702,6.903678167195851,6.903678167195851,0.0,0.0,0.0,0.0,0.13191489361702127,182.13959419835862,0
N's Zoroark ex,132.0,3.9723395970637863,8.359939976701595,1.5,12.539909965052392,8.359939976701595,0.0,0.0,0.0,0.0,0.0,0.09361702127659574,117.39490180049046,1
Eelektrik,1.0,3.0,6.0,2.0,12.0,0.0,6.0,0.0,0.0,0.0,0.0,0.0007092198581560284,0.851063829787234,1
Team Rocket's Spidops,11.0,4.0,5.999999999999999,2.0,11.999999999999998,0.0,5.999999999999999,0.0,0.0,0.0,0.0,0.007801418439716312,9.361702127659573,1
Lunatone,41.0,2.023723349250281,4.25812556185848,2.5,10.645313904646203,8.51625112371696,0.0,0.0,0.0,0.0,0.0,0.029078014184397163,30.95445887166626,1
Thwackey,65.0,3.4147351640279457,6.613582850537059,1.5,9.920374275805587,6.613582850537059,0.0,0.0,0.0,0.0,0.0,0.04609929078014184,45.73222183882008,0
Latias ex,314.0,1.7842362622574526,3.447247239070342,2.6,8.962842821582889,0.0,0.0,4.4814214107914445,0.0,0.0,0.0,0.2226950354609929,199.5980599983707,0
Marnie's Grimmsnarl ex,11.0,2.276923076923077,1.492047692307692,6.0,8.952286153846154,0.0,4.476143076923077,0.0,0.0,0.0,0.0,0.007801418439716312,6.984053027823241,1
Mega Kangaskhan ex,335.0,3.492096070218512,4.019549553095501,2.0,8.039099106191003,8.039099106191003,0.0,0.0,0.0,0.0,0.0,0.2375886524822695,190.99987238113377,1
Blaziken ex,64.0,1.9848982318494512,3.9502516668658854,2.0,7.900503333731771,0.0,3.9502516668658854,0.0,0.0,0.0,0.0,0.04539007092198582,35.86044066374704,0
Drakloak,414.0,3.956989146966527,6.221120704172563,1.25,7.7764008802157045,6.221120704172563,0.0,0.0,0.0,0.0,0.0,0.32978723404255317,256.4557737092413,0
Toxtricity,22.0,2.1081370449678802,4.938016125819414,1.5714285714285714,7.759739626287652,0.0,4.938016125819414,0.0,0.0,-98.76032251638829,0.0,0.015602836879432624,12.10739516158357,1
Genesect ex,58.0,2.0,2.5286057981455508,3.0,7.585817394436654,5.0572115962911015,0.0,0.0,0.0,0.0,0.0,0.04113475177304964,31.204071551583397,1
Ethan's Quilava,2.0,4.0,5.037620886712319,1.5,7.55643133006848,5.037620886712319,0.0,0.0,0.0,0.0,0.0,0.0014184397163120568,1.0718342312153872,1
Cynthia's Gabite,20.0,4.0,4.994745486712321,1.5,7.492118230068479,4.994745486712321,0.0,0.0,0.0,0.0,0.0,0.014184397163120567,10.627118056834723,1
Munkidori,575.0,1.760816101425895,5.444325667545289,1.2857142857142856,6.999847286843943,0.0,0.0,0.0,0.0,163.3297700263587,163.3297700263587,0.44397163120567373,310.7733618130715,0
Seaking,65.0,1.5602269352796838,2.019091590589186,3.2857142857142856,6.634158083364469,4.038183181178372,0.0,0.0,0.0,121.14549543535117,0.0,0.04609929078014184,30.582998256644718,0
Toucannon,10.0,2.128713493801675,6.223342613298026,1.0,6.223342613298026,6.223342613298026,0.0,0.0,0.0,0.0,0.0,0.0070921985815602835,4.413718165459593,1
Hydrapple ex,42.0,2.0,3.6681225165909335,1.6428571428571428,6.026201277256534,0.0,3.6681225165909335,0.0,0.0,0.0,110.043675497728,0.029787234042553193,17.950386783317335,0
Dipplin,102.0,2.5439741525561095,2.3402129525455293,2.142857142857143,5.014742041168994,0.0,0.0,0.0,0.0,234.02129525455297,0.0,0.07163120567375887,35.921201855182154,0
Crustle,54.0,2.999999999999998,1.9116542842243807,2.571428571428571,4.915682445148407,0.0,0.0,0.0,0.0,0.0,229.39851410692575,0.03829787234042553,18.826017875036456,1
Fezandipiti ex,990.0,1.0027200361713653,1.6333992300218667,3.0,4.900197690065601,4.900197690065601,0.0,0.0,0.0,0.0,0.0,0.7382978723404255,361.78055286229005,0
Pecharunt ex,155.0,1.2744516877528795,2.7021898926951766,1.7857142857142858,4.8253390940985295,0.0,0.0,2.7021898926951766,0.0,-27.02189892695176,0.0,0.1099290780141844,53.04450777200511,0
Alakazam,105.0,2.5517957670226816,1.4436831103987682,3.0,4.331049331196304,4.331049331196304,0.0,0.0,0.0,0.0,0.0,0.06028368794326241,26.109162634871335,1
Dunsparce,303.0,1.5797046068406904,1.9076526118661707,2.0,3.8153052237323415,0.0,0.0,1.9076526118661707,0.0,0.0,0.0,0.22198581560283687,84.69436418639879,1
Kadabra,85.0,3.8206975288841303,1.8983105752817666,2.0,3.796621150563533,3.796621150563533,0.0,0.0,0.0,0.0,0.0,0.06028368794326241,22.887432467936193,1
Jellicent ex,7.0,1.0,2.0594748559628933,1.8009929078014184,3.709099609384518,0.0,0.0,0.0,2.0594748559628933,0.0,0.0,0.004964539007092199,1.841396969197988,1
Bouffalant,10.0,1.5000000000000002,2.7982456713840005,1.2857142857142856,3.5977444346365717,0.0,0.0,0.0,0.0,0.0,167.89474028304002,0.0035460992907801418,1.275795898807295,0
Lillie's Clefairy ex,370.0,1.371023450145057,1.5654149777732291,2.142857142857143,3.35446066665692,0.0,0.0,0.0,0.0,156.5414977773229,0.0,0.2631205673758865,88.26275938508633,1
Dudunsparce,281.0,1.4663101807404357,1.0633862317073963,3.0,3.19015869512219,3.19015869512219,0.0,0.0,0.0,0.0,0.0,0.22198581560283687,70.8169979839181,0
Meganium,52.0,2.0,3.105515659495017,1.0,3.105515659495017,0.0,3.105515659495017,0.0,0.0,0.0,0.0,0.03687943262411347,11.45296555274758,1
Budew,548.0,1.5877398890097543,1.7,1.8009929078014184,3.061687943262411,0.0,0.0,0.0,1.7,0.0,0.0,0.424822695035461,130.06745234143148,0
Fan Rotom,30.0,1.4729351117414688,0.7814723218085944,3.75,2.9305212067822293,1.9536808045214857,0.0,0.0,0.0,0.0,0.0,0.02127659574468085,6.235151503791977,0
Froslass,13.0,2.5397538276793754,5.337052879216801,0.5357142857142857,2.859135471009001,0.0,0.0,0.0,0.0,133.42632198042006,0.0,0.009219858156028368,2.6360823491572347,0
Hariyama,27.0,1.969175627240143,1.401465806451613,2.0,2.802931612903226,0.0,0.0,0.0,0.0,0.0,0.0,0.019148936170212766,5.367315854495539,1
Hop's Snorlax,7.0,1.8571428571428574,4.107349348114287,0.6428571428571428,2.640438866644898,0.0,0.0,0.0,0.0,123.22048044342857,0.0,0.004964539007092199,1.3108561749300913,1
Noctowl,15.0,1.3285721233576102,0.8678449896713253,3.0,2.603534969013976,1.7356899793426506,0.0,0.0,0.0,0.0,0.0,0.010638297872340425,2.7697180521425278,0
Mew ex,75.0,1.35329722035008,1.3766353752012412,1.75,2.4091119066021727,0.6883176876006206,0.0,0.6883176876006206,0.0,0.0,0.0,0.05319148936170213,12.81442503511794,1
Shaymin,285.0,1.0,1.0684498463163614,2.142857142857143,2.2895353849636315,0.0,0.0,0.0,0.0,0.0,106.84498463163614,0.2028368794326241,46.44022128365947,1
Mega Venusaur ex,3.0,2.0,2.27675886165576,1.0,2.27675886165576,0.0,2.27675886165576,0.0,0.0,0.0,0.0,0.002127659574468085,0.48441677907569364,1
Abra,116.0,2.8905699344420985,1.1074703077893342,2.0,2.2149406155786684,0.0,0.0,1.1074703077893342,0.0,0.0,0.0,0.06170212765957447,13.666654862081145,1
Cynthia's Roserade,20.0,3.2999999999999994,3.4012139244748796,0.6428571428571428,2.1864946657338518,0.0,0.0,0.0,0.0,102.03641773424641,0.0,0.014184397163120567,3.10141087338135,1
Iron Leaves ex,116.0,1.0,0.5351509553571158,4.0,2.140603821428463,0.0,1.0703019107142315,0.5351509553571158,0.0,0.0,0.0,0.08226950354609928,17.61064136778026,0
Mega Greninja ex,3.0,2.3333333333333335,2.6455850400000003,0.7857142857142856,2.0786739599999997,-2.6455850400000003,0.0,0.0,0.0,158.7351024,0.0,0.002127659574468085,0.4422710553191489,1
Tatsugiri,117.0,1.133724364348874,1.643775989583247,1.125,1.8492479882811528,1.232831992187435,0.0,0.0,0.0,0.0,0.0,0.08297872340425531,15.344823732545734,0
Pecharunt,25.0,1.1004857027927621,1.4608464174469016,1.0714285714285714,1.5651925901216799,0.0,0.0,0.0,0.0,73.04232087234507,0.0,0.01773049645390071,2.7751641668824116,0
Meowth ex,813.0,1.2682320814534516,0.8777027612185619,1.5,1.3165541418278428,0.8777027612185619,0.0,0.0,0.0,0.0,0.0,0.6120567375886525,80.58058329059776,1
Dusknoir,154.0,1.7318033294947404,0.9789503985004976,1.2857142857142856,1.2586505123577827,0.0,0.0,0.0,0.0,127.26355180506472,0.0,0.10921985815602837,13.746963042772947,0
Rabsca,68.0,1.0891060022786012,0.9694915617259859,1.2857142857142856,1.2464891507905536,0.0,0.0,0.0,0.0,0.0,58.169493703559176,0.04822695035460993,6.011437039273591,0
Iron Crown ex,88.0,1.0111092638439405,2.7601370488730814,0.42857142857142855,1.1829158780884632,0.0,0.0,0.0,0.0,55.20274097746163,0.0,0.062411347517730496,7.38273739516204,0
Annihilape,99.0,1.0,0.7321795101742428,1.6071428571428572,1.1767170699228904,0.0,0.0,0.0,0.0,0.0,54.91346326306821,0.05460992907801419,6.426043573337771,1
Patrat,74.0,1.0,1.80976906337202,0.6428571428571428,1.163422969310584,0.0,0.0,0.0,0.0,0.0,54.29307190116059,0.0524822695035461,6.105907782197391,1
Psyduck,96.0,1.0078705764621438,0.4900870191619349,1.9285714285714288,0.945167822669446,0.0,0.0,0.0,0.0,0.0,44.10783172457414,0.06879432624113475,6.502218354534486,1
Flutter Mane,15.0,1.0,1.2167864297844861,0.7,0.8517505008491402,0.0,0.0,0.0,0.0,0.0,0.0,0.010638297872340425,0.90611755409483,0
Genesect,68.0,1.0945832099886215,0.6410152531155756,1.0499999999999998,0.6730660157713544,0.0,0.0,0.0,0.0,0.0,0.0,0.04822695035460993,3.2459921327980217,0
Chien-Pao,143.0,1.0,0.5296800803109092,1.0499999999999998,0.5561640843264545,0.0,0.0,0.0,0.0,0.0,0.0,0.10141843971631205,5.640529365864041,0
Dusclops,152.0,2.081352445174947,1.3104206020873579,-0.4285714285714286,-0.5616088294660105,0.0,0.0,0.0,0.0,65.5210301043679,0.0,0.10780141843971631,-6.054222842470469,0
