name,lists,copies,plays,field_inclusion,avg_copies,plays_per_game,ce_per_play,why,advantage_ce_per_game,ce_per_play_fitted,vs_avg_supporter,advantage_fitted_ce_per_game,meta_fitted_ce_per_100_games,meta_advantage_ce_per_100_games,type,legal_post_rotation
Lillie's Determination,6418,24196,14002.414405962787,4.55177304964539,3.770021813649112,2.1817411040764703,4.6,draw 6 (8 at 6 Prizes) minus ~3 cards shuffled away,10.036009078751762,6.7615939663463624,2.5644083114642626,14.752047485453312,6714.797217137543,4568.163565065873,Supporter,1
Buddy-Buddy Poffin,5480,19786,13454.480000000001,3.8865248226950353,3.6105839416058396,2.455197080291971,3.25,two Basics straight to the Bench,7.979390510948906,4.783852459961843,,11.745300592245881,4564.8402301778315,3101.2099290780143,Item,0
Poké Pad,6338,22811,15511.480000000001,4.4950354609929075,3.5990848848217105,2.4473777216787633,1.5,tutor a non-Rule Box Pokémon,3.671066582518145,2.3919262299809216,,5.853946967154382,2631.369920413083,1650.1574468085107,Item,1
Boss's Orders,7101,18744,10686.34979447864,5.036170212765957,2.639628221377271,1.504907730527903,2.0,gust: chooses the KO target (~0.65 Prize of extra value),3.009815461055806,2.29625770348974,-1.9009279513923598,3.455655969265959,1740.3271657984096,1515.7942970891686,Supporter,1
Crispin,3064,7108,4338.2884074993635,2.173049645390071,2.3198433420365534,1.4158904724214634,3.25,1 Energy to hand + 1 attached (acceleration),4.601644035369756,3.3697212283281637,-0.8274644265539361,4.771156181906197,1036.7959249191906,999.9600939271584,Supporter,0
Night Stretcher,6702,14139,9614.52,4.753191489361702,2.1096687555953446,1.4345747538048343,1.25,recover a Pokémon or basic Energy,1.7932184422560429,0.7434163264230678,,1.0664862934528667,506.9213573561073,852.3510638297873,Item,0
Unfair Stamp,2909,2909,1978.1200000000001,2.0631205673758863,1.0,0.68,5.5,"you draw 5 / opponent to 2, only after a KO",3.74,6.2268767098714,,4.234276162712552,873.5822239241711,771.6070921985815,Item,0
Ultra Ball,6615,20231,13757.08,4.691489361702128,3.0583522297808012,2.0796795162509447,0.75,tutor any Pokémon (1.75) minus 2 discards,1.5597596371882085,4.400668617457363,,9.151980381534443,4293.641859847542,731.759574468085,Item,1
Rare Candy,1862,4570,3107.6000000000004,1.3205673758865248,2.4543501611170786,1.6689581095596135,2.5,skip Stage 1: a full turn of evolution tempo,4.172395273899034,0.4996420011472812,,0.8338815696913486,110.11967962874405,550.9929078014185,Item,1
Hilda,1720,4833,2536.370714625147,1.2198581560283688,2.8098837209302325,1.474634136409969,3.0,Evolution Pokémon + Energy tutor,4.423902409229907,4.783852459961843,0.5866668050797434,7.054432141008539,860.5406583357935,539.6533435372652,Supporter,1
Judge,3059,3878,2206.030580316656,2.169503546099291,1.2677345537757436,0.7211606996785408,3.0,"draw 4 minus own hand, plus opponent hand disruption",2.1634820990356225,6.000730832677383,1.8035451777952831,4.327491245876214,938.8507603642084,469.368208578012,Supporter,1
Dawn,1682,3473,2049.3032149223327,1.1929078014184398,2.064803804994055,1.2183728982891395,3.0,Basic + Stage 1 + Stage 2 tutor (~2 effective; the Basic is usually in play),3.6551186948674186,4.783852459961843,0.5866668050797434,5.828516186631341,695.2882429726181,436.0219606217729,Supporter,1
Special Red Card,4376,4563,3102.84,3.10354609929078,1.0427330895795246,0.7090585009140769,1.6,late-game hand disruption to 3,1.134493601462523,1.0746950179256811,,0.7620216383502104,236.49692832769654,352.09531914893626,Item,1
Cyrano,1143,2286,1315.9946704830259,0.8106382978723404,2.0,1.1513514177454294,3.75,up to 3 Pokémon ex,4.31756781654536,5.979815574952304,1.782629920070204,6.884869140077535,558.1138600786256,349.9985825752728,Supporter,0
Secret Box,1425,1425,969.0000000000001,1.0106382978723405,1.0,0.68,4.5,4 tutors minus 3 discards,3.06,12.580818501138348,,8.554956580774077,864.596675716529,309.25531914893617,Item,0
Air Balloon,1982,3143,2137.2400000000002,1.4056737588652481,1.5857719475277496,1.07832492431887,2.0,"-2 retreat, reusable",2.15664984863774,-0.5602292100544134,,-0.6041091205331456,-84.9180338224606,303.154609929078,Tool,1
Team Rocket's Petrel,1704,4866,2376.2083447480304,1.2085106382978723,2.8556338028169015,1.3944884652277174,1.75,tutor any Trainer,2.4403548141485056,2.3919262299809216,-1.8052594249011782,3.3355135373840157,403.1003594115151,294.9194754119896,Supporter,1
Crushing Hammer,1546,5917,4023.5600000000004,1.0964539007092198,3.8272962483829236,2.6025614489003885,1.0,50%: remove an Energy,2.6025614489003885,0.2149390035851362,,0.5593919645957379,61.33475016063906,285.358865248227,Item,1
Ciphermaniac's Codebreaking,1231,2439,1584.2225985753153,0.8730496453900709,1.9813160032493908,1.286939560174911,2.5,stack 2 chosen cards on top,3.2173489004372775,3.5878893449713827,-0.6092963099107171,4.61739673557372,403.12165826179074,280.89053166228996,Supporter,0
Risky Ruins,1660,2875,1955.0000000000002,1.177304964539007,1.7319277108433735,1.1777108433734942,1.8,2 damage counters on most opposing Basics benched,2.1198795180722896,0.30209592452020684,,0.35578164604638823,41.886349818227266,249.57446808510642,Stadium,1
Rosa's Encouragement,1783,1786,1062.7341558441558,1.2645390070921987,1.0016825574873809,0.5960371036703062,3.0,2 Energy from discard onto a Stage 2 (only when behind),1.7881113110109186,1.1733539980166905,-3.0238316568654096,0.6993625185578424,88.43711848146334,226.11365017960767,Supporter,1
Gwynn,503,1447,831.4830866437484,0.3567375886524823,2.8767395626242545,1.6530478859716669,3.5,"discard up to 2 non-Rule Box Pokémon, draw 3 each",5.785667600900834,4.635931330239116,0.4387456753570165,7.663416484961589,273.3828717684879,206.39651086901557,Supporter,1
Bug Catching Set,630,2052,1395.3600000000001,0.44680851063829785,3.257142857142857,2.214857142857143,2.0,~1.6 Grass Pokémon/Energy from top 7,4.429714285714286,3.827081967969475,,8.476439833056963,378.7345457323324,197.92340425531913,Item,0
Jumbo Ice Cream,722,2246,1527.2800000000002,0.5120567375886524,3.110803324099723,2.115346260387812,1.7,heal 80,3.59608864265928,0.22043511672289304,,0.4662965998179226,23.877031565144687,184.14014184397163,Item,1
Team Rocket's Watchtower,1622,2545,1730.6000000000001,1.150354609929078,1.5690505548705302,1.0669543773119605,1.5,"turns off Colorless Abilities (Meowth ex, Dudunsparce, Kangaskhan...)",1.600431565967941,0.6448170107554086,,0.6879903321906968,79.1432850222206,184.10638297872342,Stadium,1
Switch,2001,2434,1655.1200000000001,1.4191489361702128,1.2163918040979511,0.8271464267866068,1.5,free pivot,1.24071964017991,-0.336137526032648,,-0.2780349535667948,-39.45730085724514,176.07659574468087,Item,1
Wondrous Patch,699,1786,1214.48,0.4957446808510638,2.5550786838340485,1.7374535050071531,2.0,Energy from discard to a benched Psychic,3.4749070100143062,0.977794998347242,,1.698873347056879,84.22074252430912,172.26666666666668,Item,1
N's PP Up,562,1710,1162.8,0.39858156028368796,3.0427046263345194,2.0690391459074733,2.0,Energy from discard to a benched N's Pokémon,4.138078291814947,0.977794998347242,,2.023096128252977,80.63688114029597,164.93617021276597,Item,1
Pokégear 3.0,1160,2704,1838.72,0.8226950354609929,2.331034482758621,1.5851034482758621,1.2,~80% to find a Supporter in top 7,1.9021241379310345,1.9135409839847375,,3.0331604121313935,249.53660128173166,156.4868085106383,Item,1
Area Zero Underdepths,739,2126,1445.68,0.524113475177305,2.8768606224627877,1.9562652232746955,1.5,8 Bench spots with a Tera in play,2.934397834912043,,,,,153.79574468085107,Stadium,0
Battle Cage,859,2107,1432.76,0.6092198581560284,2.4528521536670547,1.6679394644935972,1.5,"blocks bench counters (Phantom Dive, Munkidori)",2.501909196740396,0.16532633754216977,,0.2757543229067743,16.79950094871767,152.4212765957447,Stadium,1
Lana's Aid,1057,1096,648.6481426326511,0.749645390070922,1.0368968779564807,0.6136690091131988,3.0,recover 3,1.8410070273395962,2.230248979269203,-1.9669366756128968,1.3686346811838548,102.59906794406628,138.01024311333,Supporter,0
Forest of Vitality,470,1422,966.96,0.3333333333333333,3.025531914893617,2.05736170212766,2.0,Grass evolutions the turn they're played,4.11472340425532,0.7494630017209218,,1.541916476902261,51.39721589674203,137.15744680851066,Stadium,1
Team Rocket's Factory,541,936,636.48,0.38368794326241135,1.7301293900184842,1.1764879852125694,3.0,draw 2 per TR Supporter,3.5294639556377083,1.757100180530485,,2.067207251208952,79.31624985135058,135.4212765957447,Stadium,1
Fighting Gong,468,1738,1181.8400000000001,0.33191489361702126,3.713675213675214,2.5252991452991456,1.5,tutor Fighting Basic or Energy,3.7879487179487183,2.3919262299809216,,6.040329264189429,200.48752451352146,125.72765957446809,Item,1
Energy Switch,889,2579,1753.72,0.6304964539007092,2.901012373453318,1.9726884139482566,1.0,move a basic Energy,1.9726884139482566,0.6844564988430694,,1.3502194051193113,85.13085469156508,124.37730496453901,Item,1
Glass Trumpet,455,618,420.24,0.32269503546099293,1.3582417582417583,0.9236043956043957,4.0,2 Energy from discard (needs Tera),3.6944175824175827,1.955589996694484,,1.806191516947011,58.28490356105603,119.21702127659577,Item,0
Team Rocket's Transceiver,476,1639,1114.52,0.3375886524822695,3.44327731092437,2.341428571428571,1.5,tutor a TR Supporter,3.512142857142857,2.3919262299809216,,5.600524415626757,189.06734906654867,118.56595744680851,Item,1
Wally's Compassion,555,996,534.3908043672014,0.39361702127659576,1.7945945945945947,0.9628663141751377,3.0,full heal of a Mega (returns Energy to hand),2.8885989425254133,0.5510877918072326,-3.6460978630748673,0.5306238708843456,20.886258747575308,113.70017114195777,Supporter,1
Prime Catcher,585,585,397.8,0.4148936170212766,1.0,0.68,3.5,gust + switch,2.3800000000000003,1.960120177457092,,1.3328817206708226,55.30041181506604,98.74468085106383,Item,0
Xerosic's Machinations,997,1191,554.422776150055,0.7070921985815602,1.1945837512537614,0.5560910492979488,2.5,opponent discards down to 3,1.390227623244872,1.0746950179256811,-3.1224906369564187,0.59762828019357,42.25782945765881,98.30191066490336,Supporter,0
Brock's Scouting,393,886,526.1235103523068,0.27872340425531916,2.2544529262086512,1.3387366675631216,2.5,2 Basics or 1 Evolution,3.346841668907804,4.066274590967566,-0.13091106391453344,5.443670895308515,151.72784835859906,93.2843103461537,Supporter,1
Hero's Cape,901,901,612.6800000000001,0.6390070921985815,1.0,0.68,2.1,+100 HP,1.4280000000000002,0.2755438959036163,,0.1873698492144591,11.973066251221818,91.25021276595746,Tool,0
Team Rocket's Ariana,241,919,344.9412181020734,0.17092198581560283,3.8132780082987554,1.4312913614193916,3.5,draw to 5 (8 if all TR),5.00951976496787,2.049950210618899,-2.1472354442632007,2.934076027798693,50.149810120530844,85.62370662108204,Supporter,1
Team Rocket's Proton,242,819,296.8410700883224,0.17163120567375886,3.384297520661157,1.2266159921005058,3.5,"3 Basic TR Pokémon, usable going first T1",4.29315597235177,7.175778689942765,2.9785930350606655,8.801924896857813,151.0684982297582,73.68395356802328,Supporter,1
Enhanced Hammer,458,761,517.48,0.324822695035461,1.6615720524017468,1.1298689956331878,2.0,remove a Special Energy,2.2597379912663755,0.4298780071702724,,0.485705832206272,15.77682774116827,73.40141843971631,Item,0
Team Rocket's Archer,211,674,229.42615428946698,0.14964539007092198,3.1943127962085307,1.0873277454477108,4.5,"you draw 5 / opponent 3, after a TR KO",4.892974854514699,5.796998702701127,1.5998130478190271,6.303237529771321,94.32504388523041,73.22111307110649,Supporter,1
Binding Mochi,656,1247,847.96,0.4652482269503546,1.9009146341463414,1.2926219512195123,1.2,+40 while Poisoned,1.5511463414634148,0.45314388678031015,,0.5857437351131582,27.251623420867503,72.1668085106383,Tool,0
Sacred Ash,956,972,660.96,0.6780141843971631,1.0167364016736402,0.6913807531380753,1.5,5 Pokémon back to deck,1.0370711297071131,1.1151244896346015,,0.7709756094862827,52.27323990559477,70.31489361702128,Item,1
Academy at Night,447,1761,1197.48,0.3170212765957447,3.9395973154362416,2.6789261744966444,0.8,put a card on top each turn,2.1431409395973158,1.2353647194194737,,3.309450881902531,104.91663434116536,67.94212765957448,Stadium,0
Team Rocket's Giovanni,242,875,323.45288731521316,0.17163120567375886,3.615702479338843,1.3365821789884842,2.8,pivot + gust for Team Rocket's decks,3.7424301011677557,2.0161430984625333,-2.1810425564195666,2.6947409356956467,46.25016357718769,64.23177904131893,Supporter,1
Festival Grounds,471,1320,897.6,0.33404255319148934,2.8025477707006368,1.9057324840764331,1.0,enables Festival Lead double attacks,1.9057324840764331,,,,,63.6595744680851,Stadium,0
N's Castle,372,639,434.52000000000004,0.26382978723404255,1.717741935483871,1.1680645161290324,2.0,N's Pokémon retreat for free,2.336129032258065,-0.5602292100544134,,-0.6543838611635584,-17.264595486017285,61.63404255319149,Stadium,1
Gravity Mountain,601,907,616.76,0.42624113475177305,1.5091514143094842,1.0262229617304492,1.3,-30 HP on Stage 2s,1.3340898502495842,0.45314388678031015,,0.4650266615817372,19.82134919224284,56.86439716312057,Stadium,0
Gladion's Final Battle,288,632,417.11636363636364,0.20425531914893616,2.1944444444444446,1.4483207070707071,1.7,+80 for non-Rule Box when it's the last card,2.462145202020202,0.6041918490404137,-3.592993805841686,0.8750635660085699,17.87363879506866,50.29062540296583,Supporter,1
Kieran,706,755,467.4684577922078,0.500709219858156,1.0694050991501416,0.6621366257679997,1.5,switch or +30 vs ex,0.9932049386519995,-0.11080571232668784,-4.307991367208787,-0.07336852047581274,-3.6736294649591343,49.730686999171034,Supporter,0
Jamming Tower,914,1030,700.4000000000001,0.64822695035461,1.12691466083151,0.7663019693654268,1.0,turns off all Tools,0.7663019693654268,0.4298780071702724,,0.3294163634814648,21.353656469649565,49.67375886524824,Stadium,0
Eri,706,1124,481.10866725370545,0.500709219858156,1.5920679886685551,0.6814570357701211,1.4,discard up to 2 opposing Items,0.9540398500781694,0.5158536086043268,-3.681332046277773,0.3515320710108248,17.6015349030952,47.76965490462322,Supporter,0
Brave Bangle,653,1063,722.84,0.4631205673758865,1.6278713629402757,1.1069525267993874,0.9,"+30 vs ex, persistent",0.9962572741194486,0.33985791508523266,,0.3762065778563699,17.422900378738266,46.138723404255316,Tool,1
Premium Power Pro,392,1356,922.08,0.27801418439716313,3.4591836734693877,2.3522448979591837,0.65,+30 damage this turn,1.5289591836734695,0.22657194339015507,,0.5329526978601893,14.816840961786824,42.5072340425532,Item,1
Precious Trolley,194,194,131.92000000000002,0.1375886524822695,1.0,0.68,4.5,any number of Basics to the Bench (ACE SPEC),3.06,9.567704919923687,,6.506039345548107,89.51571865505906,42.10212765957447,Item,0
Janine's Secret Art,269,316,155.60435606060605,0.19078014184397163,1.174721189591078,0.5784548552438886,3.7,2 Darkness Energy from deck attached (Active gets Poisoned),2.140282964402388,1.955589996694484,-2.2415956581876157,1.1312205284543044,21.581441287532474,40.83234875349237,Supporter,0
Tool Scrapper,556,557,378.76000000000005,0.3943262411347518,1.0017985611510791,0.6812230215827338,1.5,remove 2 tools,1.0218345323741007,0.4298780071702724,,0.2928427949564971,11.547559857859035,40.293617021276596,Item,1
Lucky Helmet,465,582,395.76000000000005,0.32978723404255317,1.2516129032258065,0.8510967741935485,1.4,draw 2 when hit,1.1915354838709677,0.8785500902652424,,0.7477311477921986,24.65921870378527,39.29531914893617,Tool,0
Handheld Fan,561,784,533.12,0.39787234042553193,1.3975044563279857,0.9503030303030303,1.0,moves an Energy off the attacker,0.9503030303030303,0.2579268043021634,,0.24510862372472256,9.752194177983643,37.809929078014186,Tool,0
Transformation Tome,155,597,405.96000000000004,0.1099290780141844,3.8516129032258064,2.6190967741935487,1.0,pair: swap a Basic in play with one in discard,2.6190967741935487,,,,,28.791489361702133,Item,1
Ethan's Adventure,49,194,112.14502164502164,0.03475177304964539,3.9591836734693877,2.2886739111228906,3.6,3 Ethan's Pokémon / Fire Energy,8.239226080042407,7.175778689942765,2.9785930350606655,16.423017479663603,57.072897624362874,28.632771483835317,Supporter,1
Surfer,242,245,154.8223089810087,0.17163120567375886,1.012396694214876,0.63976160735954,2.6,pivot + draw to 5,1.6633801791348042,0.8352625943210086,-3.3619230605610912,0.5343689399101078,9.17143854313802,28.54879456387394,Supporter,0
Prism Tower,509,963,654.84,0.36099290780141846,1.8919449901768173,1.2865225933202358,0.6,"discard 2, draw 1 each turn",0.7719135559921414,1.2353647194194737,,1.5893246225238666,57.37349169252823,27.865531914893616,Stadium,1
Nighttime Mine,263,557,378.76000000000005,0.18652482269503545,2.11787072243346,1.440152091254753,1.0,Tera attacks cost 1 more,1.440152091254753,0.2149390035851362,,0.30954485550534677,5.7737799289295175,26.862411347517735,Stadium,1
Energy Recycler,452,528,359.04,0.32056737588652484,1.168141592920354,0.7943362831858407,1.0,5 basic Energy back to deck,0.7943362831858407,0.5947330611384543,,0.4724180492724571,15.144181437670257,25.463829787234044,Item,1
Cynthia's Power Weight,106,346,235.28,0.075177304964539,3.2641509433962264,2.219622641509434,1.4,+70 HP on a Cynthia's Pokémon,3.107471698113207,,,,,23.361134751773047,Tool,1
Black Belt's Training,672,728,385.5745120320856,0.4765957446808511,1.0833333333333333,0.5737715952858417,0.85,+40 vs ex this turn,0.4877058559929654,0.30209592452020684,-3.895089730361893,0.1733340605413103,8.26102756622415,23.243853562217925,Supporter,0
Miracle Headset,150,150,102.00000000000001,0.10638297872340426,1.0,0.68,3.0,2 Supporters back (ACE SPEC),2.04,1.4868326528461355,,1.0110462039353723,10.755810680163535,21.70212765957447,Item,0
Briar,244,244,152.08712121212122,0.17304964539007092,1.0,0.623307873820169,2.0,+1 Prize on a Tera KO at 2 Prizes left,1.246615747640338,1.14812885174487,-3.04905680313723,0.7156377534526869,12.384085946273448,21.572641306683863,Supporter,0
Energy Retrieval,118,159,108.12,0.08368794326241134,1.347457627118644,0.916271186440678,2.0,2 basic Energy back to hand,1.832542372881356,1.4868326528461355,,1.3623419188620693,11.401159320973346,15.336170212765957,Item,1
Lumiose City,318,375,255.00000000000003,0.225531914893617,1.179245283018868,0.8018867924528302,0.8,"Basic to Bench, ends your turn",0.6415094339622642,1.9135409839847375,,1.5344432418745537,34.606592263553765,14.468085106382981,Stadium,1
Hop's Bag,45,100,68.0,0.031914893617021274,2.2222222222222223,1.511111111111111,3.0,2 Basic Hop's Pokémon to the Bench,4.533333333333333,4.783852459961843,,7.228932606164563,23.07106150903584,14.468085106382977,Item,1
Ruffian,164,165,80.0736958874459,0.11631205673758865,1.0060975609756098,0.4882542432161335,2.2,remove a Tool and a Special Energy,1.0741593350754937,0.6448170107554086,-3.552368644126691,0.31483464159927144,3.6619064696652845,12.493768152651132,Supporter,1
Hop's Choice Band,45,179,121.72000000000001,0.031914893617021274,3.977777777777778,2.704888888888889,1.3,-1 cost and +30 for Hop's Pokémon,3.516355555555556,,,,,11.222411347517731,Tool,1
Tarragon,54,73,41.426539343009935,0.03829787234042553,1.3518518518518519,0.7671581359816655,3.2,recover 4 Fighting Pokémon / Energy,2.4549060351413297,2.973665305692271,-1.2235203491898288,2.281271532948232,8.736784594269825,9.401767794158284,Supporter,1
Canari,22,57,32.97200757575757,0.015602836879432624,2.590909090909091,1.4987276170798898,4.0,4 Lightning Pokémon (discard 1),5.994910468319559,,,,,9.353761014399312,Supporter,1
Mega Signal,89,129,87.72,0.06312056737588652,1.449438202247191,0.9856179775280899,1.5,tutor a Mega Evolution ex,1.4784269662921348,2.3919262299809216,,2.3575254931901846,14.880834673328113,9.33191489361702,Item,1
Pokémon Center Lady,270,277,89.72713011093765,0.19148936170212766,1.025925925925926,0.33232270411458387,1.3,heal 60,0.43201951534895905,0.16532633754216977,-4.03185931733993,0.0549416955533743,1.052075021234827,8.272714123703471,Supporter,1
Pokémon Catcher,69,160,108.80000000000001,0.04893617021276596,2.318840579710145,1.5768115942028986,1.0,50%: gust,1.5768115942028986,1.14812885174487,,1.810382885070172,8.859320501407225,7.71631205673759,Item,1
AZ's Tranquility,78,83,44.70094021819254,0.05531914893617021,1.064102564102564,0.5730889771563147,2.4,pivot + heal 80 on an ex,1.3754135451751552,-0.17081118849047824,-4.367996843372578,-0.09789000929886264,-0.5415192003766869,7.608670675437028,Supporter,1
Bianca's Devotion,158,159,50.36599509022109,0.11205673758865248,1.0063291139240507,0.3187721208241841,2.0,full heal of a Pokémon at 30 HP or less,0.6375442416483682,0.33065267508433954,-3.86653297979776,0.10540285449282477,1.1811100006997386,7.1441127787547645,Supporter,0
Maximum Belt,138,138,93.84,0.09787234042553192,1.0,0.68,1.0,+50 vs ex,0.68,0.5664298584753877,,0.38517230376326367,3.769771483640453,6.655319148936171,Tool,0
Misty's Vitality,10,27,14.588636363636365,0.0070921985815602835,2.7,1.4588636363636365,5.0,"up to 4 Water Energy attached, ends turn",7.294318181818182,2.933384995041726,-1.2638006598403737,4.2794087007211,3.035041631717092,5.1732753062540295,Supporter,1
Harlequin,14,19,9.956576266870385,0.009929078014184398,1.3571428571428572,0.7111840190621704,2.5,coin-flip hand reset,1.777960047655426,,,,,1.7653504019273736,Supporter,1
Iron Defender,20,24,16.32,0.014184397163120567,1.2,0.8160000000000001,0.9,-30 damage to Metal Pokémon for a turn,0.7344,0.08266316877108489,,0.06745314571720527,0.09567822087546847,1.0417021276595744,Item,1
Super Potion,12,12,8.16,0.00851063829787234,1.0,0.68,1.2,"heal 60, discard an Energy",0.8160000000000001,0.16532633754216977,,0.11242190952867545,0.09567822087546847,0.694468085106383,Item,1
Energy Swatter,5,11,7.48,0.0035460992907801418,2.2,1.496,1.0,an opposing Energy from hand to deck bottom,1.496,,,,,0.5304964539007092,Item,1
Poké Ball,3,8,5.44,0.002127659574468085,2.6666666666666665,1.8133333333333335,0.8,50%: tutor a Pokémon,1.4506666666666668,1.1959631149904608,,2.1686797818493693,0.4614212301807169,0.30865248226950354,Item,1
Firebreather,2,2,1.1916666666666667,0.0014184397163120568,1.0,0.5958333333333333,3.5,up to 7 Fire Energy to hand,2.0854166666666667,9.567704919923687,5.370519265041587,5.700757514787863,0.8086180872039522,0.2958037825059102,Supporter,1
Emma,2,3,1.7933333333333334,0.0014184397163120568,1.5,0.8966666666666667,1.5,draw per Pokémon in opponent's hand,1.3450000000000002,,,,,0.19078014184397166,Supporter,1
Adversity Policy,1,1,0.68,0.0007092198581560284,1.0,0.68,0.8,draw 3 when hit by your Weakness type,0.544,,,,,0.03858156028368795,Tool,1
Accompanying Flute,6,10,6.800000000000001,0.00425531914893617,1.6666666666666667,1.1333333333333335,,,,,,,,,Item,0
Acerola's Mischief,13,13,6.204424497071556,0.009219858156028368,1.0,0.4772634228516581,,,,,,,,,Supporter,1
Amulet of Hope,3,3,2.04,0.002127659574468085,1.0,0.68,,,,,,,,,Tool,0
Antique Armor Fossil,12,31,21.080000000000002,0.00851063829787234,2.5833333333333335,1.7566666666666668,,,,,,,,,Item,1
Antique Cover Fossil,2,8,5.44,0.0014184397163120568,4.0,2.72,,,,,,,,,Item,0
Antique Jaw Fossil,2,8,5.44,0.0014184397163120568,4.0,2.72,,,,,,,,,Item,1
Antique Plume Fossil,2,7,4.76,0.0014184397163120568,3.5,2.38,,,,,,,,,Item,1
Antique Root Fossil,2,6,4.08,0.0014184397163120568,3.0,2.04,,,,,,,,,Item,0
Antique Sail Fossil,3,6,4.08,0.002127659574468085,2.0,1.36,,,,,,,,,Item,1
Babiri Berry,2,2,1.36,0.0014184397163120568,1.0,0.68,,,,,,,,,Tool,0
Backtrack Badge,17,27,18.36,0.012056737588652482,1.588235294117647,1.08,,,,,,,,,Tool,1
Billy & O'Nare,1,1,0.5909090909090909,0.0007092198581560284,1.0,0.5909090909090909,,,,,,,,,Supporter,0
Blowtorch,14,16,10.88,0.009929078014184398,1.1428571428571428,0.7771428571428572,,,,,,,,,Item,1
Boxed Order,3,3,2.04,0.002127659574468085,1.0,0.68,,,,,,,,,Item,0
Brilliant Blender,86,86,58.480000000000004,0.06099290780141844,1.0,0.68,,,,,,,,,Item,0
Call Bell,1,3,2.04,0.0007092198581560284,3.0,2.04,,,,,,,,,Item,0
Carmine,65,163,95.74489110476726,0.04609929078014184,2.5076923076923077,1.472998324688727,,,,,,,,,Supporter,0
Clemont's Quick Wit,3,3,1.6085714285714285,0.002127659574468085,1.0,0.5361904761904762,,,,,,,,,Supporter,0
Colress's Tenacity,119,184,95.76852998137053,0.08439716312056737,1.546218487394958,0.80477756286866,,,,,,,,,Supporter,0
Community Center,30,30,20.400000000000002,0.02127659574468085,1.0,0.68,,,,,,,,,Stadium,0
Cook,1,2,0.5652173913043479,0.0007092198581560284,2.0,0.5652173913043479,,,,,,,,,Supporter,0
Core Memory,8,12,8.16,0.005673758865248227,1.5,1.02,,,,,,,,,Tool,1
Counter Gain,18,22,14.96,0.01276595744680851,1.2222222222222223,0.8311111111111111,,,,,,,,,Tool,0
Dangerous Laser,3,3,2.04,0.002127659574468085,1.0,0.68,,,,,,,,,Item,0
Dark Bell,63,99,67.32000000000001,0.04468085106382979,1.5714285714285714,1.0685714285714287,,,,,,,,,Item,1
Deduction Kit,2,3,2.04,0.0014184397163120568,1.5,1.02,,,,,,,,,Item,0
Deluxe Bomb,4,4,2.72,0.0028368794326241137,1.0,0.68,,,,,,,,,Tool,0
Drayton,4,10,5.687012987012987,0.0028368794326241137,2.5,1.4217532467532468,,,,,,,,,Supporter,0
Dusk Ball,48,140,95.2,0.03404255319148936,2.9166666666666665,1.9833333333333334,,,,,,,,,Item,0
Energy Search,118,141,95.88000000000001,0.08368794326241134,1.194915254237288,0.812542372881356,,,,,,,,,Item,1
Explorer's Guidance,138,384,210.581474407945,0.09787234042553192,2.782608695652174,1.5259527131010506,,,,,,,,,Supporter,0
Fennel,4,4,2.1500000000000004,0.0028368794326241137,1.0,0.5375000000000001,,,,,,,,,Supporter,1
Fossil Quarry,17,44,29.92,0.012056737588652482,2.588235294117647,1.76,,,,,,,,,Stadium,1
Full Metal Lab,21,31,21.080000000000002,0.014893617021276596,1.4761904761904763,1.003809523809524,,,,,,,,,Stadium,0
Grand Tree,44,44,29.92,0.031205673758865248,1.0,0.68,,,,,,,,,Stadium,0
Gravity Gemstone,17,21,14.280000000000001,0.012056737588652482,1.2352941176470589,0.8400000000000001,,,,,,,,,Tool,0
Great Haul Net,26,32,21.76,0.018439716312056736,1.2307692307692308,0.836923076923077,,,,,,,,,Item,1
Grimsley's Move,5,10,4.43933014354067,0.0035460992907801418,2.0,0.887866028708134,,,,,,,,,Supporter,1
Haban Berry,7,8,5.44,0.004964539007092199,1.1428571428571428,0.7771428571428572,,,,,,,,,Tool,0
Hand Trimmer,62,63,42.84,0.04397163120567376,1.0161290322580645,0.6909677419354839,,,,,,,,,Item,0
Hassel,60,102,51.926601731601735,0.0425531914893617,1.7,0.8654433621933623,,,,,,,,,Supporter,0
Heavy Baton,8,11,7.48,0.005673758865248227,1.375,0.935,,,,,,,,,Tool,0
Hyper Aroma,3,3,2.04,0.002127659574468085,1.0,0.68,,,,,,,,,Item,0
Iris's Fighting Spirit,8,10,4.948349567099567,0.005673758865248227,1.25,0.6185436958874458,,,,,,,,,Supporter,1
Jacinthe,9,17,7.2607954545454545,0.006382978723404255,1.8888888888888888,0.8067550505050505,,,,,,,,,Supporter,1
Kofu,7,14,7.726341991341991,0.004964539007092199,2.0,1.1037631416202844,,,,,,,,,Supporter,0
Lacey,6,9,4.45963458110517,0.00425531914893617,1.5,0.743272430184195,,,,,,,,,Supporter,0
Larry's Skill,35,68,36.22307168321874,0.024822695035460994,1.9428571428571428,1.0349449052348212,,,,,,,,,Supporter,0
Levincia,10,20,13.600000000000001,0.0070921985815602835,2.0,1.36,,,,,,,,,Stadium,1
Light Ball,10,12,8.16,0.0070921985815602835,1.2,0.8160000000000001,,,,,,,,,Tool,1
Lillie's Pearl,138,171,116.28,0.09787234042553192,1.2391304347826086,0.8426086956521739,,,,,,,,,Tool,1
Lisia's Appeal,20,22,9.065082023239917,0.014184397163120567,1.1,0.4532541011619958,,,,,,,,,Supporter,0
Lively Stadium,18,28,19.04,0.01276595744680851,1.5555555555555556,1.0577777777777777,,,,,,,,,Stadium,0
Love Ball,1,2,1.36,0.0007092198581560284,2.0,1.36,,,,,,,,,Item,0
Lucian,17,23,12.152374586198116,0.012056737588652482,1.3529411764705883,0.7148455638940068,,,,,,,,,Supporter,0
Lumiose Galette,4,4,2.72,0.0028368794326241137,1.0,0.68,,,,,,,,,Item,1
Max Rod,69,69,46.92,0.04893617021276596,1.0,0.68,,,,,,,,,Item,0
Megaton Blower,4,4,2.72,0.0028368794326241137,1.0,0.68,,,,,,,,,Item,0
Morty's Conviction,35,45,24.646418318523583,0.024822695035460994,1.2857142857142858,0.7041833805292452,,,,,,,,,Supporter,0
Mystery Garden,19,56,38.08,0.01347517730496454,2.9473684210526314,2.004210526315789,,,,,,,,,Stadium,1
N's Plan,64,79,48.815941843244474,0.04539007092198582,1.234375,0.7627490913006949,,,,,,,,,Supporter,1
Naveen,17,32,17.57814935064935,0.012056737588652482,1.8823529411764706,1.0340087853323148,,,,,,,,,Supporter,1
Neutralization Zone,10,10,6.800000000000001,0.0070921985815602835,1.0,0.68,,,,,,,,,Stadium,0
Ogre's Mask,1,1,0.68,0.0007092198581560284,1.0,0.68,,,,,,,,,Item,0
Paradise Resort,1,1,0.68,0.0007092198581560284,1.0,0.68,,,,,,,,,Stadium,1
Payapa Berry,6,6,4.08,0.00425531914893617,1.0,0.68,,,,,,,,,Tool,0
Perilous Jungle,2,3,2.04,0.0014184397163120568,1.5,1.02,,,,,,,,,Stadium,0
Perrin,3,4,2.132575757575758,0.002127659574468085,1.3333333333333333,0.710858585858586,,,,,,,,,Supporter,0
Philippe,35,41,23.051437484084545,0.024822695035460994,1.1714285714285715,0.6586124995452727,,,,,,,,,Supporter,1
Poké Vital A,1,1,0.68,0.0007092198581560284,1.0,0.68,,,,,,,,,Item,0
Postwick,46,176,119.68,0.032624113475177303,3.8260869565217392,2.6017391304347828,,,,,,,,,Stadium,1
Potion,1,1,0.68,0.0007092198581560284,1.0,0.68,,,,,,,,,Item,1
Powerglass,84,105,71.4,0.059574468085106386,1.25,0.8500000000000001,,,,,,,,,Tool,0
Punk Helmet,69,107,72.76,0.04893617021276596,1.5507246376811594,1.0544927536231885,,,,,,,,,Tool,1
Reboot Pod,1,1,0.68,0.0007092198581560284,1.0,0.68,,,,,,,,,Item,0
Redeemable Ticket,71,73,49.64,0.05035460992907802,1.028169014084507,0.6991549295774648,,,,,,,,,Item,1
Repel,5,5,3.4000000000000004,0.0035460992907801418,1.0,0.68,,,,,,,,,Item,1
Rescue Board,2,2,1.36,0.0014184397163120568,1.0,0.68,,,,,,,,,Tool,0
Roto-Stick,148,535,363.8,0.1049645390070922,3.614864864864865,2.458108108108108,,,,,,,,,Item,0
Rust Syndicate Grunt,47,61,30.090334542908074,0.03333333333333333,1.297872340425532,0.6402198838916612,,,,,,,,,Supporter,1
Sacred Charm,12,15,10.200000000000001,0.00851063829787234,1.25,0.8500000000000001,,,,,,,,,Tool,1
Salvatore,112,138,73.2284207622443,0.07943262411347518,1.2321428571428572,0.6538251853771813,,,,,,,,,Supporter,0
Scoop Up Cyclone,39,39,26.520000000000003,0.027659574468085105,1.0,0.68,,,,,,,,,Item,0
Scramble Switch,7,7,4.760000000000001,0.004964539007092199,1.0,0.68,,,,,,,,,Item,0
Sparkling Crystal,42,42,28.560000000000002,0.029787234042553193,1.0,0.68,,,,,,,,,Tool,0
Spikemuth Gym,102,361,245.48000000000002,0.07234042553191489,3.5392156862745097,2.4066666666666667,,,,,,,,,Stadium,1
Strange Timepiece,99,248,168.64000000000001,0.07021276595744681,2.505050505050505,1.7034343434343435,,,,,,,,,Item,1
Surfing Beach,92,171,116.28,0.06524822695035461,1.858695652173913,1.2639130434782608,,,,,,,,,Stadium,1
Survival Brace,6,6,4.08,0.00425531914893617,1.0,0.68,,,,,,,,,Tool,0
Team Rocket's Hypnotizer,1,1,0.68,0.0007092198581560284,1.0,0.68,,,,,,,,,Tool,1
Team Rocket's Venture Bomb,1,4,2.72,0.0007092198581560284,4.0,2.72,,,,,,,,,Item,1
Technical Machine: Fluorite,2,3,2.04,0.0014184397163120568,1.5,1.02,,,,,,,,,Tool,0
Tera Orb,62,104,70.72,0.04397163120567376,1.6774193548387097,1.1406451612903226,,,,,,,,,Item,0
Thick Scale,1,1,0.68,0.0007092198581560284,1.0,0.68,,,,,,,,,Tool,1
Treasure Tracker,1,1,0.68,0.0007092198581560284,1.0,0.68,,,,,,,,,Item,0
Tremendous Bomb,1,1,0.68,0.0007092198581560284,1.0,0.68,,,,,,,,,Tool,1
Waitress,2,2,1.0242424242424244,0.0014184397163120568,1.0,0.5121212121212122,,,,,,,,,Supporter,1
