deck_id,name,players,day2,topcut,events,share,day2_rate,day2_share,topcut_rate,topcut_share,day2_lift,topcut_lift,W,L,T,wr_all,wr_nonmirror,games_nonmirror,day2_rate_lo,day2_rate_hi,day2_lift_shrunk,wr_nonmirror_se,rank
dragapult-ex,Dragapult,1019,323,5,2,0.17614520311149526,0.3169774288518155,0.3050047214353163,0.004906771344455349,0.2631578947368421,1.7315528101111923,1.4939827488249575,4472,3316,1411,0.5372685436822843,0.5564352702766389,7073,0.28914087330032434,0.34618878087095695,1.7106313760756005,0.005907231610993793,1
dragapult-dusknoir,Dragapult Dusknoir,575,97,1,2,0.09939498703543648,0.16869565217391305,0.09159584513692162,0.0017391304347826088,0.05263157894736842,0.9215338506384202,0.5295194508009153,1974,1985,531,0.47906458797327395,0.478486646884273,4044,0.14030767858642818,0.20148116312778175,0.9254247340778373,0.00785528694866867,2
ogerpon-meganium-hydrapple,Ogerpon Meganium Hydrapple,346,54,0,2,0.05980985306828004,0.15606936416184972,0.05099150141643059,0.0,0.0,0.8525602187689335,0.0,1108,1163,376,0.46593628006548293,0.46480372588157015,2505,0.1216284451871229,0.19806366690017607,0.8643240311011994,0.009965233422301267,3
alakazam-dudunsparce,Alakazam Dudunsparce,337,61,1,2,0.05825410544511668,0.18100890207715134,0.05760151085930123,0.002967359050445104,0.05263157894736842,0.9887974490239098,0.9034827424644698,1118,1092,438,0.4773413897280967,0.4773151854817187,2498,0.14357032640134548,0.22563812702687452,0.9897131888857155,0.009993700962268537,4
n-zoroark,N's Zoroark,285,72,1,2,0.049265341400172864,0.25263157894736843,0.0679886685552408,0.0035087719298245615,0.05263157894736842,1.3800506933055017,1.0683287165281625,1044,947,338,0.4966366108487191,0.4972259709101814,2223,0.20570220173823833,0.3061409676667228,1.3438553891811682,0.010604582836263672,5
dragapult-blaziken,Dragapult Blaziken,270,44,3,2,0.046672428694900604,0.16296296296296298,0.04154863078375826,0.011111111111111112,0.15789473684210525,0.8902178854964502,3.383040935672515,909,871,339,0.4823029731005191,0.4829461196243203,2023,0.12369185416418679,0.21169035219160434,0.901196096946805,0.011110134075320273,6
raging-bolt-ogerpon,Raging Bolt Ogerpon,260,40,1,2,0.0449438202247191,0.15384615384615385,0.03777148253068933,0.0038461538461538464,0.05263157894736842,0.8404154863078376,1.1710526315789473,788,917,216,0.44768349817803227,0.4454132606721163,1835,0.11505908251830849,0.20271339915251224,0.8569242291035783,0.011602411848523213,7
slowking-scr,Slowking,250,56,2,2,0.043215211754537596,0.224,0.05288007554296506,0.008,0.10526315789473684,1.2236449480642115,2.4357894736842107,947,874,265,0.4963247043783956,0.4978114478114478,1980,0.17671751406074326,0.2796363696210489,1.1996829893430458,0.01123655673200535,8
mega-greninja-ex,Mega Greninja,186,14,0,2,0.032152117545375974,0.07526881720430108,0.013220018885741265,0.0,0.0,0.4111710174946947,0.0,449,686,148,0.3884125746947259,0.3854251012145749,1235,0.04536226942769034,0.1223649305116275,0.49295282062043155,0.01384917579120856,9
basic-box-m,Basic Box,177,42,0,2,0.03059636992221262,0.23728813559322035,0.039660056657223795,0.0,0.0,1.2962340551527665,0.0,683,611,190,0.5029200359389039,0.5037140204271123,1436,0.18061347578066156,0.30512431906300275,1.2533015833914958,0.013194131335851815,10
rockets-honchkrow,Rocket's Honchkrow,173,28,0,2,0.02990492653414002,0.16184971098265896,0.02644003777148253,0.0,0.0,0.8841365231677828,0.0,527,540,245,0.4639227642276422,0.4645110410094637,1268,0.11441561346871812,0.22397535336261568,0.9012592044730365,0.014005984913560013,11
crustle-dri,Crustle,155,46,1,2,0.02679343128781331,0.2967741935483871,0.04343720491029273,0.0064516129032258064,0.05263157894736842,1.621188583264796,1.964346349745331,650,488,223,0.5322067107518982,0.535067584799796,1307,0.23047427118231806,0.3729041888684494,1.5204552994921265,0.013796262217829076,12
beedrill-ex-cri,Beedrill,143,14,0,2,0.024719101123595506,0.0979020979020979,0.013220018885741265,0.0,0.0,0.5348098549231693,0.0,398,468,141,0.44190665342601787,0.44046400545888775,977,0.05921616223092841,0.15762702117213995,0.6154786662081689,0.01588261266964352,13
festival-lead,Festival Lead,131,29,0,2,0.0226447709593777,0.22137404580152673,0.027384324834749764,0.0,0.0,1.2093001463284532,0.0,519,455,127,0.5098395398122919,0.5101721439749609,1065,0.15878744351340543,0.2998366012917585,1.1703001190622817,0.015318114333961356,14
rocket-mewtwo-ex,Rocket's Mewtwo,130,11,1,2,0.02247191011235955,0.08461538461538462,0.010387157695939566,0.007692307692307693,0.05263157894736842,0.46222851746931065,2.3421052631578947,355,452,145,0.42366946778711484,0.4218637992831541,930,0.047903387035414836,0.1451726072742766,0.5630606704438149,0.016194208912399106,15
lucario-hariyama,Lucario Hariyama,121,10,0,2,0.020916162489196196,0.08264462809917356,0.009442870632672332,0.0,0.0,0.4514628645455326,0.0,337,447,80,0.4209104938271605,0.41982622432859396,844,0.04550855800110743,0.14546624526959717,0.5604437523841685,0.016988013815105545,16
lopunny-dudunsparce,Lopunny Dudunsparce,105,7,0,2,0.018150388936905792,0.06666666666666667,0.0066100094428706326,0.0,0.0,0.3641800440667296,0.0,244,345,123,0.4002808988764045,0.39904761904761904,700,0.032665468928650555,0.13125714889394666,0.5054733676074563,0.018509017755062196,17
cynthia-garchomp-ex,Cynthia's Garchomp,103,8,0,2,0.01780466724286949,0.07766990291262135,0.007554296506137866,0.0,0.0,0.4242874299806558,0.0,261,342,105,0.4180790960451977,0.4178537511870845,702,0.039879879368479615,0.14583055551830604,0.5541474081805079,0.018614854597589825,18
mega-lucario-ex,Mega Lucario,86,10,0,2,0.014866032843560934,0.11627906976744186,0.009442870632672332,0.0,0.0,0.6351977512791795,0.0,274,302,76,0.4591002044989775,0.45846313603322947,642,0.06439976494342571,0.200973959478223,0.7295431604311159,0.019665215464640246,19
other,Other,66,2,0,2,0.011408815903197925,0.030303030303030304,0.0018885741265344666,0.0,0.0,0.16553638366669526,0.0,116,224,47,0.34022394487510765,0.33858267716535434,381,0.008349735075946503,0.10392718870586834,0.42630626377085296,0.024244189058833486,20
dragapult-dudunsparce,Dragapult Dudunsparce,65,10,0,2,0.011235955056179775,0.15384615384615385,0.009442870632672332,0.0,0.0,0.8404154863078376,0.0,199,225,82,0.44729907773386035,0.44729907773386035,506,0.08577002061798975,0.26055545700019456,0.8908105958948364,0.022103896460125696,21
hops-trevenant,Hop's Trevenant,63,8,1,2,0.010890233362143474,0.12698412698412698,0.007554296506137866,0.015873015873015872,0.05263157894736842,0.6936762744128182,4.832915622389306,190,206,69,0.45806451612903226,0.4586033117350612,463,0.06577246340780174,0.2310726151061776,0.7924903794409414,0.023157191933186626,22
ethan-typhlosion,Ethan's Typhlosion,62,7,0,2,0.010717372515125324,0.11290322580645161,0.0066100094428706326,0.0,0.0,0.616756526242042,0.0,150,212,81,0.39954853273137697,0.39984882842025704,441,0.05577792691334926,0.21519969209955447,0.7417272242065936,0.023327003166175253,23
greninja-ex,Greninja,61,6,0,2,0.010544511668107173,0.09836065573770492,0.0056657223796034,0.0,0.0,0.5373148191148469,0.0,167,231,31,0.4133644133644134,0.4125490196078432,425,0.045863951367309724,0.1984483419752358,0.6898483952308314,0.02387971455285356,24
starmie-froslass,Starmie Froslass,56,7,0,2,0.009680207433016421,0.125,0.0066100094428706326,0.0,0.0,0.682837582625118,0.0,156,194,42,0.4336734693877551,0.4341880341880342,390,0.06188990138969254,0.23625720697639396,0.7934756351977513,0.02509820634902763,25
metagross-cri,Metagross,50,7,0,2,0.00864304235090752,0.14,0.0066100094428706326,0.0,0.0,0.7647780925401322,0.0,146,168,56,0.445045045045045,0.44505494505494503,364,0.06950745262022862,0.2618645719852809,0.8529863078375827,0.026048403851939753,26
starmie-dusknoir,Starmie Dusknoir,47,1,0,2,0.008124459809853069,0.02127659574468085,0.0009442870632672333,0.0,0.0,0.11622767363831796,0.0,106,172,21,0.3779264214046823,0.37542662116040953,293,0.003765671010464995,0.11113236524331144,0.4605545540389733,0.028289186376022988,27
lillie-clefairy,Lillie's Clefairy,44,9,2,2,0.0076058772687986175,0.20454545454545456,0.0084985835694051,0.045454545454545456,0.10526315789473684,1.117370589750193,13.839712918660288,174,150,18,0.5263157894736842,0.5266272189349113,338,0.11153127823467596,0.34500863681833227,1.0697879182298444,0.02715782228525498,28
ogerpon-meganium-arboliva,Ogerpon Meganium Arboliva,36,7,0,2,0.006222990492653414,0.19444444444444445,0.0066100094428706326,0.0,0.0,1.062191795194628,0.0,105,145,38,0.4085648148148148,0.4072769953051643,284,0.09752972019453349,0.350283620635152,1.033922797378888,0.029154907083431537,29
ceruledge-ex,Ceruledge,33,1,0,2,0.005704407951598963,0.030303030303030304,0.0009442870632672333,0.0,0.0,0.16553638366669526,0.0,86,114,26,0.41887905604719766,0.41741741741741745,222,0.005369272089651725,0.15319061673168066,0.5629000104920785,0.033096917268465274,30
grimmsnarl-froslass,Grimmsnarl Froslass,32,3,0,2,0.005531547104580812,0.09375,0.0028328611898017,0.0,0.0,0.5121281869688384,0.0,92,98,43,0.4563662374821173,0.4556040756914119,229,0.032400962626319516,0.24218499335778831,0.7481951932742393,0.0329104250684618,31
stevens-metagross,Steven's Metagross,26,2,0,2,0.0044943820224719105,0.07692307692307693,0.0018885741265344666,0.0,0.0,0.4202077431539188,0.0,73,91,29,0.4283246977547496,0.4283246977547496,193,0.02135463918337556,0.24141947480515052,0.730810737892891,0.0356190735310831,32
archaludon-dudunsparce,Archaludon Dudunsparce,23,2,0,2,0.003975799481417459,0.08695652173913043,0.0018885741265344666,0.0,0.0,0.47501744878269075,0.0,61,78,25,0.4227642276422764,0.4227642276422764,164,0.02417949540723341,0.2679640429809402,0.772177383433998,0.03857481134015686,33
okidogi-barbaracle,Okidogi Barbaracle,20,1,0,2,0.003457216940363008,0.05,0.0009442870632672333,0.0,0.0,0.2731350330500472,0.0,59,63,24,0.4589041095890411,0.4589041095890411,146,0.008881219432873136,0.23613589351256675,0.7092540132200189,0.04124028551375085,34
kangaskhan-bouffalant,Kangaskhan Bouffalant,20,3,0,2,0.003457216940363008,0.15,0.0028328611898017,0.0,0.0,0.8194050991501416,0.0,56,71,14,0.4302600472813239,0.4302600472813239,141,0.05236779195949584,0.36042329588695743,0.9277620396600568,0.04169599016341714,35
diancie-dusknoir,Diancie Dusknoir,19,3,0,2,0.0032843560933448574,0.15789473684210525,0.0028328611898017,0.0,0.0,0.8625316833159384,0.0,58,67,11,0.4534313725490196,0.4534313725490196,136,0.055203710399278266,0.3756592764317668,0.9466959588367926,0.042688282155208986,36
mega-venusaur-ex,Mega Venusaur,19,0,0,2,0.0032843560933448574,0.0,0.0,0.0,0.0,0.0,0.0,30,69,12,0.3063063063063063,0.3063063063063063,111,0.0,0.16818436536845052,0.6122448979591837,0.04375224607086919,37
mega-starmie-ex,Mega Starmie,18,1,0,2,0.003111495246326707,0.05555555555555555,0.0009442870632672333,0.0,0.0,0.303483370055608,0.0,45,52,9,0.4528301886792453,0.4528301886792453,106,0.009874935830924525,0.2575779980200754,0.738806263770853,0.04834769988284787,38
tera-box,Tera Box,14,1,0,2,0.0024200518582541053,0.07142857142857142,0.0009442870632672333,0.0,0.0,0.39019290435721027,0.0,43,43,18,0.47115384615384615,0.47115384615384615,104,0.012721886112291636,0.3146926955395781,0.8059704695682033,0.04894737160071126,39
mega-absol-box,Mega Absol Box,12,1,0,2,0.002074330164217805,0.08333333333333333,0.0009442870632672333,0.0,0.0,0.455225055083412,0.0,36,42,10,0.446969696969697,0.446969696969697,88,0.014864709450773478,0.35388592179859524,0.8443500157381177,0.05299954834289909,40
clefairy-ogerpon,Clefairy Ogerpon,12,2,0,2,0.002074330164217805,0.16666666666666666,0.0018885741265344666,0.0,0.0,0.910450110166824,0.0,40,45,10,0.456140350877193,0.456140350877193,95,0.04696414761482223,0.44803635738467273,0.9744143171905211,0.05110117221632357,41
flareon-noctowl,Flareon Noctowl,10,0,0,2,0.001728608470181504,0.0,0.0,0.0,0.0,0.0,0.0,17,31,5,0.35220125786163525,0.35220125786163525,53,-2.7755575615628914e-17,0.2775401687666166,0.75,0.0656111374321316,42
doublade-por,Doublade,7,0,0,2,0.0012100259291270526,0.0,0.0,0.0,0.0,0.0,0.0,16,32,3,0.3333333333333333,0.3333333333333333,51,0.0,0.35433884297520657,0.8108108108108109,0.06600983619844496,43
ursaluna-lunatone,Ursaluna Lunatone,6,0,0,2,0.0010371650821089024,0.0,0.0,0.0,0.0,0.0,0.0,16,20,6,0.42857142857142855,0.42857142857142855,42,0.0,0.3903430336530645,0.8333333333333334,0.07636035483212125,44
eelektrik-blk,Eelektrik,6,0,0,2,0.0010371650821089024,0.0,0.0,0.0,0.0,0.0,0.0,8,27,5,0.24166666666666664,0.24166666666666664,40,0.0,0.3903430336530645,0.8333333333333334,0.06768749679388522,45
archaludon-ex,Archaludon,5,1,0,2,0.000864304235090752,0.2,0.0009442870632672333,0.0,0.0,1.0925401322001889,0.0,14,18,7,0.41880341880341876,0.41880341880341876,39,0.03622316096978745,0.6244717358814613,1.0132200188857412,0.07900131696435339,46
sharpedo-toxtricity,Sharpedo Toxtricity,5,1,0,2,0.000864304235090752,0.2,0.0009442870632672333,0.0,0.0,1.0925401322001889,0.0,16,14,8,0.4912280701754386,0.4912280701754386,38,0.03622316096978745,0.6244717358814613,1.0132200188857412,0.08109822719315415,47
rocket-spidops,Rocket's Spidops,5,0,0,2,0.000864304235090752,0.0,0.0,0.0,0.0,0.0,0.0,12,17,3,0.40625,0.40625,32,-2.7755575615628914e-17,0.43449149475208104,0.8571428571428571,0.08682074519880027,48
decidueye-ex,Decidueye,5,1,0,2,0.000864304235090752,0.2,0.0009442870632672333,0.0,0.0,1.0925401322001889,0.0,14,27,4,0.34074074074074073,0.34074074074074073,45,0.03622316096978745,0.6244717358814613,1.0132200188857412,0.07065353468238782,49
ogerpon-meganium,Ogerpon Meganium,5,0,0,2,0.000864304235090752,0.0,0.0,0.0,0.0,0.0,0.0,11,23,2,0.32407407407407407,0.32407407407407407,36,-2.7755575615628914e-17,0.43449149475208104,0.8571428571428571,0.07800464170432167,50
toxtricity-box,Toxtricity Box,4,1,0,2,0.0006914433880726015,0.25,0.0009442870632672333,0.0,0.0,1.365675165250236,0.0,12,14,5,0.44086021505376344,0.44086021505376344,31,0.045586062644636216,0.6993639475573634,1.0430206076764983,0.08917226638086763,51
mega-abomasnow-ex,Mega Abomasnow,4,0,0,2,0.0006914433880726015,0.0,0.0,0.0,0.0,0.0,0.0,7,16,1,0.3055555555555555,0.3055555555555555,24,0.0,0.48990002040399916,0.8823529411764706,0.09402822227587916,52
manectric-eelektrik,Manectric Eelektrik,4,0,0,1,0.0006914433880726015,0.0,0.0,0.0,0.0,0.0,0.0,1,9,2,0.13888888888888887,0.13888888888888887,12,0.0,0.48990002040399916,0.8823529411764706,0.09983267894836956,53
joltik-box,Joltik Box,3,1,0,1,0.0005185825410544512,0.3333333333333333,0.0009442870632672333,0.0,0.0,1.820900220333648,0.0,9,13,3,0.4,0.4,25,0.0614903152761605,0.7923450448735121,1.0746272927576044,0.09797958971132711,54
palafin-ex,Palafin,3,0,0,1,0.0005185825410544512,0.0,0.0,0.0,0.0,0.0,0.0,8,8,0,0.5,0.5,16,0.0,0.5615060804490177,0.9090909090909091,0.125,55
bronzong-tef,Bronzong,3,0,0,1,0.0005185825410544512,0.0,0.0,0.0,0.0,0.0,0.0,4,9,2,0.3111111111111111,0.3111111111111111,15,0.0,0.5615060804490177,0.9090909090909091,0.11953269780115146,56
froslass-munkidori,Froslass Munkidori,3,0,0,2,0.0005185825410544512,0.0,0.0,0.0,0.0,0.0,0.0,6,13,2,0.3174603174603175,0.3174603174603175,21,0.0,0.5615060804490177,0.9090909090909091,0.10157785292415626,57
mega-froslass-ex,Mega Froslass,3,0,0,1,0.0005185825410544512,0.0,0.0,0.0,0.0,0.0,0.0,5,11,3,0.3157894736842105,0.3157894736842105,19,0.0,0.5615060804490177,0.9090909090909091,0.10663920529041639,58
hydreigon-ex,Hydreigon,3,0,0,2,0.0005185825410544512,0.0,0.0,0.0,0.0,0.0,0.0,9,12,0,0.42857142857142855,0.42857142857142855,21,0.0,0.5615060804490177,0.9090909090909091,0.10798984943120778,59
sylveon-pre,Sylveon,3,2,0,1,0.0005185825410544512,0.6666666666666666,0.0018885741265344666,0.0,0.0,3.641800440667296,0.0,17,10,4,0.5913978494623655,0.5913978494623655,31,0.2076549551264879,0.9385096847238394,1.2401636764242996,0.08828955900599308,60
mega-charizard-x-ex,Mega Charizard X,3,0,0,2,0.0005185825410544512,0.0,0.0,0.0,0.0,0.0,0.0,5,16,0,0.23809523809523808,0.23809523809523808,21,0.0,0.5615060804490177,0.9090909090909091,0.09294286409033649,61
mega-diancie-ex,Mega Diancie,2,0,0,1,0.00034572169403630077,0.0,0.0,0.0,0.0,0.0,0.0,0,4,0,0.0,0.0,4,0.0,0.6576280471103807,0.9375,0.0,62
dragapult-froslass,Dragapult Froslass,2,1,0,1,0.00034572169403630077,0.5,0.0009442870632672333,0.0,0.0,2.731350330500472,0.0,12,8,2,0.5757575757575757,0.5757575757575757,22,0.09452865480086614,0.9054713451991339,1.1082093956562795,0.10536965013170953,63
toxtricity-pfl,Toxtricity,2,0,0,2,0.00034572169403630077,0.0,0.0,0.0,0.0,0.0,0.0,2,8,2,0.2222222222222222,0.2222222222222222,12,0.0,0.6576280471103807,0.9375,0.12001371663718259,64
jellicent-dusknoir,Jellicent Dusknoir,2,0,0,1,0.00034572169403630077,0.0,0.0,0.0,0.0,0.0,0.0,6,8,0,0.42857142857142855,0.42857142857142855,14,0.0,0.6576280471103807,0.9375,0.13226001425322162,65
hop-zacian,Hop's Zacian,2,0,0,2,0.00034572169403630077,0.0,0.0,0.0,0.0,0.0,0.0,2,7,2,0.2424242424242424,0.2424242424242424,11,0.0,0.6576280471103807,0.9375,0.12921255536703663,66
mega-froslass-dudunsparce,Froslass Dudunsparce,2,0,0,2,0.00034572169403630077,0.0,0.0,0.0,0.0,0.0,0.0,5,9,1,0.3555555555555555,0.3555555555555555,15,0.0,0.6576280471103807,0.9375,0.12359498438289901,67
terapagos-noctowl,Terapagos Noctowl,2,0,0,1,0.00034572169403630077,0.0,0.0,0.0,0.0,0.0,0.0,6,7,3,0.4375,0.4375,16,0.0,0.6576280471103807,0.9375,0.12401959270615269,68
feraligatr-tef,Feraligatr,1,0,0,1,0.00017286084701815038,0.0,0.0,0.0,0.0,0.0,0.0,2,4,0,0.3333333333333333,0.3333333333333333,6,0.0,0.7934567085261071,0.967741935483871,0.19245008972987526,69
blaziken-ex-jtg,Blaziken,1,0,0,1,0.00017286084701815038,0.0,0.0,0.0,0.0,0.0,0.0,2,3,1,0.3888888888888889,0.3888888888888889,6,0.0,0.7934567085261071,0.967741935483871,0.19902023389078408,70
dudunsparce-control,Dudunsparce Control,1,0,0,1,0.00017286084701815038,0.0,0.0,0.0,0.0,0.0,0.0,0,4,2,0.1111111111111111,0.1111111111111111,6,0.0,0.7934567085261071,0.967741935483871,0.12830005981991682,71
blaziken-zoroark,Blaziken Zoroark,1,0,0,1,0.00017286084701815038,0.0,0.0,0.0,0.0,0.0,0.0,2,5,1,0.2916666666666667,0.2916666666666667,8,0.0,0.7934567085261071,0.967741935483871,0.16070050646397407,72
blissey-ex,Blissey,1,0,0,1,0.00017286084701815038,0.0,0.0,0.0,0.0,0.0,0.0,3,3,2,0.4583333333333333,0.4583333333333333,8,0.0,0.7934567085261071,0.967741935483871,0.17616181797174754,73
mega-camerupt-ex,Mega Camerupt,1,0,0,1,0.00017286084701815038,0.0,0.0,0.0,0.0,0.0,0.0,0,7,1,0.041666666666666664,0.041666666666666664,8,0.0,0.7934567085261071,0.967741935483871,0.07064927065755487,74
mega-dragonite-ex,Mega Dragonite,1,0,0,1,0.00017286084701815038,0.0,0.0,0.0,0.0,0.0,0.0,0,2,0,0.0,0.0,2,0.0,0.7934567085261071,0.967741935483871,0.0,75
lopunny-dusknoir,Lopunny Dusknoir,1,0,0,1,0.00017286084701815038,0.0,0.0,0.0,0.0,0.0,0.0,1,3,1,0.26666666666666666,0.26666666666666666,5,0.0,0.7934567085261071,0.967741935483871,0.1977652929892177,76
marnie-grimmsnarl-ex,Marnie's Grimmsnarl,1,0,0,1,0.00017286084701815038,0.0,0.0,0.0,0.0,0.0,0.0,2,3,1,0.3888888888888889,0.3888888888888889,6,0.0,0.7934567085261071,0.967741935483871,0.19902023389078408,77
galvantula-ex,Galvantula,1,0,0,1,0.00017286084701815038,0.0,0.0,0.0,0.0,0.0,0.0,2,4,0,0.3333333333333333,0.3333333333333333,6,0.0,0.7934567085261071,0.967741935483871,0.19245008972987526,78
greninja-blaziken,Greninja Blaziken,1,0,0,1,0.00017286084701815038,0.0,0.0,0.0,0.0,0.0,0.0,4,2,2,0.5833333333333334,0.5833333333333334,8,0.0,0.7934567085261071,0.967741935483871,0.17430417219459907,79
hydrapple-ex,Hydrapple,1,0,0,1,0.00017286084701815038,0.0,0.0,0.0,0.0,0.0,0.0,0,3,0,0.0,0.0,3,0.0,0.7934567085261071,0.967741935483871,0.0,80
iono-bellibolt,Iono's Bellibolt,1,0,0,1,0.00017286084701815038,0.0,0.0,0.0,0.0,0.0,0.0,2,6,0,0.25,0.25,8,0.0,0.7934567085261071,0.967741935483871,0.15309310892394862,81
flareon-ex,Flareon,1,0,0,1,0.00017286084701815038,0.0,0.0,0.0,0.0,0.0,0.0,1,5,0,0.16666666666666666,0.16666666666666666,6,0.0,0.7934567085261071,0.967741935483871,0.15214515486254615,82
reging-bolt-bellibolt,Raging Bolt Bellibolt,1,0,0,1,0.00017286084701815038,0.0,0.0,0.0,0.0,0.0,0.0,0,3,0,0.0,0.0,3,0.0,0.7934567085261071,0.967741935483871,0.0,83
mega-zygarde-ex,Mega Zygarde,1,0,0,1,0.00017286084701815038,0.0,0.0,0.0,0.0,0.0,0.0,1,3,0,0.25,0.25,4,0.0,0.7934567085261071,0.967741935483871,0.21650635094610965,84
misty-gyarados,Misty's Gyarados,1,0,0,1,0.00017286084701815038,0.0,0.0,0.0,0.0,0.0,0.0,1,4,0,0.2,0.2,5,0.0,0.7934567085261071,0.967741935483871,0.1788854381999832,85
mega-manectric-ex-meg,Mega Manectric,1,0,0,1,0.00017286084701815038,0.0,0.0,0.0,0.0,0.0,0.0,2,6,0,0.25,0.25,8,0.0,0.7934567085261071,0.967741935483871,0.15309310892394862,86
paldean-tauros-pfl,Paldean Tauros,1,0,0,1,0.00017286084701815038,0.0,0.0,0.0,0.0,0.0,0.0,0,1,0,0.0,0.0,1,0.0,0.7934567085261071,0.967741935483871,0.0,87
yanmega-ex,Yanmega,1,0,0,1,0.00017286084701815038,0.0,0.0,0.0,0.0,0.0,0.0,2,5,1,0.2916666666666667,0.2916666666666667,8,0.0,0.7934567085261071,0.967741935483871,0.16070050646397407,88
zygarde-barbaracle,Zygarde Barbaracle,1,0,0,1,0.00017286084701815038,0.0,0.0,0.0,0.0,0.0,0.0,2,6,0,0.25,0.25,8,0.0,0.7934567085261071,0.967741935483871,0.15309310892394862,89
