deck_id,0062,0063,0064,0065,0066,0067,0068,0069,0070,0071,0072,0073,0074,0075
alakazam-dudunsparce,0.06071689831748354,0.0509761388286334,0.04713019132057863,0.04065040650406504,0.03444676409185804,0.05360824742268041,0.04517766497461929,0.05265748031496063,0.06144803633449105,0.06775407779171895,0.06155819172811799,0.058823529411764705,0.05764411027568922,0.061567164179104475
alakazam-dusknoir,0.0,0.0,0.0,0.0,0.0,0.0,0.0,0.0,0.0,0.005018820577164366,0.011542160949022122,0.00980392156862745,0.009308986752595776,0.027052238805970148
alakazam-meg,0.0,0.0005422993492407809,0.0,0.0,0.0,0.0,0.0005076142131979696,0.0,0.0,0.0,0.0003206155819172812,0.0,0.00035803795202291446,0.0009328358208955224
alolan-exeggutor-ex,0.0,0.0,0.0,0.0,0.0,0.0,0.0,0.0,0.0,0.0,0.0003206155819172812,0.0,0.0,0.0009328358208955224
archaludon-dudunsparce,0.0,0.0016268980477223427,0.004199720018665422,0.0017421602787456446,0.0,0.0,0.0025380710659898475,0.0034448818897637795,0.004274646005877639,0.0,0.0,0.0,0.0014321518080916578,0.0
archaludon-ex,0.0036576444769568397,0.0010845986984815619,0.0013999066728884741,0.0023228803716608595,0.0010438413361169101,0.0,0.0,0.000984251968503937,0.0008014961261020571,0.0,0.0003206155819172812,0.0012254901960784314,0.0007160759040458289,0.0
archaludon-zoroark,0.002926115581565472,0.0005422993492407809,0.0,0.0005807200929152149,0.0010438413361169101,0.0,0.0,0.0,0.0,0.0,0.0,0.0,0.0,0.0
azumarill-ssp,0.0,0.0005422993492407809,0.0009332711152589828,0.0,0.0,0.0,0.0010152284263959391,0.0,0.0,0.0,0.0003206155819172812,0.0,0.0007160759040458289,0.0
basic-box-m,0.02121433796634967,0.016811279826464208,0.013065795613625758,0.013356562137049941,0.028183716075156576,0.041237113402061855,0.03248730964467005,0.034940944881889764,0.028319529788939354,0.09284818067754078,0.05161910868868227,0.06740196078431372,0.05907626208378088,0.058768656716417914
beedrill-ex-cri,0.0,0.0,0.0,0.0,0.0,0.0,0.0,0.024114173228346455,0.025113545284531125,0.0,0.006412311638345623,0.004901960784313725,0.0035803795202291443,0.002798507462686567
blaziken-ex-jtg,0.0,0.0,0.0009332711152589828,0.0,0.0010438413361169101,0.0,0.0005076142131979696,0.0,0.0002671653753673524,0.0,0.0003206155819172812,0.0,0.0,0.0
blaziken-zoroark,0.0,0.0,0.0004666355576294914,0.0,0.0,0.0,0.0005076142131979696,0.0,0.0002671653753673524,0.0,0.0,0.0012254901960784314,0.0,0.0
blissey-ex,0.0,0.0,0.0,0.0,0.0,0.0,0.0005076142131979696,0.0,0.0002671653753673524,0.0,0.0,0.0,0.0,0.0
bloodmoon-ursaluna-sfa,0.0,0.0010845986984815619,0.0,0.0,0.0,0.0,0.0,0.0,0.0,0.0,0.0,0.0,0.0,0.0
bronzong-tef,0.0,0.0,0.0,0.0005807200929152149,0.0010438413361169101,0.0,0.0,0.0,0.0008014961261020571,0.0,0.0006412311638345624,0.0,0.0,0.0
ceruledge-ex,0.002926115581565472,0.00596529284164859,0.0023331777881474567,0.0029036004645760743,0.010438413361169102,0.0,0.007106598984771574,0.004921259842519685,0.006144803633449105,0.0,0.004168002564924655,0.004901960784313725,0.0028643036161833156,0.0046641791044776115
cinccino-ex,0.0,0.0,0.0,0.0,0.0,0.0,0.0,0.0,0.0,0.0,0.0019236934915036871,0.003676470588235294,0.0007160759040458289,0.0009328358208955224
clefairy-ogerpon,0.013167520117044623,0.005422993492407809,0.008399440037330844,0.008130081300813009,0.005219206680584551,0.012371134020618556,0.0025380710659898475,0.003937007874015748,0.0010686615014694097,0.013801756587202008,0.0019236934915036871,0.0012254901960784314,0.0021482277121374865,0.0009328358208955224
conkeldurr-twm,0.0,0.0,0.0,0.0,0.0,0.0,0.0,0.0,0.0,0.0,0.0003206155819172812,0.0,0.0,0.0
cornerstone-mask-ogerpon-ex,0.0,0.0,0.0,0.0,0.0,0.0,0.0,0.0,0.0,0.0,0.0,0.0,0.00035803795202291446,0.0
crustle-dri,0.03145574250182882,0.008134490238611713,0.013999066728884742,0.012195121951219513,0.008350730688935281,0.006185567010309278,0.009137055837563452,0.01673228346456693,0.03232701041944964,0.025094102885821833,0.0442449503045848,0.03431372549019608,0.03150733977801647,0.03171641791044776
cynthia-garchomp-ex,0.06291148500365765,0.04121475054229935,0.05226318245450303,0.03716608594657375,0.03549060542797495,0.026804123711340205,0.030964467005076143,0.02608267716535433,0.013358268768367619,0.005018820577164366,0.012183392112856685,0.015931372549019607,0.011815252416756176,0.020522388059701493
decidueye-ex,0.001463057790782736,0.0016268980477223427,0.0023331777881474567,0.0005807200929152149,0.0010438413361169101,0.0,0.0020304568527918783,0.001968503937007874,0.0002671653753673524,0.0,0.0003206155819172812,0.0,0.0007160759040458289,0.0
dhelmise-pbl,0.0,0.0,0.0,0.0,0.0,0.0,0.0,0.0,0.0,0.010037641154328732,0.02981724911830715,0.03799019607843137,0.0347296813462227,0.02332089552238806
diancie-dusknoir,0.0043891733723482075,0.0016268980477223427,0.004199720018665422,0.0011614401858304297,0.005219206680584551,0.0,0.003045685279187817,0.0024606299212598425,0.0037403152551429334,0.0,0.0019236934915036871,0.0012254901960784314,0.00035803795202291446,0.0009328358208955224
doublade-por,0.000731528895391368,0.0005422993492407809,0.0013999066728884741,0.0017421602787456446,0.0020876826722338203,0.0,0.0,0.001968503937007874,0.0008014961261020571,0.0,0.0022443090734209684,0.0024509803921568627,0.0014321518080916578,0.0
dragapult-blaziken,0.10460863204096561,0.07483731019522777,0.0433971068595427,0.04587688734030197,0.03653444676409186,0.049484536082474224,0.04111675126903553,0.04133858267716536,0.04969275981832755,0.09786700125470514,0.049695415197178586,0.029411764705882353,0.04869316147511636,0.04011194029850746
dragapult-dudunsparce,0.010972933430870519,0.05368763557483731,0.06066262249183388,0.08943089430894309,0.031315240083507306,0.09484536082474226,0.02030456852791878,0.01673228346456693,0.008282126636387924,0.006273525721455458,0.003526771401090093,0.003676470588235294,0.00644468313641246,0.0046641791044776115
dragapult-dusknoir,0.05193855157278712,0.08731019522776573,0.06252916472235184,0.08652729384436701,0.08768267223382047,0.0577319587628866,0.06294416243654823,0.09891732283464567,0.09991985038738979,0.10414052697616061,0.07342096825905739,0.05514705882352941,0.06301467955603295,0.055970149253731345
dragapult-ex,0.13752743233357717,0.10303687635574837,0.08399440037330845,0.10452961672473868,0.10020876826722339,0.2,0.19746192893401016,0.1328740157480315,0.20010686615014694,0.2233375156838143,0.1789034947098429,0.15318627450980393,0.15288220551378445,0.2332089552238806
dragapult-froslass,0.000731528895391368,0.0005422993492407809,0.0004666355576294914,0.0023228803716608595,0.0010438413361169101,0.0,0.0005076142131979696,0.0,0.0005343307507347048,0.0,0.0003206155819172812,0.0012254901960784314,0.0,0.0
dragonite-eelektrik,0.0,0.0,0.0004666355576294914,0.0,0.0,0.0,0.0005076142131979696,0.0,0.0,0.0,0.0,0.0,0.0,0.0009328358208955224
dudunsparce-control,0.0,0.0005422993492407809,0.0004666355576294914,0.0,0.0,0.0,0.0,0.0004921259842519685,0.0,0.0012547051442910915,0.0006412311638345624,0.0,0.0,0.0
eelektrik-blk,0.000731528895391368,0.0005422993492407809,0.0013999066728884741,0.0011614401858304297,0.0010438413361169101,0.0,0.0,0.001968503937007874,0.0005343307507347048,0.0,0.0,0.0012254901960784314,0.00035803795202291446,0.0
ethan-magcargo,0.000731528895391368,0.0,0.0,0.0,0.0,0.0,0.0,0.0,0.0,0.0,0.0003206155819172812,0.0,0.0,0.0
ethan-typhlosion,0.002926115581565472,0.007592190889370932,0.004666355576294913,0.006387921022067364,0.007306889352818371,0.0,0.005076142131979695,0.011318897637795276,0.010419449639326743,0.002509410288582183,0.006412311638345623,0.004901960784313725,0.00644468313641246,0.0046641791044776115
farigiraf-milotic,0.000731528895391368,0.0,0.0,0.0,0.0,0.0,0.0,0.0,0.0,0.0,0.0,0.0,0.0,0.0
feraligatr-tef,0.001463057790782736,0.0,0.0,0.0,0.0,0.002061855670103093,0.0,0.0004921259842519685,0.0,0.0,0.0,0.0,0.0,0.0
festival-lead,0.033650329188002925,0.0596529284164859,0.042463835744283716,0.030197444831591175,0.04279749478079332,0.02268041237113402,0.029441624365482234,0.034940944881889764,0.016029922522041145,0.028858218318695106,0.025969862135299775,0.0392156862745098,0.0397422126745435,0.027052238805970148
flareon-ex,0.0,0.0005422993492407809,0.0,0.0,0.0020876826722338203,0.0,0.0010152284263959391,0.0,0.0002671653753673524,0.0,0.0003206155819172812,0.0,0.00035803795202291446,0.0
flareon-noctowl,0.005852231163130944,0.007592190889370932,0.008866075594960336,0.005807200929152149,0.0041753653444676405,0.006185567010309278,0.0025380710659898475,0.001968503937007874,0.0016029922522041143,0.0,0.0006412311638345624,0.0,0.0007160759040458289,0.0018656716417910447
froslass-munkidori,0.000731528895391368,0.0,0.0009332711152589828,0.0005807200929152149,0.0010438413361169101,0.0,0.0005076142131979696,0.000984251968503937,0.0002671653753673524,0.002509410288582183,0.0003206155819172812,0.0,0.0,0.0
galvantula-ex,0.0,0.0,0.0,0.0,0.0,0.0,0.0,0.0,0.0002671653753673524,0.0,0.0,0.0,0.0,0.0
gengar-ex,0.0,0.0,0.0,0.0,0.0,0.0,0.0,0.0,0.0,0.0,0.0,0.0024509803921568627,0.0,0.0
greninja-blaziken,0.0,0.0,0.0004666355576294914,0.0005807200929152149,0.0,0.0,0.0,0.0,0.0002671653753673524,0.0,0.0,0.0,0.0,0.0
greninja-ex,0.013899049012435992,0.006507592190889371,0.008399440037330844,0.009291521486643438,0.011482254697286013,0.01443298969072165,0.008629441624365483,0.015255905511811024,0.008014961261020572,0.0012547051442910915,0.003526771401090093,0.0024509803921568627,0.0053705692803437165,0.0046641791044776115
greninja-froslass,0.0,0.0,0.0013999066728884741,0.0005807200929152149,0.0,0.0,0.0,0.0,0.0,0.0,0.0,0.0,0.00035803795202291446,0.0
grimmsnarl-froslass,0.01755669348939283,0.012472885032537961,0.014932337844143724,0.014518002322880372,0.013569937369519834,0.012371134020618556,0.007106598984771574,0.0063976377952755905,0.005076142131979695,0.00878293601003764,0.012824623276691247,0.00857843137254902,0.013247404224847834,0.013992537313432836
heatran-metang,0.0,0.0,0.0,0.0,0.0,0.0,0.0,0.0,0.0,0.0,0.0,0.0012254901960784314,0.0,0.0
hop-zacian,0.001463057790782736,0.0005422993492407809,0.0009332711152589828,0.0023228803716608595,0.0,0.002061855670103093,0.0,0.0004921259842519685,0.0002671653753673524,0.0,0.0009618467457518436,0.0,0.0007160759040458289,0.002798507462686567
hops-trevenant,0.000731528895391368,0.00596529284164859,0.008399440037330844,0.003484320557491289,0.0041753653444676405,0.004123711340206186,0.003045685279187817,0.0044291338582677165,0.014426930269837029,0.0,0.005129849310676499,0.003676470588235294,0.005012531328320802,0.0018656716417910447
hydrapple-ex,0.0,0.0,0.0,0.0,0.0,0.0,0.0,0.0,0.0002671653753673524,0.0,0.0,0.0,0.0,0.0
hydrapple-ogerpon,0.0,0.0,0.0,0.0,0.0010438413361169101,0.0,0.0,0.0,0.0,0.0,0.0,0.0,0.0,0.0
hydreigon-ex,0.000731528895391368,0.0005422993492407809,0.0009332711152589828,0.0005807200929152149,0.003131524008350731,0.0,0.0010152284263959391,0.000984251968503937,0.0002671653753673524,0.0,0.0006412311638345624,0.0012254901960784314,0.0007160759040458289,0.0
iono-bellibolt,0.0,0.0005422993492407809,0.0004666355576294914,0.0,0.0,0.0,0.0010152284263959391,0.0004921259842519685,0.0,0.0,0.0003206155819172812,0.0024509803921568627,0.0,0.0
jellicent-dusknoir,0.0021945866861741038,0.0,0.0013999066728884741,0.0011614401858304297,0.0010438413361169101,0.0,0.0010152284263959391,0.0,0.0005343307507347048,0.0,0.0003206155819172812,0.0,0.0,0.0
joltik-box,0.000731528895391368,0.0005422993492407809,0.0004666355576294914,0.0005807200929152149,0.0,0.002061855670103093,0.0005076142131979696,0.0,0.0008014961261020571,0.0,0.0003206155819172812,0.0,0.0010741138560687433,0.0018656716417910447
kangaskhan-bouffalant,0.0,0.0005422993492407809,0.0027998133457769483,0.0017421602787456446,0.0010438413361169101,0.0,0.006598984771573604,0.000984251968503937,0.004808976756612343,0.00878293601003764,0.006412311638345623,0.006127450980392157,0.0021482277121374865,0.002798507462686567
lillie-clefairy,0.0,0.0,0.0,0.0,0.0,0.0,0.0010152284263959391,0.000984251968503937,0.0112209457654288,0.005018820577164366,0.0025649246553382495,0.0012254901960784314,0.0014321518080916578,0.0009328358208955224
lopunny-dudunsparce,0.0021945866861741038,0.028741865509761388,0.06159589360709286,0.056910569105691054,0.05636743215031315,0.05154639175257732,0.048223350253807105,0.02608267716535433,0.013892599519102324,0.0037641154328732747,0.008656620711766592,0.014705882352941176,0.029717150017901896,0.01585820895522388
lopunny-dusknoir,0.0,0.0,0.0009332711152589828,0.0,0.0,0.0,0.0,0.0,0.0002671653753673524,0.005018820577164366,0.00833600512984931,0.011029411764705883,0.018976011457214465,0.014925373134328358
lucario-hariyama,0.055596196049743966,0.03253796095444685,0.03546430237984134,0.04529616724738676,0.04175365344467641,0.032989690721649485,0.030456852791878174,0.027559055118110236,0.017365749398877906,0.0037641154328732747,0.027572940044886182,0.023284313725490197,0.024704618689581095,0.028917910447761194
manectric-eelektrik,0.0,0.0005422993492407809,0.0009332711152589828,0.0011614401858304297,0.0,0.0,0.0020304568527918783,0.0,0.0010686615014694097,0.0,0.0022443090734209684,0.0024509803921568627,0.0021482277121374865,0.0009328358208955224
marnie-grimmsnarl-ex,0.000731528895391368,0.0,0.0,0.0005807200929152149,0.0010438413361169101,0.0,0.0,0.0,0.0002671653753673524,0.0,0.0006412311638345624,0.0012254901960784314,0.0,0.0
mega-abomasnow-ex,0.0,0.0005422993492407809,0.0023331777881474567,0.0011614401858304297,0.0020876826722338203,0.0,0.0010152284263959391,0.000984251968503937,0.0005343307507347048,0.0,0.0009618467457518436,0.0,0.0007160759040458289,0.0
mega-absol-box,0.0043891733723482075,0.0032537960954446853,0.005132991133924405,0.0017421602787456446,0.0020876826722338203,0.0,0.0015228426395939086,0.001968503937007874,0.0021373230029388193,0.0012547051442910915,0.0009618467457518436,0.004901960784313725,0.0017901897601145722,0.0018656716417910447
mega-camerupt-ex,0.0,0.0005422993492407809,0.0004666355576294914,0.0,0.0,0.0,0.0,0.0004921259842519685,0.0,0.0,0.0,0.0,0.0007160759040458289,0.0
mega-chandelure-ex,0.0,0.0,0.0,0.0,0.0,0.0,0.0,0.0,0.0,0.002509410288582183,0.007374158384097467,0.0,0.005728607232366631,0.0065298507462686565
mega-charizard-x-ex,0.001463057790782736,0.0016268980477223427,0.0009332711152589828,0.0011614401858304297,0.0,0.0,0.0,0.000984251968503937,0.0002671653753673524,0.0,0.0003206155819172812,0.0012254901960784314,0.0,0.0
mega-darkrai-ex,0.0,0.0,0.0,0.0,0.0,0.0,0.0,0.0,0.0,0.0,0.0003206155819172812,0.0024509803921568627,0.0010741138560687433,0.0009328358208955224
mega-diancie-ex,0.000731528895391368,0.0,0.0,0.0,0.0,0.0,0.0,0.0,0.0005343307507347048,0.0,0.0,0.0,0.0,0.0
mega-dragonite-ex,0.0,0.0005422993492407809,0.0004666355576294914,0.0011614401858304297,0.0,0.0,0.0,0.0,0.0002671653753673524,0.0012547051442910915,0.0003206155819172812,0.0,0.0007160759040458289,0.0018656716417910447
mega-excadrill-ex,0.0,0.0,0.0,0.0,0.0,0.0,0.0,0.0,0.0,0.04015056461731493,0.049374799615261304,0.06985294117647059,0.04618689581095596,0.041044776119402986
mega-feraligatr-ex,0.0,0.0,0.0009332711152589828,0.0,0.0,0.0,0.0005076142131979696,0.0,0.0,0.0,0.0003206155819172812,0.0,0.0,0.0009328358208955224
mega-froslass-dudunsparce,0.001463057790782736,0.0005422993492407809,0.0,0.0,0.0,0.0,0.0005076142131979696,0.0004921259842519685,0.0002671653753673524,0.0,0.0003206155819172812,0.0,0.0,0.0
mega-froslass-ex,0.002926115581565472,0.0005422993492407809,0.0018665422305179655,0.0,0.0,0.002061855670103093,0.003045685279187817,0.0014763779527559055,0.0,0.0,0.0006412311638345624,0.0,0.00035803795202291446,0.0
mega-greninja-ex,0.0,0.0,0.0,0.0,0.0,0.0,0.0,0.031003937007874016,0.03286134117018434,0.0012547051442910915,0.007053542802180186,0.011029411764705883,0.00966702470461869,0.0018656716417910447
mega-lopunny-ex,0.0,0.0005422993492407809,0.0004666355576294914,0.0005807200929152149,0.0010438413361169101,0.0,0.0,0.0,0.0,0.0,0.0,0.0,0.0007160759040458289,0.0
mega-lucario-ex,0.014630577907827359,0.004338394793926247,0.012599160055996267,0.003484320557491289,0.017745302713987474,0.010309278350515464,0.03248730964467005,0.023622047244094488,0.01015228426395939,0.0075282308657465494,0.010900929785187561,0.013480392156862746,0.012531328320802004,0.012126865671641791
mega-manectric-ex-meg,0.0,0.0,0.0,0.0,0.0,0.0,0.0005076142131979696,0.0,0.0002671653753673524,0.0,0.0006412311638345624,0.0012254901960784314,0.0,0.0
mega-starmie-ex,0.0,0.0010845986984815619,0.0018665422305179655,0.0040650406504065045,0.0010438413361169101,0.010309278350515464,0.005076142131979695,0.005905511811023622,0.0016029922522041143,0.0,0.0032061558191728116,0.0024509803921568627,0.0021482277121374865,0.0046641791044776115
mega-venusaur-ex,0.008778346744696415,0.008676789587852495,0.007466168922071862,0.008710801393728223,0.0041753653444676405,0.006185567010309278,0.005076142131979695,0.0034448818897637795,0.0032059845044082286,0.0037641154328732747,0.007374158384097467,0.00857843137254902,0.004296455424274973,0.0037313432835820895
mega-zygarde-ex,0.0,0.0005422993492407809,0.0004666355576294914,0.0,0.0,0.0,0.0,0.0,0.0002671653753673524,0.0,0.0,0.0,0.0,0.0
metagross-cri,0.0,0.0,0.0,0.0,0.0,0.0,0.0,0.0044291338582677165,0.010953780390061448,0.0037641154328732747,0.0012824623276691247,0.0024509803921568627,0.0014321518080916578,0.0009328358208955224
mew-ex-30c,0.0,0.0,0.0,0.0,0.0,0.0,0.0,0.0,0.0,0.0,0.0,0.0024509803921568627,0.004296455424274973,0.0046641791044776115
milotic-ex,0.0,0.0,0.0004666355576294914,0.0,0.0,0.0,0.0010152284263959391,0.0,0.0,0.0,0.0,0.0,0.0,0.0
misty-gyarados,0.0,0.0,0.0,0.0,0.0010438413361169101,0.0,0.0,0.0,0.0002671653753673524,0.0,0.0,0.0012254901960784314,0.0,0.0009328358208955224
n-zoroark,0.05779078273591807,0.049891540130151846,0.05179654689687354,0.05981416957026713,0.06784968684759916,0.0577319587628866,0.03959390862944162,0.03740157480314961,0.05583756345177665,0.07528230865746549,0.07790958640589933,0.0661764705882353,0.06731113498030791,0.07369402985074627
ogerpon-meganium,0.008778346744696415,0.00596529284164859,0.005132991133924405,0.0029036004645760743,0.0020876826722338203,0.002061855670103093,0.0015228426395939086,0.000984251968503937,0.0008014961261020571,0.0012547051442910915,0.0009618467457518436,0.0012254901960784314,0.00035803795202291446,0.0
ogerpon-meganium-arboliva,0.03950256035113387,0.027114967462039046,0.026131591227251515,0.01684088269454123,0.014613778705636743,0.012371134020618556,0.007614213197969543,0.01328740157480315,0.0024044883783061713,0.0075282308657465494,0.0022443090734209684,0.003676470588235294,0.007160759040458289,0.0018656716417910447
ogerpon-meganium-hydrapple,0.0021945866861741038,0.008676789587852495,0.022865142323845077,0.02613240418118467,0.04697286012526096,0.024742268041237112,0.06446700507614213,0.05610236220472441,0.061982367085225754,0.015056461731493099,0.024687399807630652,0.030637254901960783,0.03258145363408521,0.030783582089552237
okidogi-barbaracle,0.020482809070958303,0.015726681127982648,0.012599160055996267,0.008130081300813009,0.006263048016701462,0.004123711340206186,0.004568527918781726,0.0063976377952755905,0.0018701576275714667,0.0,0.0019236934915036871,0.0012254901960784314,0.0014321518080916578,0.0009328358208955224
okidogi-twm,0.0,0.0005422993492407809,0.0004666355576294914,0.0011614401858304297,0.0,0.0,0.0,0.0,0.0,0.0,0.0,0.0012254901960784314,0.00035803795202291446,0.0
other,0.005852231163130944,0.007592190889370932,0.014465702286514233,0.007549361207897794,0.014613778705636743,0.002061855670103093,0.007614213197969543,0.010826771653543307,0.011755276516163505,0.005018820577164366,0.008977236293683874,0.01715686274509804,0.010741138560687433,0.007462686567164179
palafin-ex,0.0,0.0005422993492407809,0.0004666355576294914,0.0005807200929152149,0.0,0.0,0.0,0.0,0.0008014961261020571,0.0,0.0009618467457518436,0.0,0.00035803795202291446,0.0
paldean-tauros-pfl,0.0,0.0,0.0,0.0,0.0,0.0,0.0005076142131979696,0.0,0.0002671653753673524,0.0,0.0003206155819172812,0.0012254901960784314,0.0,0.0
raging-bolt-ogerpon,0.04023408924652524,0.06236442516268981,0.06346243583761083,0.07665505226480836,0.054279749478079335,0.06597938144329897,0.07360406091370558,0.04773622047244094,0.04354795618487844,0.03136762860727729,0.009618467457518435,0.00980392156862745,0.00966702470461869,0.012126865671641791
reging-bolt-bellibolt,0.0,0.0,0.0,0.0,0.0,0.0,0.0005076142131979696,0.0,0.0002671653753673524,0.0,0.0,0.0,0.0,0.0
rocket-mewtwo-ex,0.05998536942209217,0.06073752711496746,0.05319645356976201,0.06097560975609756,0.049060542797494784,0.030927835051546393,0.03654822335025381,0.03297244094488189,0.0168314186481432,0.0037641154328732747,0.009618467457518435,0.011029411764705883,0.010383100608664519,0.011194029850746268
rocket-porygon-z,0.0,0.0,0.0004666355576294914,0.0,0.0,0.0,0.0,0.0,0.0,0.0,0.0,0.0,0.0,0.0
rocket-spidops,0.005120702267739576,0.004338394793926247,0.0013999066728884741,0.0011614401858304297,0.0010438413361169101,0.002061855670103093,0.0010152284263959391,0.000984251968503937,0.0008014961261020571,0.0,0.0019236934915036871,0.0,0.0010741138560687433,0.0009328358208955224
rockets-honchkrow,0.023408924652523776,0.021149674620390455,0.025198320111992533,0.014518002322880372,0.05636743215031315,0.024742268041237112,0.03299492385786802,0.041830708661417325,0.02351055303232701,0.0012547051442910915,0.01955755049695415,0.01838235294117647,0.022198353025420694,0.011194029850746268
seaking-pre,0.0,0.0,0.0,0.0,0.0,0.0,0.0,0.0,0.0,0.005018820577164366,0.005771080474511061,0.003676470588235294,0.007160759040458289,0.0018656716417910447
sharpedo-toxtricity,0.0021945866861741038,0.0,0.0018665422305179655,0.0,0.003131524008350731,0.0,0.0020304568527918783,0.0004921259842519685,0.0010686615014694097,0.0012547051442910915,0.017313241423533184,0.00857843137254902,0.015037593984962405,0.012126865671641791
sinistcha-ogerpon,0.0,0.0,0.0,0.0,0.0,0.0,0.0,0.0,0.0,0.0,0.0009618467457518436,0.0,0.0,0.0
slaking-ex,0.0,0.0,0.0,0.0011614401858304297,0.0,0.0,0.0,0.0,0.0,0.0,0.0,0.0,0.00035803795202291446,0.0
slowking-scr,0.005852231163130944,0.008676789587852495,0.010732617825478302,0.005226480836236934,0.022964509394572025,0.010309278350515464,0.01979695431472081,0.040354330708661415,0.0448837830617152,0.05897114178168131,0.055145880089772364,0.0661764705882353,0.05943430003580379,0.04477611940298507
starmie-dusknoir,0.0036576444769568397,0.031995661605206074,0.01679888007466169,0.013356562137049941,0.022964509394572025,0.004123711340206186,0.01015228426395939,0.008858267716535433,0.007747795885653219,0.0,0.0032061558191728116,0.0012254901960784314,0.002506265664160401,0.0018656716417910447
starmie-froslass,0.015362106803218726,0.027657266811279828,0.036864209052729816,0.028455284552845527,0.013569937369519834,0.02268041237113402,0.014213197969543147,0.012795275590551181,0.008014961261020572,0.002509410288582183,0.004488618146841937,0.006127450980392157,0.00322234156820623,0.005597014925373134
stevens-metagross,0.005852231163130944,0.006507592190889371,0.004666355576294913,0.011614401858304297,0.0010438413361169101,0.002061855670103093,0.006091370558375634,0.005905511811023622,0.0037403152551429334,0.0,0.0006412311638345624,0.0,0.0014321518080916578,0.002798507462686567
sylveon-pre,0.0,0.0,0.0,0.0,0.0,0.0,0.0,0.0,0.0008014961261020571,0.0,0.0003206155819172812,0.0,0.00035803795202291446,0.0
tera-box,0.0073152889539136795,0.004880694143167028,0.0023331777881474567,0.0023228803716608595,0.0020876826722338203,0.004123711340206186,0.005076142131979695,0.002952755905511811,0.0021373230029388193,0.0012547051442910915,0.0009618467457518436,0.0012254901960784314,0.0014321518080916578,0.0
terapagos-noctowl,0.001463057790782736,0.0,0.0004666355576294914,0.0,0.0,0.0,0.0010152284263959391,0.000984251968503937,0.0,0.0,0.0,0.0,0.0,0.0
toucannon-pbl,0.0,0.0,0.0,0.0,0.0,0.0,0.0,0.0,0.0,0.002509410288582183,0.0028855402372555306,0.007352941176470588,0.0028643036161833156,0.0
toxtricity-box,0.002926115581565472,0.0021691973969631237,0.003733084461035931,0.0,0.0010438413361169101,0.002061855670103093,0.0005076142131979696,0.000984251968503937,0.0005343307507347048,0.002509410288582183,0.0022443090734209684,0.004901960784313725,0.003938417472252059,0.0009328358208955224
toxtricity-brute-bonnet,0.0,0.0,0.0,0.0,0.0,0.0,0.0,0.0,0.0,0.0012547051442910915,0.0003206155819172812,0.0,0.0,0.0
toxtricity-pfl,0.0,0.0005422993492407809,0.0009332711152589828,0.0,0.0,0.0,0.0,0.0004921259842519685,0.0002671653753673524,0.0,0.0,0.0,0.0007160759040458289,0.0037313432835820895
ursaluna-lunatone,0.002926115581565472,0.0032537960954446853,0.0032664489034064394,0.0011614401858304297,0.003131524008350731,0.002061855670103093,0.003553299492385787,0.0024606299212598425,0.0002671653753673524,0.0,0.0006412311638345624,0.0,0.0,0.0009328358208955224
wailord-ex-pbl,0.0,0.0,0.0,0.0,0.0,0.0,0.0,0.0,0.0,0.0,0.0,0.0,0.0010741138560687433,0.0
yanmega-ex,0.0,0.0027114967462039045,0.0018665422305179655,0.0029036004645760743,0.0020876826722338203,0.004123711340206186,0.006091370558375634,0.0,0.0002671653753673524,0.0,0.0009618467457518436,0.0024509803921568627,0.0007160759040458289,0.0
zoroark-crustle,0.000731528895391368,0.0,0.0,0.0,0.0,0.0,0.0,0.0,0.0,0.0,0.0,0.0,0.0,0.0
zygarde-barbaracle,0.0,0.0010845986984815619,0.0004666355576294914,0.0005807200929152149,0.0010438413361169101,0.0,0.0,0.0004921259842519685,0.0,0.0,0.0006412311638345624,0.0,0.0,0.0
