card,measured_wr,predicted_wr,residual_wr,measured_d2,predicted_d2,residual_d2,name
Abra [TWM 80],-0.004910666083749982,-0.0014178116628789355,-0.0034928544208710464,-0.009392836376283811,-0.002647657984669175,-0.006745178391614636,Abra
Academy at Night,-0.0071672260541324456,0.0032518464325460234,-0.01041907248667847,-0.016169842351256816,0.0005228985335174212,-0.016692740884774238,Academy at Night
Air Balloon,-0.0017638887801001567,-0.001990107658866027,0.00022621887876587022,-0.009015217940017953,-0.002679095248868482,-0.006336122691149471,Air Balloon
Alakazam [MEG 56],-0.012793829808523477,0.005409871169753397,-0.018203700978276872,-0.02768587107255359,0.008497393913035384,-0.03618326498558897,Alakazam
Alakazam [TWM 82],0.005452600994946466,0.005442300199823798,1.0300795122667773e-05,0.05790525371001372,0.008569821079993082,0.04933543263002064,Alakazam
Annihilape [PBL 41],0.0228299481452975,0.0007406676592196494,0.02208928048607785,0.07789974308097863,-0.0008512040662108002,0.07875094714718943,Annihilape
Annihilape [SSP 100],-0.01979277744086463,0.0007406676592196494,-0.02053344510008428,-0.06218785905595468,-0.0008512040662108002,-0.06133665498974388,Annihilape
Battle Cage,-0.008018824275665474,0.0006351786024449468,-0.00865400287811042,-0.013545120355421724,-0.0015015131603821636,-0.01204360719503956,Battle Cage
Bianca's Devotion,0.012349329800726347,-0.009576118161458147,0.021925447962184492,-0.03720862705432343,-0.01483880348664724,-0.022369823567676188,Bianca's Devotion
Binding Mochi,-0.005790060618318993,0.0011520666793195125,-0.006942127297638505,-0.007896729195585137,0.00011627758785263129,-0.008013006783437767,Binding Mochi
Black Belt's Training,0.0017710773798464074,-0.00948177243549862,0.011252849815345026,0.00048139248721177155,-0.015388763523998926,0.015870156011210695,Black Belt's Training
Blaziken ex [JTG 24],-0.0029044640630347942,0.004653125739441406,-0.0075575898024762,-0.017547335806645865,0.002739743752547709,-0.020287079559193573,Blaziken ex
Boss's Orders,0.004385025835706741,-0.0023968566611939604,0.006781882496900701,0.00041697862666421274,-0.009591388548318638,0.01000836717498285,Boss's Orders
Brave Bangle,0.006182455345003921,0.000993152061864354,0.005189303283139567,0.0071765197442933545,-0.0005000068517130888,0.007676526596006443,Brave Bangle
Briar,0.008529814309673386,-0.0061867481117753795,0.014716562421448766,0.014114379752227154,-0.013449644497572813,0.027564024249799965,Briar
Brock's Scouting,0.004810075268574786,0.002213062190674789,0.0025970130778999972,0.00283498557272816,-0.0012257213891815894,0.00406070696190975,Brock's Scouting
Buddy-Buddy Poffin,0.01701433528415367,0.01093195826054788,0.006082377023605791,0.01605449602913966,0.011263767826755016,0.004790728202384645,Buddy-Buddy Poffin
Budew [ASC 16],-0.0031392594296191637,0.0024928347773927073,-0.005632094207011871,-0.005906337728215291,0.005134379109576575,-0.011040716837791866,Budew
Bug Catching Set,0.011245739678388666,0.009276072493685375,0.0019696671847032905,0.009496795988054684,0.009079116229757059,0.000417679758297625,Bug Catching Set
Chien-Pao [SSP 56],-0.0033742931914349118,0.0018143572630104857,-0.0051886504544453975,-0.004102379710703009,-0.00013393682206536096,-0.003968442888637649,Chien-Pao
Ciphermaniac's Codebreaking,0.0055627049807180995,0.0007789796314946027,0.004783725349223496,0.010227453914078173,-0.0031177424547869305,0.013345196368865104,Ciphermaniac's Codebreaking
Crispin,-0.005992212394612261,0.00015367532152182938,-0.0061458877161340904,-0.009111187388759082,-0.004112524694586372,-0.00499866269417271,Crispin
Crushing Hammer,0.002604080385573476,0.0008827750923433876,0.0017213052932300882,0.0033586613358990887,-0.0017992288837177326,0.005157890219616821,Crushing Hammer
Crustle [DRI 12],0.020855470841637143,0.0004662559629517185,0.020389214878685426,-0.0022119961717681786,-0.0025428716863996293,0.00033087551463145074,Crustle
Cyrano,0.009154120268752713,0.007949392427395537,0.0012047278413571758,0.016423353099203317,0.006342362873239775,0.010080990225963543,Cyrano
Dawn,0.003221775495244903,0.004364186029445069,-0.0011424105342001658,0.008130449583405218,0.0016123102092264223,0.006518139374178796,Dawn
Dipplin [PRE 10],0.0023725796349794385,0.0004660446584626414,0.0019065349765167972,0.025996055080814404,-0.0025441743165973718,0.028540229397411777,Dipplin
Dudunsparce [PRE 80],-0.004292955819465232,0.005429773965032658,-0.00972272978449789,-0.02165507505160788,0.008541844921082387,-0.030196919972690268,Dudunsparce
Dunsparce [JTG 120],0.009048890650194383,0.00023631400118042173,0.008812576649013961,0.020246095896786557,-0.002556793841141144,0.0228028897379277,Dunsparce
Dunsparce [PRE 79],-0.005664645180962538,0.00023631400118042173,-0.0059009591821429595,0.0048883608970767285,-0.002556793841141144,0.007445154738217873,Dunsparce
Dusclops [PRE 36],0.00802854334455148,0.0010765238670200114,0.006952019477531469,0.0051448889956822366,-0.0001766838809332933,0.00532157287661553,Dusclops
Dusknoir [PRE 37],-0.0053156137070984235,0.0020541997143789063,-0.00736981342147733,-0.005300045230552899,0.003614826436464254,-0.008914871667017153,Dusknoir
Energy Recycler,-0.0281727733962656,0.0021336662535877786,-0.030306439649853377,-0.020681045385005516,-0.00012819241688078636,-0.02055285296812473,Energy Recycler
Energy Retrieval,-0.001500224570412252,0.004636483387687408,-0.006136707958099659,0.009769507800858423,0.0034977865893646306,0.006271721211493792,Energy Retrieval
Energy Switch,0.0013673460770595885,0.0022017224752703866,-0.0008343763982107981,-0.011512330477067182,-0.0003538228041540317,-0.01115850767291315,Energy Switch
Enhanced Hammer,-0.007944228532828636,0.0015149346666945601,-0.009459163199523196,-0.01338120648407646,-0.0006691832967453042,-0.012712023187331157,Enhanced Hammer
Eri,0.007779375836475232,-0.008597207321455157,0.016376583157930388,0.02319766568773552,-0.014842033631540182,0.0380396993192757,Eri
Ethan's Adventure,-0.020756322000654033,0.011534598825346002,-0.03229092082600003,-0.027085255786526468,0.011072415537253124,-0.03815767132377959,Ethan's Adventure
Fan Rotom [ASC 171],0.012637599795288855,0.01821340946908182,-0.005575809673792963,0.016180174741198247,0.020870368915746222,-0.004690194174547975,Fan Rotom
Fezandipiti ex [ASC 142],0.01574311639028936,0.010946413551532811,0.00479670283875655,0.03062633334789308,0.020862736896867195,0.009763596451025886,Fezandipiti ex
Fighting Gong,0.011427347423611093,0.005696075603241417,0.005731271820369676,0.008238359081417868,0.004355936599573346,0.0038824224818445217,Fighting Gong
Flutter Mane [PRE 43],-0.005283583367102257,0.002468291728814912,-0.007751875095917169,-0.012447195014824306,0.001035033462075197,-0.013482228476899503,Flutter Mane
Forest of Vitality,-0.0023175389519124964,0.0013617833568181181,-0.0036793223087306145,-0.025095608598733565,0.0009055182375684442,-0.02600112683630201,Forest of Vitality
Froslass [SVP 117],0.0031613397849354647,0.0014549232143335326,0.0017064165706019321,0.016804989421103325,0.001290781059835616,0.015514208361267708,Froslass
Genesect [SFA 40],0.01292001268827626,0.0020149132042136465,0.010905099484062614,0.00642950748511547,0.0002245760684976691,0.0062049314166178005,Genesect
Gladion's Final Battle,0.02830826187655763,-0.008986905308640441,0.03729516718519807,0.0035855876250615367,-0.013469626601170867,0.017055214226232403,Gladion's Final Battle
Glass Trumpet,0.001724430727560474,0.005991963031270802,-0.004267532303710329,-0.020428877493615268,0.0044292994170128785,-0.024858176910628145,Glass Trumpet
Gravity Mountain,0.002756517887068742,0.0011713898017994503,0.0015851280852692915,-0.007402035367522961,0.00019121430480737323,-0.0075932496723303345,Gravity Mountain
Gwynn,0.028070404876340514,0.0027326445749836655,0.02533776030135685,0.03726961922273106,0.003832385022371608,0.033437234200359454,Gwynn
Handheld Fan,0.004094093522410667,0.0011098440134121208,0.002984249508998546,-0.0001946880704142114,-0.0013933215106376423,0.0011986334402234308,Handheld Fan
Hariyama [MEG 73],0.00552181547126395,0.008367410995946869,-0.002845595524682919,0.06310404369346866,0.005499721947016804,0.05760432174645185,Hariyama
Hero's Cape,-0.0011801195397768858,0.005382943930849994,-0.0065630634706268795,0.00792668649693462,0.005963234161140343,0.001963452335794278,Hero's Cape
Hilda,0.002233297313085525,0.004364186029445069,-0.002130888716359544,-0.006717387301507467,0.0016123102092264223,-0.00832969751073389,Hilda
Hydrapple ex [PRE 11],0.010340805334388335,0.0029270059368989446,0.00741379939748939,0.019343205888515992,0.0009562604329434204,0.01838694545557257,Hydrapple ex
Iron Crown ex [PRE 158],0.0018659016989476494,0.0014517135103635395,0.00041418818858410993,-0.015884036794671604,0.0012783335540995427,-0.017162370348771147,Iron Crown ex
Iron Leaves ex [PRE 176],0.002382682348610282,0.004101537922698726,-0.0017188555740884444,0.007725170955766845,0.003283364082741299,0.0044418068730255455,Iron Leaves ex
Jamming Tower,-0.007030136205419021,0.001606213229100185,-0.008636349434519207,-0.024951857717971863,-0.000506014152724141,-0.024445843565247722,Jamming Tower
Janine's Secret Art,0.007754247067178737,-0.0040568353864014126,0.01181108245358015,0.002353931413764069,-0.009837359598399166,0.012191291012163236,Janine's Secret Art
Judge,0.007303168580681007,0.007412663395039449,-0.0001094948143584417,0.008848439124593828,0.007975995947138492,0.0008724431774553357,Judge
Jumbo Ice Cream,0.005800069786418458,0.0006727454061744064,0.0051273243802440515,0.007637512924764597,-0.0012699248340556281,0.008907437758820226,Jumbo Ice Cream
Kieran,-0.005434712682552912,-0.010834277116695348,0.0053995644341424355,-0.009600509692970195,-0.016645529680994045,0.00704501998802385,Kieran
Lana's Aid,0.004654985640593502,-0.003589874861762585,0.008244860502356087,-0.0033509769273324785,-0.008055017203115716,0.004704040275783238,Lana's Aid
Latias ex [SSP 220],-0.010993464405803835,-0.0015602201434790513,-0.009433244262324784,-0.02273141752346954,-0.002655480742578089,-0.02007593678089145,Latias ex
Lillie's Clefairy ex [ASC 280],-0.015236020481208364,0.002759108310194788,-0.01799512879140315,-0.01367010074389188,0.006348522089351775,-0.020018622833243654,Lillie's Clefairy ex
Lillie's Determination,0.007413142784456105,0.009053445551384716,-0.0016403027669286106,0.01011289265303304,0.012409233019348698,-0.0022963403663156592,Lillie's Determination
Lucky Helmet,0.009459593873682833,0.002498697918870009,0.006960895954812824,0.023113011897753062,0.001995564205924879,0.021117447691828183,Lucky Helmet
Lumiose City,0.013059104104558183,0.0061120389859436915,0.006947065118614492,0.03174664861790724,0.004904727516494522,0.02684192110141272,Lumiose City
Lunatone [ASC 105],0.016502910422014263,0.00869406970402507,0.007808840717989193,0.056314866998206384,0.011193282878716598,0.045121584119489785,Lunatone
Maximum Belt,0.002705205529151205,0.005977051959626869,-0.003271846430475664,-0.003588417481810156,0.007504035091293165,-0.011092452573103321,Maximum Belt
Mega Greninja ex [CRI 100],-0.043335320954974645,0.0041717316346070775,-0.047507052589581725,-0.05438330271768065,0.0029801265423135596,-0.057363429259994214,Mega Greninja ex
Mega Kangaskhan ex [MEG 104],0.02420082215109118,0.0006000238224365417,0.02360079832865464,0.05108692984546788,-0.002244944544478863,0.05333187438994674,Mega Kangaskhan ex
Mega Signal,-0.01753141350178133,0.007460270168521438,-0.02499168367030277,-0.01840849053045879,0.006683482709083534,-0.025091973239542327,Mega Signal
Meganium [MEG 10],0.026679288533399338,0.0022131857260168837,0.024466102807382453,0.02823912817812996,-0.0003393566697326754,0.028578484847862635,Meganium
Meowth ex [POR 107],0.010633298950218934,0.008304650296781593,0.0023286486534373416,0.014793204546853985,0.00779749457668482,0.006995709970169165,Meowth ex
Mew ex [30C 152],-0.009376188952276921,0.005848279332561256,-0.015224468284838177,-0.017256489509859495,0.006069454762214546,-0.02332594427207404,Mew ex
Miracle Headset,0.010099442769943307,0.00930701923049726,0.0007924235394460473,-0.03217132380569047,0.010074242190131399,-0.04224556599582187,Miracle Headset
Munkidori [ASC 99],0.007544499626947641,0.002595102584481885,0.004949397042465756,0.012390476958609791,0.006746844632037419,0.005643632326572372,Munkidori
N's Castle,-0.006134237229147238,-0.0019205904692069895,-0.004213646759940249,-0.01534237819463734,-0.002675276542686666,-0.012667101651950674,N's Castle
N's PP Up,0.014164509669304132,0.0028095060268677574,0.011355003642436374,0.02320971710122605,0.0004131741630180991,0.022796542938207952,N's PP Up
Night Stretcher,0.0023519610370865917,0.0023885095090451945,-3.6548471958602804e-05,0.0025936977301910837,0.00024101405912659978,0.002352683671064484,Night Stretcher
Nighttime Mine,-0.003933724482369377,0.0009555728037060696,-0.004889297286075446,-0.007418006795426165,-0.0016690960251724437,-0.005748910770253721,Nighttime Mine
Noctowl [PRE 78],-0.0009544615456023521,0.015529394786698528,-0.01648385633230088,0.0056391547033672815,0.01732928107045073,-0.011690126367083449,Noctowl
Patrat [CRI 70],0.006552224997324734,0.0007069140539365658,0.005845310943388168,0.009733901715696077,-0.0010592851425592217,0.010793186858255298,Patrat
Pecharunt [SVP 129],0.01679546326862273,0.0016829171720579702,0.015112546096564757,0.029121970200461478,0.0021749610724151615,0.026947009128046318,Pecharunt
Pecharunt ex [PRE 163],-0.013198668703852107,-0.004643097534930819,-0.008555571168921288,-0.022801715621629266,-0.004517417503637159,-0.018284298117992107,Pecharunt ex
Poké Pad,0.010973168980703217,0.005783614213860053,0.0051895547668431635,0.009194952202825742,0.004471428482717762,0.00472352372010798,Poké Pad
Pokégear 3.0,0.0077276246656990824,0.005391898864636081,0.002335725801063002,0.010747978025476904,0.003954628604141463,0.00679334942133544,Pokégear 3.0
Pokémon Catcher,0.011503364259337703,0.0037093171498255866,0.0077940471095121165,0.018098839171331125,0.0007576024092066807,0.017341236762124443,Pokémon Catcher
Pokémon Center Lady,-0.00527038321486814,-0.009776378861907473,0.004505995647039333,-0.07106361351009077,-0.016073351966737114,-0.05499026154335366,Pokémon Center Lady
Precious Trolley,0.042270408233519054,0.03373082728037152,0.008539580953147531,0.02830209086771915,0.041746074673097364,-0.013443983805378215,Precious Trolley
Premium Power Pro,-0.00565587921508144,0.0007540637333284195,-0.006409942948409859,-0.004305909051586325,-0.0014272117804859299,-0.002878697271100395,Premium Power Pro
Prime Catcher,0.012494861751897367,0.011064139907565076,0.001430721844332291,0.010044216672594208,0.01153620688915753,-0.0014919902165633232,Prime Catcher
Prism Tower,0.005254062897692818,0.004086774700556503,0.001167288197136315,0.0009294675590487515,0.0014421261133228398,-0.0005126585542740883,Prism Tower
Psyduck [ASC 226],-0.016125285146057527,0.0007127558722564813,-0.016838041018314008,-0.03144040660954168,-0.001023272046072336,-0.030417134563469343,Psyduck
Rabsca [TEF 24],-0.006928013367834189,0.0007513986963634049,-0.0076794120641975935,-0.002136449516961791,-0.0007850503697247365,-0.0013513991472370545,Rabsca
Rare Candy,-0.010584769612179953,0.0011302678569063236,-0.011715037469086278,-0.021914422362929245,1.3899624142473324e-05,-0.021928321987071717,Rare Candy
Risky Ruins,-0.0028045651253244437,0.0009271972885833836,-0.0037317624139078273,-0.016779400003119945,-0.0007557850874667419,-0.016023614915653205,Risky Ruins
Rosa's Encouragement,-0.015494439468604017,-0.006424757056783567,-0.00906968241182045,-0.02481520960758579,-0.012825575937770294,-0.011989633669815494,Rosa's Encouragement
Ruffian,-0.005879596933285438,-0.008252349261229747,0.0023727523279443094,-0.023896078494409067,-0.01422556692771848,-0.009670511566690587,Ruffian
Sacred Ash,-0.007262950628590783,0.003656340966992654,-0.010919291595583438,-0.01347386846321631,0.0020777963742791583,-0.015551664837495469,Sacred Ash
Seaking [PRE 21],-0.005149195035769379,0.010015516765911647,-0.015164711801681026,0.05182859238570023,0.022070951517710356,0.029757640867989873,Seaking
Secret Box,0.03877543520627462,0.043787385840853524,-0.0050119506345789044,0.05063027965213854,0.05142168656242316,-0.00079140691028462,Secret Box
Shaymin [DRI 10],-0.0094350506199502,0.0010083321456577743,-0.010443382765607974,-0.025470668528826797,0.0007988689843917581,-0.026269537513218554,Shaymin
Special Red Card,-0.0008028768985532016,0.0033275459882481455,-0.0041304228868013475,-0.013446629890986715,0.002571032477761048,-0.016017662368747763,Special Red Card
Surfer,-0.006149167708543296,-0.008737231604828746,0.00258806389628545,-0.004947773860458766,-0.011130883324402764,0.006183109463943999,Surfer
Switch,-0.008320592217485328,-0.00107385601961173,-0.007246736197873598,-0.0183641618676621,-0.0026287638730450257,-0.015735397994617074,Switch
Tarragon,-0.005702891800747808,-0.001460953294897847,-0.0042419385058499615,-0.024354787374018874,-0.004970722788545294,-0.01938406458547358,Tarragon
Tatsugiri [SVP 118],0.015666905002258223,0.013272448157763543,0.0023944568444946805,0.015790467454121306,0.01435163481253022,0.001438832641591085,Tatsugiri
Teal Mask Ogerpon ex [PRE 12],-0.007115020985838565,0.0008246489887751298,-0.007939669974613695,-0.004112100805745974,-0.001979653362464834,-0.00213244744328114,Teal Mask Ogerpon ex
Team Rocket's Archer,0.021556948971118674,0.006037354165867935,0.015519594805250739,0.03667895586878015,0.008909724236782195,0.027769231631997956,Team Rocket's Archer
Team Rocket's Ariana,0.012671859958031434,-0.005069242228543,0.017741102186574435,-0.0018571059236969665,-0.006347693334487202,0.004490587410790236,Team Rocket's Ariana
Team Rocket's Petrel,-0.00280366120755213,-0.002806226766455864,2.5655589037340033e-06,-0.005079693259280862,-0.007847795118800282,0.0027681018595194194,Team Rocket's Petrel
Team Rocket's Spidops [ASC 19],0.02571565030461227,0.0005016435364295613,0.02521400676818271,0.06024110565638691,-0.002499250048140949,0.06274035570452786,Team Rocket's Spidops
Team Rocket's Transceiver,0.016545863194247466,0.005631112981682647,0.010914750212564819,0.025677945188176312,0.004270229784662771,0.021407715403513543,Team Rocket's Transceiver
Team Rocket's Watchtower,0.008285812725685708,0.00210298779634481,0.006182824929340898,0.010547234049711965,0.000382017809792769,0.010165216239919195,Team Rocket's Watchtower
Tool Scrapper,-0.00946681017548101,0.0016152814244630308,-0.011082091599944041,-0.0124513805806494,-0.000489803887836347,-0.011961576692813053,Tool Scrapper
Ultra Ball,0.019458912787717077,0.011092782237898974,0.008366130549818104,0.02479601568641208,0.009641733215721482,0.0151542824706906,Ultra Ball
Unfair Stamp,0.030255466444465213,0.02221269669241055,0.008042769752054663,0.04980663172184575,0.03217816705733874,0.01762846466450701,Unfair Stamp
Wally's Compassion,-0.005013798400018162,-0.00930910389419238,0.004295305494174219,-0.004247725815543446,-0.013192738846527406,0.00894501303098396,Wally's Compassion
Wondrous Patch,0.007495848012764163,0.0029929791774343417,0.004502868835329821,-0.004992349234758237,0.0006447094680987289,-0.005637058702856966,Wondrous Patch
Xerosic's Machinations,-0.008702145763103328,-0.007102822393811712,-0.001599323369291616,-0.005340460002748612,-0.012170677914979479,0.006830217912230867,Xerosic's Machinations
Yveltal [MEG 88],0.007870564370272306,0.013374241704335798,-0.005503677334063492,0.00404073442898671,0.012501808775339338,-0.008461074346352628,Yveltal
