card_key,lists,copies,lists_day2,lists_topcut,inclusion,avg_copies,inclusion_day2,inclusion_topcut,day2_lift,name,cat,set,number,marks,legal_post,subtypes,jp_prints
Night Stretcher,5258,10094,971,16,0.9104761904761904,1.9197413465195892,0.9177693761814745,0.8421052631578947,1.008010298107268,Night Stretcher,trainer,ASC,196,H,0,Item,M1L;M2a;MA;MBD;MBG;MC;MP;SV6a;SV8;SV8a;SVN;SVP
Boss's Orders,5237,14154,967,16,0.9068398268398269,2.7026923811342374,0.9139886578449905,0.8421052631578947,1.0078832344958601,Boss's Orders,trainer,MEG,114,G/I,1,Supporter,MA;MBD;MBG;MC;MEE;MEM;MEZ;MF;MP;S12a;S2;S4a;S8b;S9;SEF;SEK;SF;SGG;SGI;SH;SI;SJ;SK;SLD;SLL;SN;SO;SPD;SPZ;SV1a;SV4a;SVB;SVD;SVEL;SVEM;SVF;SVG;SVHK;SVHM;SVI;SVJL;SVJP;SVK;SVLN;SVLS;SVM;SVN;SVOD;SVOM;SVP
Ultra Ball,5036,16995,938,18,0.872034632034632,3.374702144559174,0.8865784499054821,0.9473684210526315,1.016678027840381,Ultra Ball,trainer,MEG,131,F/G/I,1,Item,20th;BKB;BKR;BKW;BKZ;CP4;GBR;KK;M2a;M6a;MA;MBD;MBG;MC;MDB;MEE;MEM;MEZ;MF;MMBp;MMBs;MP1;S12a;S9;SI;SK;SLD;SLL;SM10;SM1p;SM3p;SM5M;SM6;SM7;SM7a;SM8;SM9;SM9b;SMA;SMB;SMC;SME;SMF;SMG;SMH;SMI;SMJ;SMK;SMM;SMN;SMP;SN;SO;SPD;SPZ;SV1V;SV4a;SVAL;SVAM;SVAW;SVB;SVC;SVD;SVEL;SVEM;SVF;SVG;SVHK;SVHM;SVJL;SVJP;SVK;SVLN;SVLS;SVM;SVN;SVOD;SVOM;SVP;SZD;WCS23;XYA;XYB;XYC;XYD;XYG;XYH
Lillie's Determination,5003,18503,916,16,0.8663203463203463,3.6983809714171496,0.8657844990548205,0.8421052631578947,0.999381467527801,Lillie's Determination,trainer,MEG,119,I,1,Supporter,M1L;M2a;MA;MBD;MBG;MC;MEE;MEM;MEZ;MF;MP;MP1
Poké Pad,4756,17173,885,14,0.8235497835497836,3.61080740117746,0.8364839319470699,0.7368421052631579,1.0157053631190767,Poké Pad,trainer,POR,81,J,1,Item,M3;M6a;MC;MEE;MEM;MEZ;MF;MP;MP1
Fezandipiti ex [ASC 142],4162,4214,851,16,0.7206926406926407,1.0124939932724653,0.8043478260869565,0.8421052631578947,1.116076092179763,Fezandipiti ex,pokemon,ASC,142,H,0,"Basic,ex",M2a;MA;MC;SV6a;SV8a;SVN
Buddy-Buddy Poffin,3982,14634,783,12,0.6895238095238095,3.6750376695128075,0.7400756143667296,0.631578947368421,1.0733140816092073,Buddy-Buddy Poffin,trainer,ASC,184,H,0,Item,M1S;M2a;MA;MBD;MBG;MC;SV5K;SV6;SV8a;SVK;SVN;SVOD;SVOM;SVP
Meowth ex [POR 107],3959,5277,780,15,0.6855411255411256,1.3329123516039403,0.7372400756143668,0.7894736842105263,1.0754133459643769,Meowth ex,pokemon,POR,62,J,1,"Basic,ex",M3
Special Red Card,3652,3845,690,11,0.6323809523809524,1.0528477546549835,0.6521739130434783,0.5789473684210527,1.031299109481404,Special Red Card,trainer,CRI,82,J,1,Item,M4;MP
Psychic Energy,3237,9423,700,16,0.5605194805194805,2.911028730305839,0.6616257088846881,0.8421052631578947,1.180379508436538,Psychic Energy,energy,MEE,5,basic,1,,20th;BTV;BWP;CP4;HS;HSP;HSZ;M6a;MC;MDB;MF;MGm;MMBp;MMBs;MP;PBG;PPD;S10b;S8a;SI;SM1p;SMA;SMB;SMD;SMP;SP;SP4;SPD;SV2a;SVI;SVP;SZD;WAK;XYE;XYP
Unfair Stamp,2667,2667,600,10,0.4618181818181818,1.0,0.5671077504725898,0.5263157894736842,1.2279892234642693,Unfair Stamp,trainer,TWM,165,H,0,"Item,ACE SPEC",MA;MC;SV5a
Crispin,2613,6934,583,12,0.45246753246753246,2.6536548029085343,0.5510396975425331,0.631578947368421,1.217854670228905,Crispin,trainer,SCR,133,H,0,Supporter,MC;SV7;SV8a;SVK;SVLN;SVLS;SVP
Budew [ASC 16],2579,3270,551,10,0.4465800865800866,1.2679333074835208,0.5207939508506616,0.5263157894736842,1.1661826545802911,Budew,pokemon,ASC,16,H,0,Basic,M2a;SV8a
Darkness Energy,2477,7106,575,10,0.4289177489177489,2.8687928946306016,0.5434782608695652,0.5263157894736842,1.2670920292780536,Darkness Energy,energy,MEE,7,basic,1,,BGS;BWP;CP4;HXY;KLD;M6a;MC;MDB;MF;MMBp;MMBs;MP;PBG;S10b;S8a;SGG;SH;SI;SM2p;SMA;SMB;SMP;SP;SVI;SVP;SZD;WAK;XYA;XYC;XYP;Y30
Munkidori [ASC 99],2470,4354,577,10,0.4277056277056277,1.762753036437247,0.5453686200378072,0.5263157894736842,1.2751027452300958,Munkidori,pokemon,ASC,99,H,0,Basic,M2a;MC;MP;SV6;SV8a
Fire Energy,2200,7325,502,11,0.38095238095238093,3.3295454545454546,0.47448015122873344,0.5789473684210527,1.2455103969754253,Fire Energy,energy,MEE,2,basic,1,,20th;BGS;BKR;BKW;BTV;BWP;CP4;HS;HSP;HSZ;HXY;M6a;MC;MDB;MF;MMBp;MMBs;MP;S10b;S8a;SAr;SH;SI;SM1p;SMA;SMB;SMP;SO;SP;SP2;SP4;SV3;SVI;SVP;WAK;XYA;XYD;XYE;XYP
Dreepy [ASC 158],2075,8120,490,9,0.3593073593073593,3.9132530120481928,0.46313799621928164,0.47368421052631576,1.2889744232126996,Dreepy,pokemon,ASC,158,H,0,Basic,M2a;MC;SV6;SV8a
Drakloak [ASC 159],2075,8100,490,9,0.3593073593073593,3.9036144578313254,0.46313799621928164,0.47368421052631576,1.2889744232126996,Drakloak,pokemon,ASC,159,H,0,Stage 1,M2a;MC;SV6;SV8a
Dragapult ex [ASC 160],2012,5521,483,9,0.3483982683982684,2.74403578528827,0.45652173913043476,0.47368421052631576,1.310344455009076,Dragapult ex,pokemon,ASC,160,H,0,"Stage 2,Tera,ex",M2a;MC;SV6;SV8a
Team Rocket's Watchtower,1944,3286,449,6,0.3366233766233766,1.690329218106996,0.42438563327032136,0.3157894736842105,1.2607134938971738,Team Rocket's Watchtower,trainer,ASC,210,I,1,Stadium,M2a;SV10
Dawn,1640,3143,286,6,0.283982683982684,1.9164634146341464,0.27032136105860116,0.3157894736842105,0.9518938171423302,Dawn,trainer,PFL,87,I,1,Supporter,M2;MEE;MEM;MP
Rare Candy,1582,3786,200,4,0.2739393939393939,2.393173198482933,0.1890359168241966,0.21052631578947367,0.6900647406193018,Rare Candy,trainer,MEG,125,F/G/I,1,Item,20th;BKB;BKW;BW4;BWP;CP4;GBR;KK;M1S;MA;MBG;MC;MDB;MEE;MEM;MMBp;MMBs;S10b;S1H;SAr;SB;SC2;SCd;SCr;SD;SF;SI;SK;SM10;SM1p;SM4p;SM5M;SM6;SM6b;SM7;SM8;SM9;SMA;SMB;SMC;SME;SMF;SMG;SMH;SMJ;SML;SMN;SMP;SP;SV1V;SV3a;SV4a;SVAL;SVB;SVD;SVEL;SVF;SVG;SVHK;SVHM;SVI;SVJL;SVJP;SVK;SVM;SVN;SVOD;SVOM;SVP;SZD;XY5g;XYP
Shaymin [DRI 10],1528,1528,231,3,0.2645887445887446,1.0,0.21833648393194707,0.15789473684210525,0.825191881352745,Shaymin,pokemon,DRI,10,I,1,Basic,M2a;MA;MP;SV9a
Grass Energy,1397,11139,226,3,0.2419047619047619,7.973514674302076,0.21361058601134217,0.15789473684210525,0.883035887054761,Grass Energy,energy,MEE,1,basic,1,,20th;BKZ;BWP;CP4;HS;HSP;HSZ;HXY;M6a;MC;MF;MGg;MMBp;MMBs;MP;S10b;S8a;SAg;SH;SI;SM1p;SMA;SMB;SMP;SP;SP2;SV2D;SVI;SVP;SZD;WAK;XYP
Hilda,1372,3440,187,2,0.23757575757575758,2.507288629737609,0.1767485822306238,0.10526315789473684,0.7439672466340033,Hilda,trainer,WHT,84,I,1,Supporter,M2a;MC;MP;SV11W
Lillie's Clefairy ex [ASC 280],1353,1796,223,10,0.2342857142857143,1.327420546932742,0.2107750472589792,0.5263157894736842,0.8996495919590575,Lillie's Clefairy ex,pokemon,ASC,76,I,1,"Basic,ex",M2a;MC;SV9
Judge,1329,1627,283,2,0.23012987012987013,1.2242287434161023,0.2674858223062382,0.10526315789473684,1.1623255258228182,Judge,trainer,POR,76,G/J,1,Supporter,20th;MC;MEE;MEZ;MF;MP1;S11a;S8b;SH;SI;SM11a;SM6;SM7a;SM9;SMH;SMI;SML;SMN;SMP;SN;SNPo;SO;SV4a;SV9a;SVAL;SVAM;SVAW;SVC;SVD;SVI;SVM;WCS23
Crushing Hammer,1255,4606,366,5,0.21731601731601732,3.670119521912351,0.34593572778827975,0.2631578947368421,1.591855639822562,Crushing Hammer,trainer,POR,71,F/G/J,1,Item,20th;BTV;BW1b;HXY;M5;MC;MDB;MEZ;MF;MGm;SAr;SAw;SD;SEK;SH;SI;SM1S;SM5M;SMA;SMD;SMH;SML;SMN;SVAW;SVD;SVI;SVM;SVP;Y30
Moltres [PFL 14],1121,1123,246,5,0.19411255411255413,1.0017841213202499,0.23251417769376181,0.2631578947368421,1.1978317361119308,Moltres,pokemon,PFL,14,I,1,Basic,M2
Team Rocket's Petrel,1114,2840,150,3,0.1929004329004329,2.5493716337522443,0.14177693761814744,0.15789473684210525,0.7349746990527841,Team Rocket's Petrel,trainer,ASC,207,I,1,Supporter,M2a;MC;SV10
Lana's Aid,1106,1131,199,2,0.19151515151515153,1.0226039783001808,0.1880907372400756,0.10526315789473684,0.9821193558421669,Lana's Aid,trainer,TWM,155,H,0,Supporter,MC;SV5a;SV8a;SVK
Dudunsparce [PRE 80],1084,2494,166,3,0.1877056277056277,2.300738007380074,0.15689981096408318,0.15789473684210525,0.8358822954959229,Dudunsparce,pokemon,TEF,129,H,0,Stage 1,MP;SV5K;SV8a
Air Balloon,1082,1611,137,2,0.18735930735930736,1.488909426987061,0.12948960302457466,0.10526315789473684,0.6911298128160062,Air Balloon,trainer,ASC,181,I,1,Pokémon Tool,M1L;M2a;MA;MBD;MBG;MC;MEE;MEM;MEZ;MP;S1W;S4a;S8b;SD;SF;SK;SV11B
Ciphermaniac's Codebreaking,1044,1642,199,5,0.1807792207792208,1.5727969348659003,0.1880907372400756,0.2631578947368421,1.0404444516871998,Ciphermaniac's Codebreaking,trainer,TEF,145,H,0,"Supporter,Future",MC;SV5M;SV8a;SVN
Latias ex [SSP 220],1036,1815,176,5,0.17939393939393938,1.751930501930502,0.166351606805293,0.2631578947368421,0.9272978082051807,Latias ex,pokemon,SSP,76,H,0,"Basic,ex",M2a;MC;MP;SV7a
Dunsparce [JTG 120],997,2317,159,3,0.17264069264069265,2.323971915747242,0.1502835538752363,0.15789473684210525,0.8704990206915642,Dunsparce,pokemon,JTG,120,I,1,Basic,MC;SV9
Water Energy,975,3052,132,3,0.16883116883116883,3.1302564102564103,0.12476370510396975,0.15789473684210525,0.7389850225388978,Water Energy,energy,MEE,3,basic,1,,20th;BGS;BKB;BKR;BKW;BWP;CP4;GBR;HS;HSP;HSZ;HXY;KK;KLD;M6a;MC;MDB;MMBp;MMBs;MP;S10b;S8a;SAw;SGI;SH;SI;SM2p;SMA;SMB;SMD;SMP;SP;SP2;SP4;SV2P;SVI;SVP;WAK;XYF;XYP
Fighting Energy,927,4017,135,3,0.1605194805194805,4.333333333333333,0.1275992438563327,0.15789473684210525,0.7949143832473802,Fighting Energy,energy,MEE,6,basic,1,,20th;BGS;BWP;CP4;GBR;HS;HSP;HSZ;M6a;MC;MMBp;MMBs;MP;S10b;S8a;SAf;SH;SI;SM2p;SMA;SMB;SMD;SMP;SP;SV1S;SVI;SVP;WAK;WCS23;XYG;XYP
Risky Ruins,926,1443,189,6,0.16034632034632035,1.5583153347732182,0.1786389413988658,0.3157894736842105,1.1140819509486501,Risky Ruins,trainer,MEG,127,I,1,Stadium,M1L
Mega Kangaskhan ex [MEG 104],912,2571,196,6,0.15792207792207794,2.8190789473684212,0.18525519848771266,0.3157894736842105,1.1730797930554173,Mega Kangaskhan ex,pokemon,MEG,104,I,1,"Basic,MEGA,ex",M1S;MP
Switch,902,979,141,4,0.15619047619047619,1.0853658536585367,0.1332703213610586,0.21052631578947367,0.8532551062750703,Switch,trainer,MEG,130,F/G/I,1,Item,20th;BGS;BKB;BKR;BKW;BKZ;BKc;BKt;BKv;BTV;CP6;HS;HSP;HSZ;HXY;KK;KLD;M2;M6a;MA;MBD;MBG;MC;MF;MGg;MGm;MMBp;MMBs;MP1;S11a;S3a;S7R;SAf;SAg;SAl;SAr;SAw;SB;SC2;SCd;SCr;SD;SEF;SEK;SF;SGG;SGI;SH;SI;SJ;SK;SLD;SLL;SM11a;SM1M;SM3p;SM6;SM6b;SM7;SM7a;SM8;SMA;SMC;SMD;SME;SMH;SMI;SMJ;SMK;SML;SMM;SMN;SMP;SN;SO;SP;SPD;SPZ;SV2a;SV3a;SV5a;SV9a;SVAL;SVAM;SVAW;SVB;SVC;SVD;SVEL;SVEM;SVF;SVG;SVHK;SVHM;SVI;SVJL;SVJP;SVK;SVLN;SVLS;SVM;SVN;SVOD;SVOM;SVP;WAK;WCS23;X30;XYA;XYB;XYC;XYD;XYE;XYF;XYG;XYP;Y30
Teal Mask Ogerpon ex [PRE 12],870,2934,146,1,0.15064935064935064,3.372413793103448,0.13799621928166353,0.05263157894736842,0.9160093866110425,Teal Mask Ogerpon ex,pokemon,TWM,25,H,0,"Basic,Tera,ex",M2a;MC;SV6;SV8a
Bug Catching Set,808,2905,116,1,0.1399134199134199,3.5952970297029703,0.10964083175803403,0.05263157894736842,0.7836334200527804,Bug Catching Set,trainer,TWM,143,H,0,Item,M2a;MA;MC;SV6;SV8a;SVK;SVN
Psyduck [ASC 226],792,793,118,1,0.13714285714285715,1.0012626262626263,0.11153119092627599,0.05263157894736842,0.8132482671707624,Psyduck,pokemon,ASC,39,I,1,Basic,M2a;SVP
Cyrano,775,1497,158,4,0.1341991341991342,1.9316129032258065,0.14933837429111532,0.21052631578947367,1.11281175681444,Cyrano,trainer,SSP,170,H,0,Supporter,SV8
Telepathic Psychic Energy,767,2808,139,6,0.1328138528138528,3.6610169491525424,0.13137996219281664,0.3157894736842105,0.9892037570580393,Telepathic Psychic Energy,energy,POR,88,J,1,Special,M3
Rosa's Encouragement,765,767,166,3,0.13246753246753246,1.0026143790849673,0.15689981096408318,0.15789473684210525,1.1844397494347456,Rosa's Encouragement,trainer,POR,84,J,1,Supporter,M3
Duskull [PRE 35],733,1549,108,1,0.12692640692640692,2.1132332878581175,0.10207939508506617,0.05263157894736842,0.8042408002950302,Duskull,pokemon,PRE,35,H,0,Basic,M2a;MC;SV6a;SV8a
Dusknoir [PRE 37],729,867,107,1,0.12623376623376623,1.1893004115226338,0.10113421550094517,0.05263157894736842,0.8011661104498744,Dusknoir,pokemon,PRE,37,H,0,Stage 2,M2a;MC;SV6a;SV8a
Energy Switch,727,2033,109,2,0.12588744588744588,2.7964236588720772,0.10302457466918714,0.10526315789473684,0.8183864081355651,Energy Switch,trainer,MEG,115,F/G/I,1,Item,20th;HS;HSP;M5;MA;MC;MGg;S11a;SAw;SB;SD;SI;SM11a;SM6b;SM7a;SMA;SMH;SMJ;SO;SVAM;SVC;SVD;SVHK;SVHM;SVM;XYP
Dusclops [PRE 36],724,1264,107,1,0.12536796536796538,1.7458563535911602,0.10113421550094517,0.05263157894736842,0.8066990255772906,Dusclops,pokemon,PRE,36,H,0,Stage 1,M2a;MC;SV6a;SV8a
Secret Box,711,711,132,4,0.12311688311688311,1.0,0.12476370510396975,0.21052631578947367,1.013376085760092,Secret Box,trainer,TWM,163,H,0,"Item,ACE SPEC",SV6
Area Zero Underdepths,679,1930,126,5,0.11757575757575757,2.842415316642121,0.11909262759924386,0.2631578947368421,1.0129012141172802,Area Zero Underdepths,trainer,SCR,131,H,0,Stadium,M2a;SV7;SV8a
Pokégear 3.0,626,1666,96,2,0.1083982683982684,2.6613418530351436,0.09073724007561437,0.10526315789473684,0.8370727818477205,Pokégear 3.0,trainer,SVI,186,G/I,1,Item,MC;SAf;SAg;SAl;SAr;SAw;SB;SC2;SCd;SCr;SD;SEF;SEK;SGG;SGI;SJ;SLD;SM11;SM12a;SM9a;SMM;SV11B;SVAL;SVAM;SVAW;SVB;SVC;SVD;SVEL;SVEM;SVLN;SVLS;SVP
Sacred Ash,612,628,86,1,0.10597402597402597,1.026143790849673,0.08128544423440454,0.05263157894736842,0.7670317654471996,Sacred Ash,trainer,DRI,168,I,1,Item,M2a;M3;SV9a;XY2
Forest of Vitality,611,2217,86,0,0.1058008658008658,3.6284779050736495,0.08128544423440454,0.0,0.7682871365854111,Forest of Vitality,trainer,MEG,117,I,1,Stadium,M1S;M2a;M3
Chien-Pao [SSP 56],558,564,104,3,0.09662337662337663,1.010752688172043,0.09829867674858223,0.15789473684210525,1.0173384555968858,Chien-Pao,pokemon,SSP,56,H,0,Basic,M2a;SV8
Brave Bangle,551,796,93,2,0.0954112554112554,1.4446460980036298,0.08790170132325142,0.10526315789473684,0.9212927861012287,Brave Bangle,trainer,WHT,80,I,1,Pokémon Tool,M2a;M5;MC;MP;SV11W
Ignition Energy,548,1411,58,0,0.09489177489177489,2.5748175182481754,0.054820415879017016,0.0,0.577715149090006,Ignition Energy,energy,WHT,86,I,1,Special,M2;M2a;MA;MC;SV11W
Team Rocket's Factory,499,1081,87,2,0.0864069264069264,2.1663326653306614,0.08223062381852551,0.10526315789473684,0.9516670391823344,Team Rocket's Factory,trainer,ASC,203,I,1,Stadium,M2a;SV10
Wally's Compassion,496,971,35,0,0.08588744588744589,1.9576612903225807,0.0330812854442344,0.0,0.38517020854930173,Wally's Compassion,trainer,MEG,132,I,1,Supporter,M1S;MA;MP
Wellspring Mask Ogerpon ex [PRE 152],492,586,93,3,0.0851948051948052,1.1910569105691058,0.08790170132325142,0.15789473684210525,1.0317730185808476,Wellspring Mask Ogerpon ex,pokemon,TWM,64,H,0,"Basic,Tera,ex",MC;SV6;SV8a
Dipplin [PRE 10],477,1148,83,0,0.0825974025974026,2.406708595387841,0.07844990548204159,0.0,0.9497865915278619,Dipplin,pokemon,TWM,18,H,0,Stage 1,SV6;SV8a
Black Belt's Training,463,655,103,1,0.08017316017316017,1.4146868250539957,0.09735349716446125,0.05263157894736842,1.2142903803990577,Black Belt's Training,trainer,JTG,143,H,0,Supporter,M2a;MC;SVM;SVP
Battle Cage,445,1050,36,0,0.07705627705627706,2.359550561797753,0.034026465028355386,0.0,0.44157940570506143,Battle Cage,trainer,PFL,85,I,1,Stadium,M2
Enriching Energy,427,427,68,1,0.07393939393939394,1.0,0.06427221172022685,0.05263157894736842,0.8692553224456909,Enriching Energy,energy,SSP,191,H,0,"Special,ACE SPEC",MC;SV7a
Lightning Energy,423,1022,71,1,0.07324675324675324,2.4160756501182035,0.0671077504725898,0.05263157894736842,0.9161873734733005,Lightning Energy,energy,MEE,4,basic,1,,20th;BGS;BKB;BKZ;BTV;BWP;CP4;GBR;HS;HSP;HSZ;M6a;MC;MDB;MF;MMBp;MMBs;MP;S10b;S8a;SAl;SH;SI;SM2p;SMA;SMB;SMD;SMP;SN;SO;SP;SP2;SP4;SPZ;SV1V;SVI;SVP;WAK;WCS23;XYD;XYE;XYP
Team Rocket's Articuno [DRI 51],423,712,65,1,0.07324675324675324,1.6832151300236406,0.06143667296786389,0.05263157894736842,0.8387630883910496,Team Rocket's Articuno,pokemon,DRI,51,I,1,Basic,M2a;SV10
Genesect [SFA 40],420,421,72,1,0.07272727272727272,1.0023809523809524,0.06805293005671077,0.05263157894736842,0.9357277882797732,Genesect,pokemon,SFA,40,H,0,Basic,SV6a
Yveltal [MEG 88],416,443,115,2,0.07203463203463203,1.0649038461538463,0.10869565217391304,0.10526315789473684,1.5089360367892977,Yveltal,pokemon,MEG,88,I,1,Basic,M1L;MC
Team Rocket's Transceiver,414,1564,51,1,0.07168831168831169,3.7777777777777777,0.048204158790170135,0.05263157894736842,0.6724130845730254,Team Rocket's Transceiver,trainer,ASC,209,I,1,Item,M2a;MC;SV10
Meganium [MEG 10],407,813,61,0,0.07047619047619047,1.9975429975429975,0.057655954631379965,0.0,0.8180912481479591,Meganium,pokemon,MEG,10,I,1,Stage 2,M1S
Wondrous Patch,407,1135,76,4,0.07047619047619047,2.788697788697789,0.07183364839319471,0.21052631578947367,1.019261227200736,Wondrous Patch,trainer,PFL,94,I,1,Item,M3;MBD
Hero's Cape,405,405,77,1,0.07012987012987013,1.0,0.07277882797731569,0.05263157894736842,1.0377721767135757,Hero's Cape,trainer,TEF,152,H,0,"Pokémon Tool,ACE SPEC",MA;MBD;MC;SV5M
Lucky Helmet,404,522,79,3,0.06995670995670995,1.2920792079207921,0.07466918714555766,0.15789473684210525,1.0673627617960284,Lucky Helmet,trainer,TWM,158,H,0,Pokémon Tool,SV5a;XY7
Gravity Mountain,394,573,49,0,0.06822510822510823,1.4543147208121827,0.046313799621928164,0.0,0.6788380528340993,Gravity Mountain,trainer,SSP,177,H,0,Stadium,M2a;SV8
Xerosic's Machinations,392,406,76,2,0.06787878787878789,1.0357142857142858,0.07183364839319471,0.10526315789473684,1.058263570078315,Xerosic's Machinations,trainer,SFA,64,H,0,Supporter,MC;SV6a
Bayleef [MEG 9],388,724,58,0,0.06718614718614718,1.865979381443299,0.054820415879017016,0.0,0.8159482002611425,Bayleef,pokemon,MEG,9,I,1,Stage 1,M1S
Mist Energy,386,1414,68,2,0.06683982683982684,3.6632124352331608,0.06427221172022685,0.10526315789473684,0.9615855509956219,Mist Energy,energy,TEF,161,H,0,Special,SV5M;SV8a;SVN
Fighting Gong,375,1392,31,0,0.06493506493506493,3.712,0.02930056710775047,0.0,0.4512287334593573,Fighting Gong,trainer,MEG,116,I,1,Item,M1L;M2a;MC
Jamming Tower,368,387,47,2,0.06372294372294372,1.0516304347826086,0.0444234404536862,0.10526315789473684,0.6971341538587984,Jamming Tower,trainer,TWM,153,H,0,Stadium,M2a;SV10;SV6;SV8a;SVN
Briar,366,366,59,0,0.06337662337662338,1.0,0.055765595463137994,0.0,0.8799079612011528,Briar,trainer,SCR,132,H,0,Supporter,MC;SV7;SV8a
Enhanced Hammer,365,692,59,1,0.0632034632034632,1.895890410958904,0.055765595463137994,0.05263157894736842,0.8823186679441696,Enhanced Hammer,trainer,TWM,148,H,0,Item,BW4;BWP;CP4;M2a;SM1p;SM4p;SM5p;SM9a;SV5a;SV6;SV8a;SVP;XYP
Handheld Fan,364,639,74,3,0.06303030303030303,1.7554945054945055,0.06994328922495274,0.15789473684210525,1.1096771848189617,Handheld Fan,trainer,TWM,150,H,0,Pokémon Tool,SV6
Glass Trumpet,360,615,64,1,0.06233766233766234,1.7083333333333333,0.06049149338374291,0.05263157894736842,0.9703843730308759,Glass Trumpet,trainer,ASC,189,H,0,Item,M2a;SV7;SV8a
Celebi [MEG 12],358,419,52,0,0.06199134199134199,1.170391061452514,0.04914933837429111,0.0,0.7928419807584669,Celebi,pokemon,MEG,12,I,1,Basic,M1L
Raging Bolt ex [PRE 166],355,642,65,1,0.06147186147186147,1.8084507042253521,0.06143667296786389,0.05263157894736842,0.9994275672941239,Raging Bolt ex,pokemon,TEF,123,H,0,"Basic,ex,Ancient",MC;SV5K;SV8a
Dudunsparce ex [JTG 121],352,353,39,0,0.06095238095238095,1.0028409090909092,0.036862003780718335,0.0,0.6047672495274101,Dudunsparce ex,pokemon,JTG,121,I,1,"Stage 1,ex",MC;SV9
Hydrapple ex [PRE 11],347,695,54,0,0.060086580086580084,2.0028818443804033,0.05103969754253308,0.0,0.8494358884960478,Hydrapple ex,pokemon,SCR,14,H,0,"Stage 2,ex",MC;SV7;SV8a
Kadabra [MEG 55],341,1304,64,2,0.05904761904761905,3.8240469208211145,0.06049149338374291,0.10526315789473684,1.0244527105311299,Kadabra,pokemon,MEG,55,I,1,Stage 1,M1S
Alakazam [MEG 56],341,1038,64,2,0.05904761904761905,3.0439882697947214,0.06049149338374291,0.10526315789473684,1.0244527105311299,Alakazam,pokemon,MEG,56,I,1,Stage 2,M1S
Pecharunt ex [PRE 163],340,397,81,1,0.05887445887445888,1.1676470588235295,0.07655954631379962,0.05263157894736842,1.3003864116535082,Pecharunt ex,pokemon,SFA,39,H,0,"Basic,ex",MC;SV6a;SV8a
Abra [MEG 54],338,1326,62,1,0.058528138528138526,3.923076923076923,0.05860113421550094,0.05263157894736842,1.0012471896287514,Abra,pokemon,MEG,54,I,1,Basic,M1S
Fan Rotom [ASC 171],335,409,38,0,0.05800865800865801,1.2208955223880598,0.035916824196597356,0.0,0.6191631633891037,Fan Rotom,pokemon,ASC,171,H,0,Basic,M2a;SV7;SV8a
Dunsparce [PRE 79],319,545,25,0,0.05523809523809524,1.70846394984326,0.023629489603024575,0.0,0.4277752428133759,Dunsparce,pokemon,TEF,128,H,0,Basic,SV5K;SV8a
Team Rocket's Energy,318,1261,39,1,0.05506493506493507,3.9654088050314464,0.036862003780718335,0.05263157894736842,0.6694278988479508,Team Rocket's Energy,energy,ASC,217,I,1,Special,M2a;MC;SV10
Kieran,310,350,52,0,0.05367965367965368,1.1290322580645162,0.04914933837429111,0.0,0.9156046100371973,Kieran,trainer,TWM,154,H,0,Supporter,MA;MC;SV6;SV8a;SVK;SVN;SVP
Team Rocket's Ariana,309,1096,39,1,0.05350649350649351,3.546925566343042,0.036862003780718335,0.05263157894736842,0.688925798814396,Team Rocket's Ariana,trainer,ASC,202,I,1,Supporter,M2a;MC;SV10
Team Rocket's Giovanni,309,1117,39,1,0.05350649350649351,3.614886731391586,0.036862003780718335,0.05263157894736842,0.688925798814396,Team Rocket's Giovanni,trainer,ASC,204,I,1,Supporter,M2a;MC;SV10;SVP
Team Rocket's Proton,309,1060,39,1,0.05350649350649351,3.43042071197411,0.036862003780718335,0.05263157894736842,0.688925798814396,Team Rocket's Proton,trainer,ASC,208,I,1,Supporter,M2a;MC;SV10
Metagross [CRI 61],306,519,63,2,0.052987012987012985,1.696078431372549,0.05954631379962193,0.10526315789473684,1.123790726120316,Metagross,pokemon,CRI,61,J,1,Stage 2,M4
Premium Power Pro,305,1001,27,0,0.05281385281385281,3.281967213114754,0.02551984877126654,0.0,0.48320369394775176,Premium Power Pro,trainer,MEG,124,I,1,Item,M1L;M2a;MC;MP
Tapu Bulu [SFA 6],303,303,48,0,0.05246753246753247,1.0,0.045368620037807186,0.0,0.864698946265137,Tapu Bulu,pokemon,SFA,6,H,0,Basic,MC;SV6a
Team Rocket's Archer,295,878,37,0,0.05108225108225108,2.976271186440678,0.03497164461247637,0.0,0.6846143987696646,Team Rocket's Archer,trainer,ASC,201,I,1,Supporter,M2a;MC;SV10
Passimian [SSP 111],293,293,60,1,0.05073593073593074,1.0,0.05671077504725898,0.05263157894736842,1.1177635696174764,Passimian,pokemon,SSP,111,H,0,Basic,MC;SV7a
N's Zoroark ex [ASC 137],292,1148,72,1,0.050562770562770566,3.9315068493150687,0.06805293005671077,0.05263157894736842,1.3459098324572079,N's Zoroark ex,pokemon,ASC,137,I,1,"Stage 1,ex",M2a;MC;SV9
N's Zorua [ASC 136],292,1150,72,1,0.050562770562770566,3.9383561643835616,0.06805293005671077,0.05263157894736842,1.3459098324572079,N's Zorua,pokemon,ASC,136,I,1,Basic,M2a;MC;SV9;SVP
Nighttime Mine,290,871,48,1,0.050216450216450215,3.003448275862069,0.045368620037807186,0.05263157894736842,0.90346131282185,Nighttime Mine,trainer,ASC,197,I,1,Stadium,M2a
Blaziken ex [JTG 24],286,567,46,3,0.049523809523809526,1.9825174825174825,0.043478260869565216,0.15789473684210525,0.8779264214046822,Blaziken ex,pokemon,JTG,24,H,0,"Stage 2,ex",SVM
N's Zekrom [ASC 155],286,535,72,1,0.049523809523809526,1.8706293706293706,0.06805293005671077,0.05263157894736842,1.3741457030681983,N's Zekrom,pokemon,ASC,155,I,1,Basic,M2a
Torchic [DRI 40],285,572,46,3,0.04935064935064935,2.007017543859649,0.043478260869565216,0.15789473684210525,0.8810068649885583,Torchic,pokemon,DRI,40,I,1,Basic,SV10
Applin [TWM 17],285,632,61,0,0.04935064935064935,2.2175438596491226,0.057655954631379965,0.0,1.168291712267436,Applin,pokemon,TWM,17,H,0,Basic,SV6
N's PP Up,281,918,72,1,0.04865800865800866,3.2669039145907472,0.06805293005671077,0.05263157894736842,1.3985966942259955,N's PP Up,trainer,ASC,195,I,1,Item,M2a;MC;SV9
Neo Upper Energy,278,278,22,0,0.04813852813852814,1.0,0.020793950850661626,0.0,0.43196066964953556,Neo Upper Energy,energy,TEF,162,H,0,"Special,ACE SPEC",SV5K
Tool Scrapper,278,280,39,0,0.04813852813852814,1.0071942446043165,0.036862003780718335,0.0,0.7657484598332676,Tool Scrapper,trainer,ASC,212,I,1,Item,BW5n;BWP;M2a;M4;MA;S2;S4a;S8b;SD;SF;SK;SV11W
N's Castle,277,500,71,1,0.04796536796536797,1.8050541516245486,0.0671077504725898,0.05263157894736842,1.39908757754226,N's Castle,trainer,JTG,152,I,1,Stadium,M2a;SV9
Solrock [ASC 106],270,638,23,0,0.046753246753246755,2.362962962962963,0.021739130434782608,0.0,0.464975845410628,Solrock,pokemon,MEG,75,I,1,Basic,M1L;M2a;MC
Lunatone [ASC 105],270,544,23,0,0.046753246753246755,2.0148148148148146,0.021739130434782608,0.0,0.464975845410628,Lunatone,pokemon,MEG,74,I,1,Basic,M1L;M2a;MC
Dedenne [SSP 87],269,270,61,1,0.04658008658008658,1.003717472118959,0.057655954631379965,0.05263157894736842,1.237781182142079,Dedenne,pokemon,SSP,87,H,0,Basic,SV8
Chikorita [MEG 8],267,494,32,0,0.04623376623376623,1.850187265917603,0.030245746691871456,0.0,0.6541917121556468,Chikorita,pokemon,MEG,8,I,1,Basic,M1S;MP
Combusken [DRI 41],265,276,42,2,0.04588744588744589,1.0415094339622641,0.03969754253308128,0.10526315789473684,0.8651068231265827,Combusken,pokemon,DRI,41,I,1,Stage 1,SV10
Applin [PRE 9],264,536,40,0,0.045714285714285714,2.0303030303030303,0.03780718336483932,0.0,0.8270321361058601,Applin,pokemon,SCR,12,H,0,Basic,MC;SV7;SV8a
Snorunt [ASC 227],259,573,25,0,0.044848484848484846,2.212355212355212,0.023629489603024575,0.0,0.5268737546620345,Snorunt,pokemon,ASC,46,I,1,Basic,M2a
Rocky Fighting Energy,257,688,31,0,0.0445021645021645,2.67704280155642,0.02930056710775047,0.0,0.6584076850087898,Rocky Fighting Energy,energy,POR,87,J,1,Special,M3
Academy at Night,251,996,56,2,0.04346320346320346,3.9681274900398407,0.052930056710775046,0.10526315789473684,1.2178130577877526,Academy at Night,trainer,SFA,54,H,0,Stadium,SV6a
Froakie [CRI 20],251,900,20,0,0.04346320346320346,3.585657370517928,0.01890359168241966,0.0,0.4349332349241974,Froakie,pokemon,CRI,20,J,1,Basic,M4
Kyurem [SFA 47],250,495,56,2,0.04329004329004329,1.98,0.052930056710775046,0.10526315789473684,1.2226843100189035,Kyurem,pokemon,SFA,47,H,0,Basic,SV6a
Slowking [SCR 58],250,751,56,2,0.04329004329004329,3.004,0.052930056710775046,0.10526315789473684,1.2226843100189035,Slowking,pokemon,SCR,58,H,0,Stage 1,SV7
Frogadier [CRI 21],250,545,20,0,0.04329004329004329,2.18,0.01890359168241966,0.0,0.43667296786389415,Frogadier,pokemon,CRI,21,J,1,Stage 1,M4
Energy Retrieval,249,292,25,0,0.043116883116883116,1.1726907630522088,0.023629489603024575,0.0,0.5480333432026784,Energy Retrieval,trainer,SVI,171,F/G/I,1,Item,20th;BW1b;CP6;HS;HSP;KK;M4;MC;SAl;SB;SGI;SI;SM11a;SM1M;SM3p;SMA;SMD;SV11W;SVAW;SVD;SVI;SVM;WCS23;XYE;XYP
Slowpoke [SCR 57],249,985,56,2,0.043116883116883116,3.9558232931726907,0.052930056710775046,0.10526315789473684,1.2275946887739997,Slowpoke,pokemon,SCR,57,H,0,Basic,SV7
Binding Mochi,248,450,63,1,0.042943722943722944,1.814516129032258,0.05954631379962193,0.05263157894736842,1.3866127507774864,Binding Mochi,trainer,PRE,95,H,0,Pokémon Tool,MC;SV6a;SV8a
Eri,247,297,71,1,0.04277056277056277,1.2024291497975708,0.0671077504725898,0.05263157894736842,1.5690172428307938,Eri,trainer,TEF,146,H,0,Supporter,SV5K;SV8a
Greninja ex [TWM 106],241,418,20,0,0.04173160173160173,1.7344398340248963,0.01890359168241966,0.0,0.45298025712022216,Greninja ex,pokemon,TWM,106,H,0,"Stage 2,Tera,ex",SV5a
Brock's Scouting,226,278,46,0,0.03913419913419913,1.2300884955752212,0.043478260869565216,0.0,1.111004232397076,Brock's Scouting,trainer,JTG,146,I,1,Supporter,MF;SV9
Mega Froslass ex [ASC 265],219,332,20,0,0.03792207792207792,1.5159817351598173,0.01890359168241966,0.0,0.49848512313229926,Mega Froslass ex,pokemon,ASC,47,I,1,"Stage 1,MEGA,ex",M2a
Rabsca [TEF 24],212,216,44,0,0.03670995670995671,1.0188679245283019,0.04158790170132325,0.0,1.1328779826657631,Rabsca,pokemon,TEF,24,H,0,Stage 1,SV5M;SV8a
Mega Lucario ex [ASC 113],209,624,20,0,0.03619047619047619,2.985645933014354,0.01890359168241966,0.0,0.5223360859615959,Mega Lucario ex,pokemon,MEG,77,I,1,"Stage 1,MEGA,ex",M1L;M2a
Iron Leaves ex [PRE 176],209,211,42,1,0.03619047619047619,1.0095693779904307,0.03969754253308128,0.05263157894736842,1.0969057805193512,Iron Leaves ex,pokemon,TEF,25,H,0,"Basic,ex,Future",MC;SV5M;SV8a
Jumbo Ice Cream,207,772,53,1,0.035844155844155845,3.7294685990338166,0.0500945179584121,0.05263157894736842,1.3975644502890332,Jumbo Ice Cream,trainer,PFL,91,I,1,Item,M2;M4
N's Reshiram [ASC 154],206,209,43,0,0.03567099567099567,1.0145631067961165,0.04064272211720227,0.0,1.139377282654578,N's Reshiram,pokemon,ASC,154,I,1,Basic,M2a;MC;SV9
Smoochum [SSP 75],206,221,45,1,0.03567099567099567,1.0728155339805825,0.04253308128544423,0.05263157894736842,1.19237157487107,Smoochum,pokemon,SSP,75,H,0,Basic,SV7a
Rellor [TEF 23],203,228,42,0,0.03515151515151515,1.1231527093596059,0.03969754253308128,0.0,1.1293266410273124,Rellor,pokemon,TEF,23,H,0,Basic,SV5M;SV8a
Surfing Beach,203,378,14,0,0.03515151515151515,1.8620689655172413,0.013232514177693762,0.0,0.37644221367577085,Surfing Beach,trainer,MEG,129,I,1,Stadium,M1S;M4
Legacy Energy,200,200,21,0,0.03463203463203463,1.0,0.01984877126654064,0.0,0.5731332703213611,Legacy Energy,energy,TWM,167,H,0,"Special,ACE SPEC",MC;SV6;SV8a;SVN
Riolu [ASC 112],200,553,18,0,0.03463203463203463,2.765,0.017013232514177693,0.0,0.4912570888468809,Riolu,pokemon,MEG,76,I,1,Basic,M1L;M2a;MP
Team Rocket's Mimikyu [ASC 238],197,308,17,1,0.034112554112554115,1.5634517766497462,0.01606805293005671,0.05263157894736842,0.47103048563998734,Team Rocket's Mimikyu,pokemon,ASC,97,I,1,Basic,M2a;MC;SV10
Mega Greninja ex [CRI 100],197,418,14,0,0.034112554112554115,2.1218274111675126,0.013232514177693762,0.0,0.38790745876234245,Mega Greninja ex,pokemon,CRI,22,J,1,"Stage 2,MEGA,ex",M4
Colress's Tenacity,196,317,14,0,0.03393939393939394,1.6173469387755102,0.013232514177693762,0.0,0.38988657844990543,Colress's Tenacity,trainer,SFA,57,H,0,Supporter,SV6a;SV8a
Boomerang Energy,195,408,44,2,0.033766233766233764,2.0923076923076924,0.04158790170132325,0.10526315789473684,1.2316417042314964,Boomerang Energy,energy,TWM,166,H,0,Special,MC;SV5a
Growing Grass Energy,192,666,55,1,0.03324675324675325,3.46875,0.05198487712665406,0.05263157894736842,1.5636076323251418,Growing Grass Energy,energy,POR,86,J,1,Special,M3;M6
Surfer,190,214,38,1,0.0329004329004329,1.1263157894736842,0.035916824196597356,0.05263157894736842,1.0916824196597354,Surfer,trainer,ASC,200,H,0,Supporter,M2a;MC;SV7a
Chikorita [ASC 8],184,329,35,0,0.03186147186147186,1.7880434782608696,0.0330812854442344,0.0,1.0382849100024656,Chikorita,pokemon,ASC,8,J,1,Basic,MC
N's Darmanitan [ASC 33],181,188,42,1,0.031341991341991345,1.0386740331491713,0.03969754253308128,0.05263157894736842,1.2665928625886431,N's Darmanitan,pokemon,ASC,33,I,1,Stage 1,M2a;MC;SV9
N's Darumaka [ASC 32],181,200,42,1,0.031341991341991345,1.1049723756906078,0.03969754253308128,0.05263157894736842,1.2665928625886431,N's Darumaka,pokemon,ASC,32,I,1,Basic,M2a;MC;SV9
Maximum Belt,177,177,17,1,0.03064935064935065,1.0,0.01606805293005671,0.05263157894736842,0.5242542693281216,Maximum Belt,trainer,TEF,154,H,0,"Pokémon Tool,ACE SPEC",MA;MC;SV5K;SV8a;SVN
Team Rocket's Murkrow [ASC 126],177,699,29,0,0.03064935064935065,3.9491525423728815,0.027410207939508508,0.0,0.8943161065009132,Team Rocket's Murkrow,pokemon,ASC,126,I,1,Basic,M2a;MC;SV10
Festival Grounds,176,571,37,1,0.030476190476190476,3.2443181818181817,0.03497164461247637,0.05263157894736842,1.147507088846881,Festival Grounds,trainer,TWM,149,H,0,Stadium,SV6;SV8a
Mega Starmie ex [POR 102],175,339,13,0,0.030303030303030304,1.937142857142857,0.012287334593572778,0.0,0.4054820415879017,Mega Starmie ex,pokemon,POR,21,J,1,"Stage 1,MEGA,ex",M3
Miracle Headset,175,175,28,0,0.030303030303030304,1.0,0.026465028355387523,0.0,0.8733459357277883,Miracle Headset,trainer,SSP,183,H,0,"Item,ACE SPEC",SV8
Team Rocket's Honchkrow [ASC 127],174,532,28,0,0.03012987012987013,3.057471264367816,0.026465028355387523,0.0,0.8783651652434652,Team Rocket's Honchkrow,pokemon,ASC,127,I,1,Stage 1,M2a
Staryu [POR 20],174,436,13,0,0.03012987012987013,2.5057471264367814,0.012287334593572778,0.0,0.40781239814875164,Staryu,pokemon,POR,20,J,1,Basic,M3
Roto-Stick,173,644,27,0,0.029956709956709956,3.722543352601156,0.02551984877126654,0.0,0.8518909055148224,Roto-Stick,trainer,PRE,127,H,0,Item,SVP
Team Rocket's Porygon2 [DRI 154],173,185,28,0,0.029956709956709956,1.069364161849711,0.026465028355387523,0.0,0.8834424205338899,Team Rocket's Porygon2,pokemon,DRI,154,I,1,Stage 1,SV10
Team Rocket's Porygon [DRI 153],173,346,28,0,0.029956709956709956,2.0,0.026465028355387523,0.0,0.8834424205338899,Team Rocket's Porygon,pokemon,DRI,153,I,1,Basic,SV10
Prime Catcher,168,168,27,2,0.02909090909090909,1.0,0.02551984877126654,0.10526315789473684,0.8772448015122873,Prime Catcher,trainer,TEF,157,H,0,"Item,ACE SPEC",MA;MBG;MC;SV5M;SV8a;SVN
Spiky Energy,165,584,50,1,0.02857142857142857,3.5393939393939395,0.04725897920604915,0.05263157894736842,1.6540642722117203,Spiky Energy,energy,JTG,159,I,1,Special,MC;SV9
Mega Lopunny ex [PFL 115],165,331,13,0,0.02857142857142857,2.006060606060606,0.012287334593572778,0.0,0.43005671077504726,Mega Lopunny ex,pokemon,PFL,84,I,1,"Stage 1,MEGA,ex",M2
Crustle [DRI 12],160,470,48,1,0.027705627705627706,2.9375,0.045368620037807186,0.05263157894736842,1.6375236294896032,Crustle,pokemon,DRI,12,I,1,Stage 1,M2a;MC;SV9a
Dwebble [DRI 11],160,485,48,1,0.027705627705627706,3.03125,0.045368620037807186,0.05263157894736842,1.6375236294896032,Dwebble,pokemon,DRI,11,I,1,Basic,M2a;MC;SV9a
Buneary [PFL 83],154,316,12,0,0.02666666666666667,2.051948051948052,0.011342155009451797,0.0,0.42533081285444235,Buneary,pokemon,PFL,83,I,1,Basic,M2
Lillie's Pearl,153,271,27,2,0.026493506493506493,1.7712418300653594,0.02551984877126654,0.10526315789473684,0.9632491938174136,Lillie's Pearl,trainer,JTG,151,I,1,Pokémon Tool,MC;SV9
Cornerstone Mask Ogerpon ex [PRE 160],144,146,28,0,0.024935064935064935,1.0138888888888888,0.026465028355387523,0.0,1.0613579080025204,Cornerstone Mask Ogerpon ex,pokemon,TWM,112,H,0,"Basic,Tera,ex",MC;SV6;SV8a
Metal Energy,144,1444,16,0,0.024935064935064935,10.027777777777779,0.015122873345935728,0.0,0.6064902331442974,Metal Energy,energy,MEE,8,basic,1,,BGS;BWP;CP4;HXY;KLD;M6a;MC;MMBp;MMBs;MP;PPD;S10b;S8a;SI;SM1p;SMA;SMB;SMP;SP;SVI;SVP;WAK;XYB;XYP
Chi-Yu [TWM 39],144,144,21,3,0.024935064935064935,1.0,0.01984877126654064,0.15789473684210525,0.7960184310018903,Chi-Yu,pokemon,TWM,39,H,0,Basic,SV5a
Beedrill ex [CRI 3],143,572,14,0,0.024761904761904763,4.0,0.013232514177693762,0.0,0.5343899956376327,Beedrill ex,pokemon,CRI,3,J,1,"Stage 2,ex",M4
Weedle [CRI 1],143,572,14,0,0.024761904761904763,4.0,0.013232514177693762,0.0,0.5343899956376327,Weedle,pokemon,CRI,1,J,1,Basic,M4
Kakuna [CRI 2],143,572,14,0,0.024761904761904763,4.0,0.013232514177693762,0.0,0.5343899956376327,Kakuna,pokemon,CRI,2,J,1,Stage 1,M4
Prism Energy,141,413,22,0,0.024415584415584415,2.9290780141843973,0.020793950850661626,0.0,0.8516671359047582,Prism Energy,energy,ASC,216,I,1,Special,BW3p;BWP;M2a;MA;MC;SV11B
Team Rocket's Spidops [ASC 19],136,533,11,1,0.02354978354978355,3.9191176470588234,0.010396975425330813,0.05263157894736842,0.44148921383298123,Team Rocket's Spidops,pokemon,ASC,19,I,1,Stage 1,M2a;SV10
Team Rocket's Tarountula [ASC 18],136,539,11,1,0.02354978354978355,3.963235294117647,0.010396975425330813,0.05263157894736842,0.44148921383298123,Team Rocket's Tarountula,pokemon,ASC,18,I,1,Basic,M2a;SV10
Energy Recycler,136,216,11,0,0.02354978354978355,1.588235294117647,0.010396975425330813,0.0,0.44148921383298123,Energy Recycler,trainer,DRI,164,I,1,Item,M2a;M3;MC;S5R;SI;SM1p;SM8b;SMC;SMN;SVOD;SVOM;XYP
Team Rocket's Mewtwo ex [ASC 281],134,266,11,1,0.023203463203463205,1.9850746268656716,0.010396975425330813,0.05263157894736842,0.4480786050842197,Team Rocket's Mewtwo ex,pokemon,ASC,79,I,1,"Basic,ex",M2a;MC;MP;SV10
Hariyama [MEG 73],134,255,11,0,0.023203463203463205,1.9029850746268657,0.010396975425330813,0.0,0.4480786050842197,Hariyama,pokemon,MEG,73,I,1,Stage 1,M1L
Makuhita [MEG 72],134,257,11,0,0.023203463203463205,1.9179104477611941,0.010396975425330813,0.0,0.4480786050842197,Makuhita,pokemon,MEG,72,I,1,Basic,M1L;MP
Grookey [TWM 14],132,519,29,0,0.022857142857142857,3.9318181818181817,0.027410207939508508,0.0,1.1991965973534973,Grookey,pokemon,TWM,14,H,0,Basic,SV6;SV8a
Thwackey [SVP 115],132,488,29,0,0.022857142857142857,3.696969696969697,0.027410207939508508,0.0,1.1991965973534973,Thwackey,pokemon,TWM,15,H,0,Stage 1,SV6;SV8a
Bloodmoon Ursaluna ex [PRE 168],129,129,14,0,0.022337662337662337,1.0,0.013232514177693762,0.0,0.5923858091176859,Bloodmoon Ursaluna ex,pokemon,TWM,141,H,0,"Basic,ex",MC;SV5a;SV8a;SVP
Goldeen [PRE 20],129,171,28,0,0.022337662337662337,1.3255813953488371,0.026465028355387523,0.0,1.1847716182353718,Goldeen,pokemon,TWM,44,H,0,Basic,SV6;SV8a
Elgyem [BLK 120],127,128,25,0,0.021991341991341992,1.0078740157480315,0.023629489603024575,0.0,1.0744905705312355,Elgyem,pokemon,BLK,40,I,1,Basic,SV11B
Energy Search,127,155,15,0,0.021991341991341992,1.220472440944882,0.014177693761814745,0.0,0.6446943423187413,Energy Search,trainer,POR,72,F/G/J,1,Item,BGS;BKc;BKt;BKv;KLD;MC;SAf;SAg;SAl;SAr;SAw;SD;SI;SN;SO;SVAL;SVAM;SVAW;SVD;SVM;SVP;WCS23
Precious Trolley,126,126,14,0,0.02181818181818182,1.0,0.013232514177693762,0.0,0.6064902331442974,Precious Trolley,trainer,SSP,185,H,0,"Item,ACE SPEC",MC;SVLN
Team Rocket's Kangaskhan ex [ASC 162],124,124,25,0,0.021471861471861472,1.0,0.023629489603024575,0.0,1.1004863101408622,Team Rocket's Kangaskhan ex,pokemon,ASC,162,I,1,"Basic,ex",SVP
Froslass [SVP 117],123,242,14,0,0.0212987012987013,1.967479674796748,0.013232514177693762,0.0,0.6212826778551339,Froslass,pokemon,TWM,53,H,0,Stage 1,SV6;SV8a
Seaking [PRE 21],118,118,25,0,0.020432900432900435,1.0,0.023629489603024575,0.0,1.1564432411649739,Seaking,pokemon,PRE,21,H,0,Stage 1,SV8a
Annihilape [SSP 100],118,118,20,0,0.020432900432900435,1.0,0.01890359168241966,0.0,0.925154592931979,Annihilape,pokemon,SSP,100,H,0,Stage 2,SV8
Pokémon Center Lady,114,121,33,1,0.019740259740259742,1.0614035087719298,0.031190926275992438,0.05263157894736842,1.5800666600338273,Pokémon Center Lady,trainer,MEG,123,I,1,Supporter,20th;SAf;SAg;SD;SMK;SML;SP;SVP;XY2
Spectrier [ASC 98],113,113,22,0,0.019567099567099566,1.0,0.020793950850661626,0.0,1.0626997005537249,Spectrier,pokemon,ASC,98,I,1,Basic,M2a
Regigigas [PRE 86],108,109,10,0,0.0187012987012987,1.0092592592592593,0.00945179584120983,0.0,0.5054085276202479,Regigigas,pokemon,PRE,86,H,0,Basic,SV8a
Max Rod,107,107,8,0,0.01852813852813853,1.0,0.007561436672967864,0.0,0.4081055774428917,Max Rod,trainer,PRE,116,H,0,"Item,ACE SPEC",SV8a
Redeemable Ticket,106,110,11,0,0.018354978354978357,1.0377358490566038,0.010396975425330813,0.0,0.5664389913328816,Redeemable Ticket,trainer,JTG,156,I,1,Item,SV9
Sparkling Crystal,104,104,22,0,0.01800865800865801,1.0,0.020793950850661626,0.0,1.1546640977170277,Sparkling Crystal,trainer,SCR,142,H,0,"Pokémon Tool,ACE SPEC",MC;SV7;SV8a
Cynthia's Garchomp ex [ASC 111],103,309,8,0,0.017835497835497836,3.0,0.007561436672967864,0.0,0.423954337731936,Cynthia's Garchomp ex,pokemon,ASC,111,I,1,"Stage 2,ex",M2a;MC;SV9a;SVP
Cynthia's Gible [ASC 109],103,410,8,0,0.017835497835497836,3.9805825242718447,0.007561436672967864,0.0,0.423954337731936,Cynthia's Gible,pokemon,ASC,109,I,1,Basic,M2a;MC;SV9a
Cynthia's Gabite [ASC 110],103,408,8,0,0.017835497835497836,3.9611650485436893,0.007561436672967864,0.0,0.423954337731936,Cynthia's Gabite,pokemon,ASC,110,I,1,Stage 1,M2a;MC;SV9a
Bianca's Devotion,103,103,26,1,0.017835497835497836,1.0,0.024574669187145556,0.05263157894736842,1.377851597628792,Bianca's Devotion,trainer,TEF,142,H,0,Supporter,MC;SV5M;SV8a
Koraidon ex [ASC 121],102,102,19,2,0.017662337662337664,1.0,0.017958412098298678,0.10526315789473684,1.016763037918381,Koraidon ex,pokemon,ASC,121,J,1,"Basic,Tera,ex",MC
Cynthia's Power Weight,102,329,8,0,0.017662337662337664,3.2254901960784315,0.007561436672967864,0.0,0.4281107528077393,Cynthia's Power Weight,trainer,DRI,162,I,1,Pokémon Tool,M2a;MC;SV9a
Cynthia's Roselia [DRI 7],101,366,8,0,0.01748917748917749,3.623762376237624,0.007561436672967864,0.0,0.4323494731325685,Cynthia's Roselia,pokemon,DRI,7,I,1,Basic,M2a;MC;SV9a
Cynthia's Roserade [DRI 184],101,330,8,0,0.01748917748917749,3.267326732673267,0.007561436672967864,0.0,0.4323494731325685,Cynthia's Roserade,pokemon,DRI,8,I,1,Stage 1,M2a;MC;SV9a
Prism Tower,97,172,10,2,0.016796536796536796,1.7731958762886597,0.00945179584120983,0.10526315789473684,0.5627228967318224,Prism Tower,trainer,CRI,80,J,1,Stadium,M4
Cynthia's Spiritomb [ASC 133],96,97,8,0,0.016623376623376623,1.0104166666666667,0.007561436672967864,0.0,0.45486767485822305,Cynthia's Spiritomb,pokemon,ASC,133,I,1,Basic,M2a;SV9a
Powerglass,96,156,15,0,0.016623376623376623,1.625,0.014177693761814745,0.0,0.8528768903591682,Powerglass,trainer,SFA,63,H,0,Pokémon Tool,MC;SV6a
Janine's Secret Art,94,102,17,0,0.01627705627705628,1.0851063829787233,0.01606805293005671,0.0,0.9871596347986968,Janine's Secret Art,trainer,PRE,112,H,0,Supporter,MC;SV6a;SV8a
Hassel,92,160,10,1,0.01593073593073593,1.7391304347826086,0.00945179584120983,0.05263157894736842,0.5933056628585518,Hassel,trainer,TWM,151,H,0,Supporter,MC;SV6
Scoop Up Cyclone,91,91,11,0,0.01575757575757576,1.0,0.010396975425330813,0.0,0.6598080558383016,Scoop Up Cyclone,trainer,TWM,162,H,0,"Item,ACE SPEC",BW9;MC;SV6;SV8a
Noctowl [PRE 78],90,204,19,0,0.015584415584415584,2.2666666666666666,0.017958412098298678,0.0,1.1523314429741651,Noctowl,pokemon,SCR,115,H,0,Stage 1,M2a;MA;MC;SV7;SV8a;SVLS;SVN;SVP
Genesect ex [BLK 161],88,165,9,0,0.015238095238095238,1.875,0.008506616257088847,0.0,0.5582466918714556,Genesect ex,pokemon,BLK,67,I,1,"Basic,ex",M2a;MC;SV11B
Abra [TWM 80],81,86,10,1,0.014025974025974027,1.0617283950617284,0.00945179584120983,0.05263157894736842,0.6738780368269971,Abra,pokemon,TWM,80,H,0,Basic,SV6;SV8a
Carmine,79,203,4,0,0.01367965367965368,2.569620253164557,0.003780718336483932,0.0,0.27637529611638867,Carmine,trainer,TWM,145,H,0,Supporter,MC;SV6;SV8a;SVN;SVP
Bayleef [ASC 9],75,95,14,0,0.012987012987012988,1.2666666666666666,0.013232514177693762,0.0,1.0189035916824196,Bayleef,pokemon,ASC,9,J,1,Stage 1,MC
Grand Tree,73,73,6,0,0.012640692640692642,1.0,0.005671077504725898,0.0,0.4486366108190693,Grand Tree,trainer,SCR,136,H,0,"Stadium,ACE SPEC",SV7
Hoothoot [SCR 114],73,165,17,0,0.012640692640692642,2.26027397260274,0.01606805293005671,0.0,1.2711370639873631,Hoothoot,pokemon,SCR,114,H,0,Basic,M2a;MA;MC;SV7;SVLS;SVN
Salvatore,72,100,3,0,0.012467532467532468,1.3888888888888888,0.002835538752362949,0.0,0.22743383742911155,Salvatore,trainer,TEF,160,H,0,Supporter,MC;SV5M
Tatsugiri [SVP 118],67,70,17,1,0.011601731601731603,1.044776119402985,0.01606805293005671,0.05263157894736842,1.3849702338966792,Tatsugiri,pokemon,TWM,131,H,0,Basic,M2a;MA;MBD;MBG;MC;SV6;SV8a;SVN;SVP
Riolu [PRE 50],66,176,10,0,0.011428571428571429,2.6666666666666665,0.00945179584120983,0.0,0.8270321361058601,Riolu,pokemon,PRE,50,H,0,Basic,SVM
Hop's Snorlax [JTG 117],66,127,8,1,0.011428571428571429,1.9242424242424243,0.007561436672967864,0.05263157894736842,0.6616257088846881,Hop's Snorlax,pokemon,JTG,117,I,1,Basic,M2a;MC;SV9
Postwick,66,264,8,1,0.011428571428571429,4.0,0.007561436672967864,0.05263157894736842,0.6616257088846881,Postwick,trainer,JTG,154,I,1,Stadium,M2a;SV9
Hop's Bag,66,130,8,1,0.011428571428571429,1.9696969696969697,0.007561436672967864,0.05263157894736842,0.6616257088846881,Hop's Bag,trainer,JTG,147,I,1,Item,M2a;MC;SV9
Hop's Choice Band,66,264,8,1,0.011428571428571429,4.0,0.007561436672967864,0.05263157894736842,0.6616257088846881,Hop's Choice Band,trainer,JTG,148,I,1,Pokémon Tool,M2a;MC;SV9
Hop's Phantump [ASC 95],65,258,8,1,0.011255411255411256,3.9692307692307693,0.007561436672967864,0.05263157894736842,0.6718045659444525,Hop's Phantump,pokemon,ASC,95,I,1,Basic,M2a
Hop's Trevenant [ASC 237],65,196,8,1,0.011255411255411256,3.0153846153846153,0.007561436672967864,0.05263157894736842,0.6718045659444525,Hop's Trevenant,pokemon,ASC,96,I,1,Stage 1,M2a
Hop's Cramorant [ASC 177],65,70,8,1,0.011255411255411256,1.0769230769230769,0.007561436672967864,0.05263157894736842,0.6718045659444525,Hop's Cramorant,pokemon,ASC,177,I,1,Basic,M2a;MC;SV9
Ethan's Typhlosion [DRI 190],62,191,7,0,0.010735930735930736,3.0806451612903225,0.006616257088846881,0.0,0.6162723336788829,Ethan's Typhlosion,pokemon,DRI,34,I,1,Stage 2,SV9a
Ethan's Quilava [DRI 33],62,246,7,0,0.010735930735930736,3.967741935483871,0.006616257088846881,0.0,0.6162723336788829,Ethan's Quilava,pokemon,DRI,33,I,1,Stage 1,SV9a
Ethan's Cyndaquil [DRI 32],62,247,7,0,0.010735930735930736,3.9838709677419355,0.006616257088846881,0.0,0.6162723336788829,Ethan's Cyndaquil,pokemon,DRI,32,I,1,Basic,SV9a
Ethan's Adventure,62,248,7,0,0.010735930735930736,4.0,0.006616257088846881,0.0,0.6162723336788829,Ethan's Adventure,trainer,DRI,165,I,1,Supporter,M2a;SV9a
Victini [SSP 21],61,100,7,0,0.010562770562770564,1.639344262295082,0.006616257088846881,0.0,0.6263751588211596,Victini,pokemon,SSP,21,H,0,Basic,SV8
Tera Orb,61,98,10,0,0.010562770562770564,1.6065573770491803,0.00945179584120983,0.0,0.8948216554587994,Tera Orb,trainer,SSP,189,H,0,Item,M2a;SV8a;SVLN;SVLS;SVN
Metang [SVP 90],57,225,7,0,0.009870129870129871,3.9473684210526314,0.006616257088846881,0.0,0.6703313103173812,Metang,pokemon,TEF,114,H,0,Stage 1,MC;SV5M;SV8a
Tarragon,57,81,4,0,0.009870129870129871,1.4210526315789473,0.003780718336483932,0.0,0.3830464630385036,Tarragon,trainer,POR,85,J,1,Supporter,M3
Lumiose City,55,58,16,0,0.009523809523809525,1.0545454545454545,0.015122873345935728,0.0,1.5879017013232513,Lumiose City,trainer,POR,77,J,1,Stadium,M3
Patrat [CRI 70],54,54,6,0,0.00935064935064935,1.0,0.005671077504725898,0.0,0.6064902331442975,Patrat,pokemon,CRI,70,J,1,Basic,M4;MP
Punk Helmet,53,91,13,0,0.009177489177489178,1.7169811320754718,0.012287334593572778,0.0,1.3388557976959017,Punk Helmet,trainer,PFL,92,I,1,Pokémon Tool,M2;MBG
Mega Mawile ex [MEG 162],53,53,6,0,0.009177489177489178,1.0,0.005671077504725898,0.0,0.6179334450904163,Mega Mawile ex,pokemon,MEG,94,I,1,"Basic,MEGA,ex",M1L
Morty's Conviction,53,87,8,0,0.009177489177489178,1.6415094339622642,0.007561436672967864,0.0,0.8239112601205549,Morty's Conviction,trainer,TEF,155,H,0,Supporter,MC;SV5K;SV8a;SVM
AZ's Tranquility,52,57,8,0,0.009004329004329004,1.0961538461538463,0.007561436672967864,0.0,0.8397557074305657,AZ's Tranquility,trainer,CRI,76,J,1,Supporter,M4
Smoliv [DRI 21],51,103,7,0,0.008831168831168832,2.019607843137255,0.006616257088846881,0.0,0.7491938174135437,Smoliv,pokemon,DRI,21,I,1,Basic,MC;SV10
Dolliv [DRI 22],51,100,7,0,0.008831168831168832,1.9607843137254901,0.006616257088846881,0.0,0.7491938174135437,Dolliv,pokemon,DRI,22,I,1,Stage 1,MC;SV10
Arboliva ex [DRI 207],51,100,7,0,0.008831168831168832,1.9607843137254901,0.006616257088846881,0.0,0.7491938174135437,Arboliva ex,pokemon,DRI,23,I,1,"Stage 2,ex",MC;SV10
Dusk Ball,49,176,10,2,0.008484848484848486,3.5918367346938775,0.00945179584120983,0.10526315789473684,1.1139616527140155,Dusk Ball,trainer,SSP,175,H,0,Item,SV7a
Larry's Skill,48,81,5,0,0.008311688311688312,1.6875,0.004725897920604915,0.0,0.5685845935727788,Larry's Skill,trainer,PRE,115,H,0,Supporter,MC;SV8a
Relicanth [TEF 173],48,48,5,0,0.008311688311688312,1.0,0.004725897920604915,0.0,0.5685845935727788,Relicanth,pokemon,TEF,84,H,0,Basic,MP;SV5K;SV8a
Philippe,47,51,7,0,0.00813852813852814,1.0851063829787233,0.006616257088846881,0.0,0.8129549933636326,Philippe,trainer,CRI,79,J,1,Supporter,M4
Transformation Tome,46,153,17,1,0.007965367965367965,3.3260869565217392,0.01606805293005671,0.05263157894736842,2.0172392537190764,Transformation Tome,trainer,CRI,83,J,1,Item,M4
Beldum [TEF 113],45,161,7,0,0.007792207792207792,3.577777777777778,0.006616257088846881,0.0,0.8490863264020163,Beldum,pokemon,TEF,113,H,0,Basic,MC;SV5M;SV8a
Heatran [TWM 123],45,45,7,0,0.007792207792207792,1.0,0.006616257088846881,0.0,0.8490863264020163,Heatran,pokemon,TWM,123,H,0,Basic,SV6
Hop's Wooloo [JTG 135],45,47,4,1,0.007792207792207792,1.0444444444444445,0.003780718336483932,0.05263157894736842,0.48519218651543794,Hop's Wooloo,pokemon,JTG,135,I,1,Basic,M2a;SV9
Hop's Dubwool [JTG 136],45,47,4,1,0.007792207792207792,1.0444444444444445,0.003780718336483932,0.05263157894736842,0.48519218651543794,Hop's Dubwool,pokemon,JTG,136,I,1,Stage 1,M2a;SV9
Super Potion,44,50,10,0,0.007619047619047619,1.1363636363636365,0.00945179584120983,0.0,1.24054820415879,Super Potion,trainer,JTG,158,I,1,Item,CP6;MC;SV9;XY1y
Rillaboom [TWM 16],42,42,9,0,0.007272727272727273,1.0,0.008506616257088847,0.0,1.1696597353497165,Rillaboom,pokemon,TWM,16,H,0,Stage 2,SV6
Mystery Garden,41,108,3,0,0.0070995670995670996,2.6341463414634148,0.002835538752362949,0.0,0.3993960071925861,Mystery Garden,trainer,MEG,122,I,1,Stadium,M1S;M2a;MBD
Mega Signal,37,45,2,0,0.006406926406926407,1.2162162162162162,0.001890359168241966,0.0,0.2950493026107393,Mega Signal,trainer,MEG,121,I,1,Item,M1S;M2a;MA;MBD;MBG;MP
Mega Diancie ex [ASC 267],37,89,3,0,0.006406926406926407,2.4054054054054053,0.002835538752362949,0.0,0.44257395391610893,Mega Diancie ex,pokemon,PFL,41,I,1,"Basic,MEGA,ex",M2a;MBD
Counter Gain,36,38,4,0,0.006233766233766234,1.0555555555555556,0.003780718336483932,0.0,0.6064902331442974,Counter Gain,trainer,ASC,186,H,0,Pokémon Tool,M2a;MA;MC;MP;SM12a;SM7a;SMN;SV7a;SVN
Bubbly Water Energy,36,56,3,0,0.006233766233766234,1.5555555555555556,0.002835538752362949,0.0,0.4548676748582231,Bubbly Water Energy,energy,CRI,84,J,1,Special,M4;M6
Explorer's Guidance,36,85,2,0,0.006233766233766234,2.361111111111111,0.001890359168241966,0.0,0.3032451165721487,Explorer's Guidance,trainer,TEF,147,H,0,"Supporter,Ancient",MC;SV5K;SV8a
Frillish [WHT 126],36,61,1,0,0.006233766233766234,1.6944444444444444,0.000945179584120983,0.0,0.15162255828607435,Frillish,pokemon,WHT,44,I,1,Basic,SV11W
Mega Absol ex [MEG 161],35,48,5,0,0.006060606060606061,1.3714285714285714,0.004725897920604915,0.0,0.779773156899811,Mega Absol ex,pokemon,MEG,86,I,1,"Basic,MEGA,ex",M1L
Mega Skarmory ex [POR 106],35,36,2,0,0.006060606060606061,1.0285714285714285,0.001890359168241966,0.0,0.3119092627599244,Mega Skarmory ex,pokemon,POR,55,J,1,"Basic,MEGA,ex",M3
Empoleon ex [PFL 114],34,41,2,0,0.0058874458874458874,1.2058823529411764,0.001890359168241966,0.0,0.32108306460580455,Empoleon ex,pokemon,PFL,70,I,1,"Stage 2,ex",M2
Piplup [PFL 27],34,46,2,0,0.0058874458874458874,1.3529411764705883,0.001890359168241966,0.0,0.32108306460580455,Piplup,pokemon,PFL,27,I,1,Basic,M2
Pecharunt [SVP 129],33,48,7,0,0.005714285714285714,1.4545454545454546,0.006616257088846881,0.0,1.1578449905482042,Pecharunt,pokemon,SVP,129,H,0,Basic,MC;SV8
Marnie's Impidimp [DRI 134],33,109,3,0,0.005714285714285714,3.303030303030303,0.002835538752362949,0.0,0.4962192816635161,Marnie's Impidimp,pokemon,DRI,134,I,1,Basic,SVOM
Ceruledge ex [PRE 147],33,100,1,0,0.005714285714285714,3.0303030303030303,0.000945179584120983,0.0,0.16540642722117202,Ceruledge ex,pokemon,SSP,36,H,0,"Stage 1,Tera,ex",M2a;SV8a;SVLS
Marnie's Morgrem [DRI 135],33,66,3,0,0.005714285714285714,2.0,0.002835538752362949,0.0,0.4962192816635161,Marnie's Morgrem,pokemon,DRI,135,I,1,Stage 1,SVOM
N's Plan,33,38,8,0,0.005714285714285714,1.1515151515151516,0.007561436672967864,0.0,1.3232514177693762,N's Plan,trainer,BLK,83,I,1,Supporter,MC;SV11B
Spikemuth Gym,33,112,3,0,0.005714285714285714,3.393939393939394,0.002835538752362949,0.0,0.4962192816635161,Spikemuth Gym,trainer,DRI,169,I,1,Stadium,SVOM
Marnie's Grimmsnarl ex [ASC 287],33,83,3,0,0.005714285714285714,2.515151515151515,0.002835538752362949,0.0,0.4962192816635161,Marnie's Grimmsnarl ex,pokemon,DRI,136,I,1,"Stage 2,ex",M2a;SVOM
Bloodmoon Ursaluna [PRE 54],32,41,3,0,0.005541125541125541,1.28125,0.002835538752362949,0.0,0.511726134215501,Bloodmoon Ursaluna,pokemon,PRE,54,H,0,Basic,MC;SV6a;SV8a
Team Rocket's Sneasel [DRI 128],32,32,1,0,0.005541125541125541,1.0,0.000945179584120983,0.0,0.17057537807183365,Team Rocket's Sneasel,pokemon,DRI,128,I,1,Basic,M2a;MC;SV10
Tapu Koko ex [JTG 51],30,30,4,0,0.005194805194805195,1.0,0.003780718336483932,0.0,0.727788279773157,Tapu Koko ex,pokemon,JTG,51,H,0,"Basic,ex",SVM
Drilbur [TEF 85],30,40,1,0,0.005194805194805195,1.3333333333333333,0.000945179584120983,0.0,0.18194706994328924,Drilbur,pokemon,TEF,85,H,0,Basic,SV5M;SV8a
Applin [DRI 16],30,36,2,0,0.005194805194805195,1.2,0.001890359168241966,0.0,0.3638941398865785,Applin,pokemon,DRI,16,I,1,Basic,SV9a
Pokémon Catcher,29,81,2,0,0.005021645021645022,2.793103448275862,0.001890359168241966,0.0,0.3764422136757708,Pokémon Catcher,trainer,POR,82,F/G/J,1,Item,20th;BGS;BKB;BKR;BKW;BKZ;BKc;BKt;BKv;BTV;BW1w;HXY;KK;M6;MC;MDB;MF;MGg;MGm;MMBp;MMBs;MP1;S3a;SAf;SAg;SAl;SAr;SAw;SB;SC2;SCd;SCr;SD;SH;SI;SM3p;SM5S;SM6;SM7;SM7a;SM8;SMA;SMC;SMD;SME;SMH;SMK;SML;SMP;SN;SV5a;SV9a;SVAM;SVAW;SVC;SVD;SVI;SVM;SVP;WAK;WCS23;X30;XYB;XYC;XYE;XYF;XYG;XYH;XYP;Y30
Steven's Metagross ex [ASC 289],29,80,2,0,0.005021645021645022,2.7586206896551726,0.001890359168241966,0.0,0.3764422136757708,Steven's Metagross ex,pokemon,DRI,145,I,1,"Stage 2,ex",M2a;SVOD
Steven's Beldum [DRI 143],29,85,2,0,0.005021645021645022,2.9310344827586206,0.001890359168241966,0.0,0.3764422136757708,Steven's Beldum,pokemon,DRI,143,I,1,Basic,SVOD
Lisia's Appeal,29,42,10,1,0.005021645021645022,1.4482758620689655,0.00945179584120983,0.05263157894736842,1.882211068378854,Lisia's Appeal,trainer,SSP,179,H,0,Supporter,MC;SV7a
Steven's Metang [DRI 144],29,56,2,0,0.005021645021645022,1.9310344827586208,0.001890359168241966,0.0,0.3764422136757708,Steven's Metang,pokemon,DRI,144,I,1,Stage 1,SVOD
Team Rocket's Wobbuffet [DRI 82],28,28,3,0,0.0048484848484848485,1.0,0.002835538752362949,0.0,0.5848298676748582,Team Rocket's Wobbuffet,pokemon,DRI,82,I,1,Basic,SV10
Ruffian,28,28,9,2,0.0048484848484848485,1.0,0.008506616257088847,0.10526315789473684,1.7544896030245747,Ruffian,trainer,JTG,157,I,1,Supporter,SV9
Duraludon [PRE 69],28,110,3,0,0.0048484848484848485,3.9285714285714284,0.002835538752362949,0.0,0.5848298676748582,Duraludon,pokemon,SCR,106,H,0,Basic,M2a;MC;SV7;SV8a;SVM;SVP
Archaludon ex [SSP 130],28,86,3,0,0.0048484848484848485,3.0714285714285716,0.002835538752362949,0.0,0.5848298676748582,Archaludon ex,pokemon,SSP,130,H,0,"Stage 1,ex",M2a;MC;SV7a
Bronzong [TEF 69],27,44,3,0,0.004675324675324675,1.6296296296296295,0.002835538752362949,0.0,0.6064902331442975,Bronzong,pokemon,TEF,69,H,0,Stage 1,SV5K
Charcadet [SSP 32],27,92,1,0,0.004675324675324675,3.4074074074074074,0.000945179584120983,0.0,0.20216341104809915,Charcadet,pokemon,SSP,32,H,0,Basic,M2a;SVLS
Maractus [JTG 160],27,30,1,0,0.004675324675324675,1.1111111111111112,0.000945179584120983,0.0,0.20216341104809915,Maractus,pokemon,JTG,8,I,1,Basic,SV9
Dialga [MEG 95],26,27,2,0,0.004502164502164502,1.0384615384615385,0.001890359168241966,0.0,0.41987785371528286,Dialga,pokemon,MEG,95,I,1,Basic,M1L;MC
Okidogi [PRE 57],26,69,2,0,0.004502164502164502,2.6538461538461537,0.001890359168241966,0.0,0.41987785371528286,Okidogi,pokemon,TWM,111,H,0,Basic,MC;SV6;SV8a
Blaziken [DRI 192],26,26,2,0,0.004502164502164502,1.0,0.001890359168241966,0.0,0.41987785371528286,Blaziken,pokemon,DRI,42,I,1,Stage 2,SV10
Glalie [TWM 52],25,26,4,0,0.004329004329004329,1.04,0.003780718336483932,0.0,0.8733459357277883,Glalie,pokemon,TWM,52,H,0,Stage 1,MC;SV6;SVM
Dipplin [SCR 13],25,25,5,0,0.004329004329004329,1.0,0.004725897920604915,0.0,1.0916824196597354,Dipplin,pokemon,SCR,13,H,0,Stage 1,MC;SV7
Lumiose Galette,24,24,10,0,0.004155844155844156,1.0,0.00945179584120983,0.0,2.274338374291115,Lumiose Galette,trainer,POR,78,J,1,Item,M3
Brilliant Blender,24,24,1,0,0.004155844155844156,1.0,0.000945179584120983,0.0,0.22743383742911152,Brilliant Blender,trainer,SSP,164,H,0,"Item,ACE SPEC",SVLS
Acerola's Mischief,24,28,1,0,0.004155844155844156,1.1666666666666667,0.000945179584120983,0.0,0.22743383742911152,Acerola's Mischief,trainer,MEG,113,I,1,Supporter,M1S;M2a;MC
Binacle [MEP 87],23,46,1,0,0.003982683982683983,2.0,0.000945179584120983,0.0,0.23732226514342072,Binacle,pokemon,POR,42,J,1,Basic,M3;MP
Pikachu ex [ASC 277],23,27,4,0,0.003982683982683983,1.173913043478261,0.003780718336483932,0.0,0.9492890605736829,Pikachu ex,pokemon,ASC,57,H,0,"Basic,Tera,ex",M2a;SV8;SV8a
Barbaracle [MEP 65],23,46,1,0,0.003982683982683983,2.0,0.000945179584120983,0.0,0.23732226514342072,Barbaracle,pokemon,POR,43,J,1,Stage 1,M3
Joltik [SCR 150],23,46,4,0,0.003982683982683983,2.0,0.003780718336483932,0.0,0.9492890605736829,Joltik,pokemon,SCR,50,H,0,Basic,MC;SV7
Totodile [TEF 39],22,26,0,0,0.0038095238095238095,1.1818181818181819,0.0,0.0,0.0,Totodile,pokemon,TEF,39,H,0,Basic,MC;SV5K;SV8a
Applin [TWM 126],22,24,4,0,0.0038095238095238095,1.0909090909090908,0.003780718336483932,0.0,0.9924385633270322,Applin,pokemon,TWM,126,H,0,Basic,SV5a
Bouffalant [SCR 119],21,45,3,0,0.0036363636363636364,2.142857142857143,0.002835538752362949,0.0,0.779773156899811,Bouffalant,pokemon,SCR,119,H,0,Basic,M2a;SV7;SV8a
Bulbasaur [MEG 1],21,46,0,0,0.0036363636363636364,2.1904761904761907,0.0,0.0,0.0,Bulbasaur,pokemon,MEG,1,I,1,Basic,M1L
Galvantula [SFA 2],20,20,4,0,0.003463203463203463,1.0,0.003780718336483932,0.0,1.0916824196597354,Galvantula,pokemon,SFA,2,H,0,Stage 1,MC;SV6a
Ivysaur [MEG 134],20,42,0,0,0.003463203463203463,2.1,0.0,0.0,0.0,Ivysaur,pokemon,MEG,2,I,1,Stage 1,M1L
Stunfisk [ASC 62],20,20,1,0,0.003463203463203463,1.0,0.000945179584120983,0.0,0.27292060491493386,Stunfisk,pokemon,ASC,62,I,1,Basic,M2a
Mega Venusaur ex [MEG 155],20,42,0,0,0.003463203463203463,2.1,0.0,0.0,0.0,Mega Venusaur ex,pokemon,MEG,3,I,1,"Stage 2,MEGA,ex",M1L
Zoroark [WHT 143],20,20,6,0,0.003463203463203463,1.0,0.005671077504725898,0.0,1.6375236294896032,Zoroark,pokemon,WHT,62,I,1,Stage 1,MC;SV11W
Archaludon [PFL 75],19,19,2,0,0.00329004329004329,1.0,0.001890359168241966,0.0,0.5745696945577554,Archaludon,pokemon,PFL,75,I,1,Stage 1,M2
Beldum [CRI 59],19,65,1,0,0.00329004329004329,3.4210526315789473,0.000945179584120983,0.0,0.2872848472788777,Beldum,pokemon,CRI,59,J,1,Basic,M4
Hoothoot [TEF 126],19,33,2,0,0.00329004329004329,1.736842105263158,0.001890359168241966,0.0,0.5745696945577554,Hoothoot,pokemon,TEF,126,H,0,Basic,SV5K
Jellicent ex [WHT 160],19,28,1,0,0.00329004329004329,1.4736842105263157,0.000945179584120983,0.0,0.2872848472788777,Jellicent ex,pokemon,WHT,45,I,1,"Stage 1,ex",SV11W
Bouffalant [SSP 151],18,18,3,0,0.003116883116883117,1.0,0.002835538752362949,0.0,0.9097353497164462,Bouffalant,pokemon,SSP,151,H,0,Basic,SV8
Blowtorch,18,18,0,0,0.003116883116883117,1.0,0.0,0.0,0.0,Blowtorch,trainer,PFL,86,I,1,Item,M2
Alakazam [TWM 82],18,18,6,0,0.003116883116883117,1.0,0.005671077504725898,0.0,1.8194706994328924,Alakazam,pokemon,TWM,82,H,0,Stage 2,SV6;SV8a
Terapagos ex [ASC 179],18,23,0,0,0.003116883116883117,1.2777777777777777,0.0,0.0,0.0,Terapagos ex,pokemon,ASC,179,H,0,"Basic,Tera,ex",M2a;MC;SV7;SV8a
Lucian,18,24,3,0,0.003116883116883117,1.3333333333333333,0.002835538752362949,0.0,0.9097353497164462,Lucian,trainer,TWM,157,H,0,Supporter,MC;SV5a;SVM
Raging Bolt [SCR 111],17,20,2,0,0.0029437229437229437,1.1764705882352942,0.001890359168241966,0.0,0.6421661292116091,Raging Bolt,pokemon,SCR,111,H,0,"Basic,Ancient",SV7
Buneary [MEG 107],17,22,1,0,0.0029437229437229437,1.2941176470588236,0.000945179584120983,0.0,0.32108306460580455,Buneary,pokemon,MEG,107,I,1,Basic,M1S;MC
Cofagrigus [SSP 83],17,17,7,0,0.0029437229437229437,1.0,0.006616257088846881,0.0,2.2475814522406314,Cofagrigus,pokemon,SSP,83,H,0,Stage 1,MC;SV8
Zeraora [DRI 78],17,17,3,1,0.0029437229437229437,1.0,0.002835538752362949,0.05263157894736842,0.9632491938174136,Zeraora,pokemon,DRI,78,I,1,Basic,M2a;SV9a
Frogadier [TWM 57],16,16,1,0,0.0027705627705627706,1.0,0.000945179584120983,0.0,0.3411507561436673,Frogadier,pokemon,TWM,57,H,0,Stage 1,SV5a
Hop's Zacian ex [JTG 111],16,20,3,0,0.0027705627705627706,1.25,0.002835538752362949,0.0,1.023452268431002,Hop's Zacian ex,pokemon,JTG,111,I,1,"Basic,ex",M2a;MC;SV9
Milotic ex [SSP 217],16,18,6,0,0.0027705627705627706,1.125,0.005671077504725898,0.0,2.046904536862004,Milotic ex,pokemon,SSP,42,H,0,"Stage 1,ex",MC;SV8
Flutter Mane [PRE 43],16,16,1,0,0.0027705627705627706,1.0,0.000945179584120983,0.0,0.3411507561436673,Flutter Mane,pokemon,TEF,78,H,0,"Basic,Ancient",MC;SV5K;SV8a;SVP
Feebas [SSP 198],16,27,6,0,0.0027705627705627706,1.6875,0.005671077504725898,0.0,2.046904536862004,Feebas,pokemon,SSP,41,H,0,Basic,MC;SV8
Bronzor [TEF 170],16,25,2,0,0.0027705627705627706,1.5625,0.001890359168241966,0.0,0.6823015122873346,Bronzor,pokemon,TEF,68,H,0,Basic,SV5K
Eevee [PRE 74],15,23,1,0,0.0025974025974025974,1.5333333333333334,0.000945179584120983,0.0,0.3638941398865785,Eevee,pokemon,SSP,143,H,0,Basic,MC;SV8a;SVLN
Lilligant [JTG 7],15,16,3,0,0.0025974025974025974,1.0666666666666667,0.002835538752362949,0.0,1.0916824196597354,Lilligant,pokemon,JTG,7,H,0,Stage 1,SVM
Jacinthe,15,32,2,0,0.0025974025974025974,2.1333333333333333,0.001890359168241966,0.0,0.727788279773157,Jacinthe,trainer,POR,75,J,1,Supporter,M3
Haxorus [BLK 147],15,15,2,0,0.0025974025974025974,1.0,0.001890359168241966,0.0,0.727788279773157,Haxorus,pokemon,BLK,70,I,1,Stage 2,SV11B
Sacred Charm,15,15,5,0,0.0025974025974025974,1.0,0.004725897920604915,0.0,1.8194706994328922,Sacred Charm,trainer,PFL,93,I,1,Pokémon Tool,M2
Hand Trimmer,14,14,6,1,0.0024242424242424242,1.0,0.005671077504725898,0.05263157894736842,2.339319470699433,Hand Trimmer,trainer,TEF,150,H,0,Item,MC;SV5M
Survival Brace,14,14,2,0,0.0024242424242424242,1.0,0.001890359168241966,0.0,0.779773156899811,Survival Brace,trainer,TWM,164,H,0,"Pokémon Tool,ACE SPEC",SV5a
Harlequin,14,24,3,0,0.0024242424242424242,1.7142857142857142,0.002835538752362949,0.0,1.1696597353497165,Harlequin,trainer,WHT,83,I,1,Supporter,SV11W
Community Center,14,14,7,1,0.0024242424242424242,1.0,0.006616257088846881,0.05263157894736842,2.7292060491493384,Community Center,trainer,TWM,146,H,0,Stadium,SV5a
Lacey,14,14,2,0,0.0024242424242424242,1.0,0.001890359168241966,0.0,0.779773156899811,Lacey,trainer,SCR,139,H,0,Supporter,MC;SV7;SV8a
Iron Crown ex [PRE 158],14,14,4,0,0.0024242424242424242,1.0,0.003780718336483932,0.0,1.559546313799622,Iron Crown ex,pokemon,TEF,81,H,0,"Basic,ex,Future",MC;SV5M;SV8a
Eevee ex [PRE 167],14,21,0,0,0.0024242424242424242,1.5,0.0,0.0,0.0,Eevee ex,pokemon,PRE,75,H,0,"Basic,Tera,ex",MC;SV8a
Great Haul Net,14,20,0,0,0.0024242424242424242,1.4285714285714286,0.0,0.0,0.0,Great Haul Net,trainer,CRI,78,J,1,Item,M4
Bronzor [PRE 66],13,24,1,0,0.002251082251082251,1.8461538461538463,0.000945179584120983,0.0,0.41987785371528286,Bronzor,pokemon,PRE,66,H,0,Basic,SVM
Flareon ex [PRE 14],13,24,1,0,0.002251082251082251,1.8461538461538463,0.000945179584120983,0.0,0.41987785371528286,Flareon ex,pokemon,PRE,14,H,0,"Stage 1,Tera,ex",MC;SV8a
Leafeon ex [PRE 144],12,12,1,0,0.002077922077922078,1.0,0.000945179584120983,0.0,0.45486767485822305,Leafeon ex,pokemon,PRE,6,H,0,"Stage 1,Tera,ex",MC;SV8a
Toxtricity [MEP 17],12,33,2,0,0.002077922077922078,2.75,0.001890359168241966,0.0,0.9097353497164461,Toxtricity,pokemon,PFL,68,I,1,Stage 1,M2
Rellor [DRI 24],12,13,2,0,0.002077922077922078,1.0833333333333333,0.001890359168241966,0.0,0.9097353497164461,Rellor,pokemon,DRI,24,H,0,Basic,SV8
Toxel [MEP 78],12,35,2,0,0.002077922077922078,2.9166666666666665,0.001890359168241966,0.0,0.9097353497164461,Toxel,pokemon,PFL,67,I,1,Basic,M2;MP
Sylveon ex [PRE 156],12,14,0,0,0.002077922077922078,1.1666666666666667,0.0,0.0,0.0,Sylveon ex,pokemon,SSP,86,H,0,"Stage 1,Tera,ex",MC;SV8a;SVLN
Lively Stadium,12,16,0,0,0.002077922077922078,1.3333333333333333,0.0,0.0,0.0,Lively Stadium,trainer,SSP,180,H,0,Stadium,SV8;SVP
Mega Meganium ex [ASC 10],11,14,0,0,0.0019047619047619048,1.2727272727272727,0.0,0.0,0.0,Mega Meganium ex,pokemon,ASC,10,J,1,"Stage 2,MEGA,ex",MC
Team Rocket's Golbat [DRI 121],11,29,0,0,0.0019047619047619048,2.6363636363636362,0.0,0.0,0.0,Team Rocket's Golbat,pokemon,DRI,121,I,1,Stage 1,M2a;MC;SV10
Team Rocket's Crobat ex [DRI 122],11,21,0,0,0.0019047619047619048,1.9090909090909092,0.0,0.0,0.0,Team Rocket's Crobat ex,pokemon,DRI,122,I,1,"Stage 2,ex",M2a;MC;SV10
Togepi [ASC 80],11,11,1,0,0.0019047619047619048,1.0,0.000945179584120983,0.0,0.4962192816635161,Togepi,pokemon,ASC,80,H,0,Basic,M2a;MC;SV8
Naveen,11,19,0,0,0.0019047619047619048,1.7272727272727273,0.0,0.0,0.0,Naveen,trainer,POR,79,J,1,Supporter,M3
Light Ball,11,11,2,0,0.0019047619047619048,1.0,0.001890359168241966,0.0,0.9924385633270322,Light Ball,trainer,ASC,191,I,1,Pokémon Tool,M2a
Mega Audino ex [ASC 172],11,16,1,0,0.0019047619047619048,1.4545454545454546,0.000945179584120983,0.0,0.4962192816635161,Mega Audino ex,pokemon,ASC,172,J,1,"Basic,MEGA,ex",MC;MP
Riolu [SCR 81],11,12,3,0,0.0019047619047619048,1.0909090909090908,0.002835538752362949,0.0,1.4886578449905483,Riolu,pokemon,SCR,81,H,0,Basic,MC;SVI
Team Rocket's Zubat [DRI 120],11,30,0,0,0.0019047619047619048,2.727272727272727,0.0,0.0,0.0,Team Rocket's Zubat,pokemon,DRI,120,I,1,Basic,M2a;MC;SV10
Petilil [BLK 6],11,11,3,0,0.0019047619047619048,1.0,0.002835538752362949,0.0,1.4886578449905483,Petilil,pokemon,BLK,6,I,1,Basic,SV11B
Full Metal Lab,11,17,1,0,0.0019047619047619048,1.5454545454545454,0.000945179584120983,0.0,0.4962192816635161,Full Metal Lab,trainer,TEF,148,H,0,Stadium,SV5M
Togekiss [ASC 235],11,11,1,0,0.0019047619047619048,1.0,0.000945179584120983,0.0,0.4962192816635161,Togekiss,pokemon,ASC,82,H,0,Stage 2,M2a;MC;SV8
Team Rocket's Porygon-Z [DRI 155],11,11,1,0,0.0019047619047619048,1.0,0.000945179584120983,0.0,0.4962192816635161,Team Rocket's Porygon-Z,pokemon,DRI,155,I,1,Stage 2,SV10
Koraidon [SSP 116],10,12,2,0,0.0017316017316017316,1.2,0.001890359168241966,0.0,1.0916824196597354,Koraidon,pokemon,SSP,116,H,0,"Basic,Ancient",SV8
Eelektrik [ASC 60],10,35,0,0,0.0017316017316017316,3.5,0.0,0.0,0.0,Eelektrik,pokemon,ASC,60,I,1,Stage 1,BW2;M2a;MC;MDB;SV11B
Tynamo [ASC 59],10,36,0,0,0.0017316017316017316,3.6,0.0,0.0,0.0,Tynamo,pokemon,ASC,59,I,1,Basic,M2a;MC;MP;SV11B
Paldean Tauros [SSP 18],10,10,0,0,0.0017316017316017316,1.0,0.0,0.0,0.0,Paldean Tauros,pokemon,SSP,18,H,0,Basic,MC;SV8
Drapion [POR 52],9,9,6,0,0.0015584415584415584,1.0,0.005671077504725898,0.0,3.638941398865785,Drapion,pokemon,POR,52,J,1,Stage 1,M3
Dragonair [ASC 151],9,19,0,0,0.0015584415584415584,2.111111111111111,0.0,0.0,0.0,Dragonair,pokemon,ASC,151,I,1,Stage 1,M2a
Mega Dragonite ex [ASC 152],9,17,0,0,0.0015584415584415584,1.8888888888888888,0.0,0.0,0.0,Mega Dragonite ex,pokemon,ASC,152,I,1,"Stage 2,MEGA,ex",M2a
Gravity Gemstone,9,13,1,0,0.0015584415584415584,1.4444444444444444,0.000945179584120983,0.0,0.6064902331442974,Gravity Gemstone,trainer,SCR,137,H,0,Pokémon Tool,SV7
Mega Zygarde ex [MEP 71],9,12,0,0,0.0015584415584415584,1.3333333333333333,0.0,0.0,0.0,Mega Zygarde ex,pokemon,POR,47,J,1,"Basic,MEGA,ex",M3
Dratini [ASC 150],9,24,0,0,0.0015584415584415584,2.6666666666666665,0.0,0.0,0.0,Dratini,pokemon,ASC,150,I,1,Basic,M2a
Rescue Board,9,9,5,0,0.0015584415584415584,1.0,0.004725897920604915,0.0,3.032451165721487,Rescue Board,trainer,TEF,159,H,0,Pokémon Tool,SV5K;SV5a;SV8a;SVK;SVN
Charcadet [MEP 22],9,21,0,0,0.0015584415584415584,2.3333333333333335,0.0,0.0,0.0,Charcadet,pokemon,PFL,19,I,1,Basic,M2
Team Rocket's Venture Bomb,8,24,1,0,0.0013852813852813853,3.0,0.000945179584120983,0.0,0.6823015122873346,Team Rocket's Venture Bomb,trainer,DRI,179,I,1,Item,MC;SV10
Vivillon [POR 9],8,16,1,0,0.0013852813852813853,2.0,0.000945179584120983,0.0,0.6823015122873346,Vivillon,pokemon,POR,9,J,1,Stage 2,M3
Iris's Fighting Spirit,8,12,2,0,0.0013852813852813853,1.5,0.001890359168241966,0.0,1.3646030245746692,Iris's Fighting Spirit,trainer,ASC,190,I,1,Supporter,M2a;MBD;MBG;MC;MEZ;MF;MP1;SV9;SVP
Deoxys [CRI 32],8,8,0,0,0.0013852813852813853,1.0,0.0,0.0,0.0,Deoxys,pokemon,CRI,32,J,1,Basic,M4
Cinderace [MEG 28],8,29,0,0,0.0013852813852813853,3.625,0.0,0.0,0.0,Cinderace,pokemon,MEG,28,I,1,Stage 2,M1L
Repel,8,11,1,0,0.0013852813852813853,1.375,0.000945179584120983,0.0,0.6823015122873346,Repel,trainer,MEG,126,I,1,Item,M1L;MC;SM1S;SMA
Combusken [JTG 23],7,7,1,0,0.0012121212121212121,1.0,0.000945179584120983,0.0,0.779773156899811,Combusken,pokemon,JTG,23,H,0,Stage 1,SVM
Dartrix [POR 11],7,20,1,0,0.0012121212121212121,2.857142857142857,0.000945179584120983,0.0,0.779773156899811,Dartrix,pokemon,POR,11,J,1,Stage 1,M3
Kirlia [ASC 88],7,17,0,0,0.0012121212121212121,2.4285714285714284,0.0,0.0,0.0,Kirlia,pokemon,MEG,59,I,1,Stage 1,M1S;M2a;MP
Minccino [CRI 72],7,18,0,0,0.0012121212121212121,2.5714285714285716,0.0,0.0,0.0,Minccino,pokemon,CRI,72,J,1,Basic,M4
Doublade [MEP 67],7,28,0,0,0.0012121212121212121,4.0,0.0,0.0,0.0,Doublade,pokemon,POR,57,J,1,Stage 1,M3
Aegislash [POR 58],7,28,0,0,0.0012121212121212121,4.0,0.0,0.0,0.0,Aegislash,pokemon,POR,58,J,1,Stage 2,M3
Mega Eelektross ex [ASC 266],7,7,0,0,0.0012121212121212121,1.0,0.0,0.0,0.0,Mega Eelektross ex,pokemon,ASC,61,I,1,"Stage 2,MEGA,ex",M2a
Mega Gardevoir ex [ASC 89],7,16,0,0,0.0012121212121212121,2.2857142857142856,0.0,0.0,0.0,Mega Gardevoir ex,pokemon,MEG,60,I,1,"Stage 2,MEGA,ex",M1S;M2a
Hoothoot [PRE 77],7,8,0,0,0.0012121212121212121,1.1428571428571428,0.0,0.0,0.0,Hoothoot,pokemon,PRE,77,H,0,Basic,SV8a
Scramble Switch,7,7,1,0,0.0012121212121212121,1.0,0.000945179584120983,0.0,0.779773156899811,Scramble Switch,trainer,SSP,186,H,0,"Item,ACE SPEC",BW7;MC
Decidueye ex [POR 100],7,19,1,0,0.0012121212121212121,2.7142857142857144,0.000945179584120983,0.0,0.779773156899811,Decidueye ex,pokemon,POR,12,J,1,"Stage 2,ex",M3
Honedge [POR 56],7,28,0,0,0.0012121212121212121,4.0,0.0,0.0,0.0,Honedge,pokemon,POR,56,J,1,Basic,M3
Ralts [ASC 87],7,22,0,0,0.0012121212121212121,3.142857142857143,0.0,0.0,0.0,Ralts,pokemon,MEG,58,I,1,Basic,M1S;M2a;MP
Cinccino ex [CRI 105],7,20,0,0,0.0012121212121212121,2.857142857142857,0.0,0.0,0.0,Cinccino ex,pokemon,CRI,73,J,1,"Stage 1,ex",M4
Charcadet [SSP 33],7,16,0,0,0.0012121212121212121,2.2857142857142856,0.0,0.0,0.0,Charcadet,pokemon,SSP,33,H,0,Basic,SV8
Drayton,7,10,2,0,0.0012121212121212121,1.4285714285714286,0.001890359168241966,0.0,1.559546313799622,Drayton,trainer,SSP,174,H,0,Supporter,MC;SV7a;SV8a;SVP
Kofu,7,16,1,0,0.0012121212121212121,2.2857142857142856,0.000945179584120983,0.0,0.779773156899811,Kofu,trainer,SCR,138,H,0,Supporter,MC;SV7
Armarouge [SSP 34],6,6,1,0,0.001038961038961039,1.0,0.000945179584120983,0.0,0.9097353497164461,Armarouge,pokemon,SSP,34,H,0,Stage 1,SV8
Perilous Jungle,6,10,0,0,0.001038961038961039,1.6666666666666667,0.0,0.0,0.0,Perilous Jungle,trainer,TEF,156,H,0,Stadium,SV5K
Fennel,6,6,0,0,0.001038961038961039,1.0,0.0,0.0,0.0,Fennel,trainer,BLK,82,I,1,Supporter,MC;SV11B
Froakie [TWM 56],6,6,0,0,0.001038961038961039,1.0,0.0,0.0,0.0,Froakie,pokemon,TWM,56,H,0,Basic,SV5a
Ho-Oh [SSP 19],6,6,1,0,0.001038961038961039,1.0,0.000945179584120983,0.0,0.9097353497164461,Ho-Oh,pokemon,SSP,19,H,0,Basic,SVLS
Brute Bonnet [TWM 118],6,6,1,0,0.001038961038961039,1.0,0.000945179584120983,0.0,0.9097353497164461,Brute Bonnet,pokemon,TWM,118,H,0,"Basic,Ancient",MC;SV6
Magnetic Metal Energy,6,9,0,0,0.001038961038961039,1.5,0.0,0.0,0.0,Magnetic Metal Energy,energy,CRI,85,J,1,Special,M4
Scatterbug [SSP 5],6,12,0,0,0.001038961038961039,2.0,0.0,0.0,0.0,Scatterbug,pokemon,SSP,5,H,0,Basic,SV8
Marill [ASC 232],6,11,0,0,0.001038961038961039,1.8333333333333333,0.0,0.0,0.0,Marill,pokemon,ASC,83,J,1,Basic,MC
Mega Sharpedo ex [PFL 113],6,18,1,0,0.001038961038961039,3.0,0.000945179584120983,0.0,0.9097353497164461,Mega Sharpedo ex,pokemon,PFL,61,I,1,"Stage 1,MEGA,ex",M2
Cook,6,6,1,0,0.001038961038961039,1.0,0.000945179584120983,0.0,0.9097353497164461,Cook,trainer,TWM,147,H,0,Supporter,MC;S8b;SH;SI;SVI;SVM
Carvanha [PFL 60],6,20,1,0,0.001038961038961039,3.3333333333333335,0.000945179584120983,0.0,0.9097353497164461,Carvanha,pokemon,PFL,60,I,1,Basic,M2
Canari,6,16,0,0,0.001038961038961039,2.6666666666666665,0.0,0.0,0.0,Canari,trainer,ASC,185,I,1,Supporter,M2a
Spewpa [POR 8],6,11,1,0,0.001038961038961039,1.8333333333333333,0.000945179584120983,0.0,0.9097353497164461,Spewpa,pokemon,POR,8,J,1,Stage 1,M3
Ethan's Sudowoodo [DRI 93],6,8,0,0,0.001038961038961039,1.3333333333333333,0.0,0.0,0.0,Ethan's Sudowoodo,pokemon,DRI,93,I,1,Basic,SV9a
Yanmega ex [DRI 206],5,11,0,0,0.0008658008658008658,2.2,0.0,0.0,0.0,Yanmega ex,pokemon,DRI,3,I,1,"Stage 1,ex",M2a;MC;SV9a
Yanma [DRI 183],5,11,0,0,0.0008658008658008658,2.2,0.0,0.0,0.0,Yanma,pokemon,DRI,2,I,1,Basic,M2a;MC;SV9a
Farigiraf ex [TEF 108],5,6,0,0,0.0008658008658008658,1.2,0.0,0.0,0.0,Farigiraf ex,pokemon,TEF,108,H,0,"Stage 1,Tera,ex",MC;SV5M
Mega Dragalge ex [CRI 104],5,11,0,0,0.0008658008658008658,2.2,0.0,0.0,0.0,Mega Dragalge ex,pokemon,CRI,65,J,1,"Stage 1,MEGA,ex",M4
Xerneas [CRI 42],5,6,0,0,0.0008658008658008658,1.2,0.0,0.0,0.0,Xerneas,pokemon,CRI,42,J,1,Basic,M4
Chi-Yu [MEG 31],5,5,2,0,0.0008658008658008658,1.0,0.001890359168241966,0.0,2.183364839319471,Chi-Yu,pokemon,MEG,31,I,1,Basic,M1S
Mega Manectric ex [MEG 158],5,11,0,0,0.0008658008658008658,2.2,0.0,0.0,0.0,Mega Manectric ex,pokemon,MEG,50,I,1,"Stage 1,MEGA,ex",M1S
Clefairy [POR 30],5,13,0,0,0.0008658008658008658,2.6,0.0,0.0,0.0,Clefairy,pokemon,POR,30,J,1,Basic,M3
Genesect [PFL 8],5,5,0,0,0.0008658008658008658,1.0,0.0,0.0,0.0,Genesect,pokemon,PFL,8,I,1,Basic,M2
Skrelp [CRI 58],5,13,0,0,0.0008658008658008658,2.6,0.0,0.0,0.0,Skrelp,pokemon,CRI,58,J,1,Basic,M4
Hyper Aroma,5,5,1,0,0.0008658008658008658,1.0,0.000945179584120983,0.0,1.0916824196597354,Hyper Aroma,trainer,TWM,152,H,0,"Item,ACE SPEC",MC;SV5a
Rowlet [SFA 3],5,13,0,0,0.0008658008658008658,2.6,0.0,0.0,0.0,Rowlet,pokemon,SFA,3,H,0,Basic,SV6a
Ting-Lu [TWM 110],5,5,0,0,0.0008658008658008658,1.0,0.0,0.0,0.0,Ting-Lu,pokemon,TWM,110,H,0,Basic,SV5a
Enamorus [TWM 180],5,5,1,0,0.0008658008658008658,1.0,0.000945179584120983,0.0,1.0916824196597354,Enamorus,pokemon,TWM,93,H,0,Basic,MC;SV5a
Banette [ASC 234],4,5,0,0,0.0006926406926406926,1.25,0.0,0.0,0.0,Banette,pokemon,ASC,91,I,1,Stage 1,MC;SV9
Levincia,4,9,0,0,0.0006926406926406926,2.25,0.0,0.0,0.0,Levincia,trainer,JTG,150,I,1,Stadium,M2a;SV9;SV9a
Azumarill ex [ASC 84],4,8,0,0,0.0006926406926406926,2.0,0.0,0.0,0.0,Azumarill ex,pokemon,ASC,84,J,1,"Stage 1,ex",MC
Baltoy [CRI 46],4,5,0,0,0.0006926406926406926,1.25,0.0,0.0,0.0,Baltoy,pokemon,CRI,46,J,1,Basic,M4
Aromatisse [POR 36],4,8,0,0,0.0006926406926406926,2.0,0.0,0.0,0.0,Aromatisse,pokemon,POR,36,J,1,Stage 1,M3
Charmander [PFL 11],4,14,0,0,0.0006926406926406926,3.5,0.0,0.0,0.0,Charmander,pokemon,PFL,11,I,1,Basic,M2
Claydol [CRI 47],4,5,0,0,0.0006926406926406926,1.25,0.0,0.0,0.0,Claydol,pokemon,CRI,47,J,1,Stage 1,M4
Iono's Kilowattrel [ASC 72],4,9,0,0,0.0006926406926406926,2.25,0.0,0.0,0.0,Iono's Kilowattrel,pokemon,ASC,72,I,1,Stage 1,M2a;MC;SV9
Iono's Wattrel [ASC 231],4,10,0,0,0.0006926406926406926,2.5,0.0,0.0,0.0,Iono's Wattrel,pokemon,ASC,71,I,1,Basic,M2a;MC;SV9;SVP
Clefable [ASC 75],4,4,0,0,0.0006926406926406926,1.0,0.0,0.0,0.0,Clefable,pokemon,ASC,75,H,0,Stage 1,MC;SV6
Spritzee [POR 35],4,9,0,0,0.0006926406926406926,2.25,0.0,0.0,0.0,Spritzee,pokemon,POR,35,J,1,Basic,M3;MP
Call Bell,4,14,1,0,0.0006926406926406926,3.5,0.000945179584120983,0.0,1.3646030245746692,Call Bell,trainer,SSP,165,H,0,Item,SV7a
Zarude [SSP 11],4,4,0,0,0.0006926406926406926,1.0,0.0,0.0,0.0,Zarude,pokemon,SSP,11,H,0,Basic,SV7a
Mega Abomasnow ex [MEG 157],4,14,0,0,0.0006926406926406926,3.5,0.0,0.0,0.0,Mega Abomasnow ex,pokemon,MEG,36,I,1,"Stage 1,MEGA,ex",M1S
Accompanying Flute,4,11,0,0,0.0006926406926406926,2.75,0.0,0.0,0.0,Accompanying Flute,trainer,TWM,142,H,0,Item,SV6
Zweilous [SSP 118],4,7,0,0,0.0006926406926406926,1.75,0.0,0.0,0.0,Zweilous,pokemon,SSP,118,H,0,Stage 1,SV8
Charmeleon [MEP 79],4,5,0,0,0.0006926406926406926,1.25,0.0,0.0,0.0,Charmeleon,pokemon,PFL,12,I,1,Stage 1,M2;MP
Braixen [CRI 12],4,6,0,0,0.0006926406926406926,1.5,0.0,0.0,0.0,Braixen,pokemon,CRI,12,J,1,Stage 1,M4
Fennekin [CRI 11],4,12,0,0,0.0006926406926406926,3.0,0.0,0.0,0.0,Fennekin,pokemon,CRI,11,J,1,Basic,M4
Electrike [MEG 49],4,11,0,0,0.0006926406926406926,2.75,0.0,0.0,0.0,Electrike,pokemon,MEG,49,I,1,Basic,M1S
Feraligatr [SVP 89],4,5,0,0,0.0006926406926406926,1.25,0.0,0.0,0.0,Feraligatr,pokemon,TEF,41,H,0,Stage 2,MC;SV5K;SV8a
Eevee [TWM 135],4,13,2,0,0.0006926406926406926,3.25,0.001890359168241966,0.0,2.7292060491493384,Eevee,pokemon,TWM,135,H,0,Basic,SV5a
Hydreigon ex [SSP 119],4,10,0,0,0.0006926406926406926,2.5,0.0,0.0,0.0,Hydreigon ex,pokemon,SSP,119,H,0,"Stage 2,Tera,ex",SV8
Rowlet [POR 10],4,7,1,0,0.0006926406926406926,1.75,0.000945179584120983,0.0,1.3646030245746692,Rowlet,pokemon,POR,10,J,1,Basic,M3
Delphox [CRI 13],4,10,0,0,0.0006926406926406926,2.5,0.0,0.0,0.0,Delphox,pokemon,CRI,13,J,1,Stage 2,M4
Diancie [SCR 86],4,4,0,0,0.0006926406926406926,1.0,0.0,0.0,0.0,Diancie,pokemon,SCR,86,H,0,Basic,SV7
Skorupi [POR 51],4,4,3,0,0.0006926406926406926,1.0,0.002835538752362949,0.0,4.093809073724008,Skorupi,pokemon,POR,51,J,1,Basic,M3
Girafarig [TEF 66],4,6,0,0,0.0006926406926406926,1.5,0.0,0.0,0.0,Girafarig,pokemon,TEF,66,H,0,Basic,MC;SV5M
Oricorio ex [MEP 24],4,10,0,0,0.0006926406926406926,2.5,0.0,0.0,0.0,Oricorio ex,pokemon,PFL,18,I,1,"Basic,ex",M2
Shuppet [ASC 90],4,5,0,0,0.0006926406926406926,1.25,0.0,0.0,0.0,Shuppet,pokemon,ASC,90,I,1,Basic,MC;SV9
Deluxe Bomb,4,4,0,0,0.0006926406926406926,1.0,0.0,0.0,0.0,Deluxe Bomb,trainer,SCR,134,H,0,"Pokémon Tool,ACE SPEC",MC;SV7
Snover [MEG 140],4,15,0,0,0.0006926406926406926,3.75,0.0,0.0,0.0,Snover,pokemon,MEG,35,I,1,Basic,M1S
Mega Charizard X ex [MEP 23],4,8,0,0,0.0006926406926406926,2.0,0.0,0.0,0.0,Mega Charizard X ex,pokemon,PFL,13,I,1,"Stage 2,MEGA,ex",M2;M2a
Deino [SSP 117],4,11,0,0,0.0006926406926406926,2.75,0.0,0.0,0.0,Deino,pokemon,SSP,117,H,0,Basic,SV8
Roxie's Performance,4,7,0,0,0.0006926406926406926,1.75,0.0,0.0,0.0,Roxie's Performance,trainer,CRI,81,J,1,Supporter,M4
Purrloin [WHT 136],4,4,3,0,0.0006926406926406926,1.0,0.002835538752362949,0.0,4.093809073724008,Purrloin,pokemon,WHT,55,I,1,Basic,SV11W
Espeon ex [PRE 155],4,4,2,0,0.0006926406926406926,1.0,0.001890359168241966,0.0,2.7292060491493384,Espeon ex,pokemon,PRE,34,H,0,"Stage 1,Tera,ex",MC;SV8a
Petilil [JTG 6],4,4,0,0,0.0006926406926406926,1.0,0.0,0.0,0.0,Petilil,pokemon,JTG,6,H,0,Basic,SVM
Zekrom ex [BLK 158],3,3,0,0,0.0005194805194805195,1.0,0.0,0.0,0.0,Zekrom ex,pokemon,BLK,34,I,1,"Basic,ex",M2a;MC;SV11B
Mega Floette ex [CRI 101],3,7,0,0,0.0005194805194805195,2.3333333333333335,0.0,0.0,0.0,Mega Floette ex,pokemon,CRI,35,J,1,"Basic,MEGA,ex",M4
Sylveon [PRE 40],3,9,2,0,0.0005194805194805195,3.0,0.001890359168241966,0.0,3.6389413988657844,Sylveon,pokemon,PRE,40,H,0,Stage 1,SVM
Tapu Koko [SSP 65],3,3,0,0,0.0005194805194805195,1.0,0.0,0.0,0.0,Tapu Koko,pokemon,SSP,65,H,0,Basic,MC;SV8
Thick Scale,3,3,1,0,0.0005194805194805195,1.0,0.000945179584120983,0.0,1.8194706994328922,Thick Scale,trainer,ASC,211,I,1,Pokémon Tool,M2a
Fezandipiti [PRE 45],3,3,2,0,0.0005194805194805195,1.0,0.001890359168241966,0.0,3.6389413988657844,Fezandipiti,pokemon,TWM,96,H,0,Basic,MC;SV6;SV8a
Torchic [JTG 22],3,4,0,0,0.0005194805194805195,1.3333333333333333,0.0,0.0,0.0,Torchic,pokemon,JTG,22,H,0,Basic,SVM
Haban Berry,3,3,0,0,0.0005194805194805195,1.0,0.0,0.0,0.0,Haban Berry,trainer,PRE,111,H,0,Pokémon Tool,MC;SV8a
Finizen [TWM 59],3,10,0,0,0.0005194805194805195,3.3333333333333335,0.0,0.0,0.0,Finizen,pokemon,TWM,59,H,0,Basic,MC;SV6;SV8a
Palafin [TWM 60],3,7,0,0,0.0005194805194805195,2.3333333333333335,0.0,0.0,0.0,Palafin,pokemon,TWM,60,H,0,Stage 1,MC;SV6;SV8a
Spewpa [SSP 6],3,6,0,0,0.0005194805194805195,2.0,0.0,0.0,0.0,Spewpa,pokemon,SSP,6,H,0,Stage 1,SV8
Palafin ex [PRE 151],3,8,0,0,0.0005194805194805195,2.6666666666666665,0.0,0.0,0.0,Palafin ex,pokemon,TWM,61,H,0,"Stage 1,ex",MC;SV6;SV8a
Core Memory,3,5,0,0,0.0005194805194805195,1.6666666666666667,0.0,0.0,0.0,Core Memory,trainer,POR,70,J,1,Pokémon Tool,M3
Mega Clefable ex [MEP 72],3,7,0,0,0.0005194805194805195,2.3333333333333335,0.0,0.0,0.0,Mega Clefable ex,pokemon,POR,31,J,1,"Stage 1,MEGA,ex",M3
Kyogre [MEG 34],3,7,0,0,0.0005194805194805195,2.3333333333333335,0.0,0.0,0.0,Kyogre,pokemon,MEG,34,I,1,Basic,M1S
Iron Boulder [PRE 46],3,3,1,0,0.0005194805194805195,1.0,0.000945179584120983,0.0,1.8194706994328922,Iron Boulder,pokemon,SCR,71,H,0,"Basic,Future",MC;SV7;SV8a
Deoxys [CRI 33],3,3,1,0,0.0005194805194805195,1.0,0.000945179584120983,0.0,1.8194706994328922,Deoxys,pokemon,CRI,33,J,1,Basic,M4
Mega Charizard Y ex [ASC 22],3,3,0,0,0.0005194805194805195,1.0,0.0,0.0,0.0,Mega Charizard Y ex,pokemon,ASC,22,J,1,"Stage 2,MEGA,ex",MC
Cofagrigus [WHT 123],2,2,0,0,0.0003463203463203463,1.0,0.0,0.0,0.0,Cofagrigus,pokemon,WHT,40,I,1,Stage 1,MC;SV11W
Comfey [SCR 63],2,5,0,0,0.0003463203463203463,2.5,0.0,0.0,0.0,Comfey,pokemon,SCR,63,H,0,Basic,SV7
Mega Gengar ex [ASC 125],2,3,1,0,0.0003463203463203463,1.5,0.000945179584120983,0.0,2.7292060491493384,Mega Gengar ex,pokemon,PFL,56,I,1,"Stage 2,MEGA,ex",M2a;MBG
Mega Heracross ex [PFL 108],2,2,0,0,0.0003463203463203463,1.0,0.0,0.0,0.0,Mega Heracross ex,pokemon,PFL,4,I,1,"Basic,MEGA,ex",M2
Iono's Tadbulb [ASC 69],2,6,0,0,0.0003463203463203463,3.0,0.0,0.0,0.0,Iono's Tadbulb,pokemon,ASC,69,I,1,Basic,M2a;MC;SV9;SVP
Iono's Voltorb [JTG 47],2,4,0,0,0.0003463203463203463,2.0,0.0,0.0,0.0,Iono's Voltorb,pokemon,JTG,47,I,1,Basic,MC;SV9
Iono's Bellibolt ex [ASC 279],2,5,0,0,0.0003463203463203463,2.5,0.0,0.0,0.0,Iono's Bellibolt ex,pokemon,ASC,70,I,1,"Stage 1,ex",M2a;MC;SV9
Duraludon [PFL 74],2,2,0,0,0.0003463203463203463,1.0,0.0,0.0,0.0,Duraludon,pokemon,PFL,74,I,1,Basic,M2
Pawmot [PFL 34],2,2,1,0,0.0003463203463203463,1.0,0.000945179584120983,0.0,2.7292060491493384,Pawmot,pokemon,PFL,34,I,1,Stage 2,M2
Galvantula ex [SCR 159],2,3,0,0,0.0003463203463203463,1.5,0.0,0.0,0.0,Galvantula ex,pokemon,SCR,51,H,0,"Stage 1,Tera,ex",MC;SV7
Decidueye [SFA 5],2,2,0,0,0.0003463203463203463,1.0,0.0,0.0,0.0,Decidueye,pokemon,SFA,5,H,0,Stage 2,SV6a
Seviper [PFL 62],2,2,0,0,0.0003463203463203463,1.0,0.0,0.0,0.0,Seviper,pokemon,PFL,62,I,1,Basic,M2
Jolteon ex [PRE 153],2,2,0,0,0.0003463203463203463,1.0,0.0,0.0,0.0,Jolteon ex,pokemon,PRE,30,H,0,"Stage 1,Tera,ex",MC;SV8a
Slowpoke [PRE 18],2,6,0,0,0.0003463203463203463,3.0,0.0,0.0,0.0,Slowpoke,pokemon,PRE,18,H,0,Basic,SVM
Heavy Baton,2,3,0,0,0.0003463203463203463,1.5,0.0,0.0,0.0,Heavy Baton,trainer,TEF,151,H,0,Pokémon Tool,SV5M
Girafarig [TWM 83],2,3,0,0,0.0003463203463203463,1.5,0.0,0.0,0.0,Girafarig,pokemon,TWM,83,H,0,Basic,MC;SV5a
Nitro Fire Energy,2,2,0,0,0.0003463203463203463,1.0,0.0,0.0,0.0,Nitro Fire Energy,energy,CRI,86,J,1,Special,M4;M6
Ogre's Mask,2,4,0,0,0.0003463203463203463,2.0,0.0,0.0,0.0,Ogre's Mask,trainer,TWM,159,H,0,Item,MC;SV6;SV8a;SVP
Scatterbug [POR 7],2,5,1,0,0.0003463203463203463,2.5,0.000945179584120983,0.0,2.7292060491493384,Scatterbug,pokemon,POR,7,J,1,Basic,M3
Ninetales [CRI 9],2,2,0,0,0.0003463203463203463,1.0,0.0,0.0,0.0,Ninetales,pokemon,CRI,9,J,1,Stage 1,M4
Neutralization Zone,2,2,0,0,0.0003463203463203463,1.0,0.0,0.0,0.0,Neutralization Zone,trainer,SFA,60,H,0,"Stadium,ACE SPEC",SV6a;SV8a
Grimsley's Move,2,2,1,0,0.0003463203463203463,1.0,0.000945179584120983,0.0,2.7292060491493384,Grimsley's Move,trainer,PFL,90,I,1,Supporter,M2
Energy Swatter,2,6,0,0,0.0003463203463203463,3.0,0.0,0.0,0.0,Energy Swatter,trainer,POR,73,J,1,Item,M3
Gouging Fire [SSP 38],2,2,0,0,0.0003463203463203463,1.0,0.0,0.0,0.0,Gouging Fire,pokemon,SSP,38,H,0,"Basic,Ancient",MC;SV7a
Galarian Obstagoon [ASC 132],2,4,0,0,0.0003463203463203463,2.0,0.0,0.0,0.0,Galarian Obstagoon,pokemon,ASC,132,I,1,Stage 2,M2a
Firebreather,2,5,0,0,0.0003463203463203463,2.5,0.0,0.0,0.0,Firebreather,trainer,PFL,89,I,1,Supporter,M2
Blissey ex [TWM 134],2,5,0,0,0.0003463203463203463,2.5,0.0,0.0,0.0,Blissey ex,pokemon,TWM,134,H,0,"Stage 1,ex",MC;SV6
Chansey [TWM 133],2,5,0,0,0.0003463203463203463,2.5,0.0,0.0,0.0,Chansey,pokemon,TWM,133,H,0,Basic,MC;SV6
Bergmite [CRI 23],2,6,0,0,0.0003463203463203463,3.0,0.0,0.0,0.0,Bergmite,pokemon,CRI,23,J,1,Basic,M4
Team Rocket's Larvitar [DRI 94],2,2,0,0,0.0003463203463203463,1.0,0.0,0.0,0.0,Team Rocket's Larvitar,pokemon,DRI,94,I,1,Basic,SV10
Uxie [SSP 78],2,4,0,0,0.0003463203463203463,2.0,0.0,0.0,0.0,Uxie,pokemon,SSP,78,H,0,Basic,MC;SV8
Vulpix [CRI 8],2,3,0,0,0.0003463203463203463,1.5,0.0,0.0,0.0,Vulpix,pokemon,CRI,8,J,1,Basic,M4
Azumarill [SSP 74],2,3,0,0,0.0003463203463203463,1.5,0.0,0.0,0.0,Azumarill,pokemon,SSP,74,H,0,Stage 1,SVLN
Avalugg [CRI 24],2,5,0,0,0.0003463203463203463,2.5,0.0,0.0,0.0,Avalugg,pokemon,CRI,24,J,1,Stage 1,M4
Aurorus [POR 24],1,2,0,0,0.00017316017316017316,2.0,0.0,0.0,0.0,Aurorus,pokemon,POR,24,J,1,Stage 2,M3
Azelf [SSP 80],1,2,0,0,0.00017316017316017316,2.0,0.0,0.0,0.0,Azelf,pokemon,SSP,80,H,0,Basic,MC;SV8
Beheeyem [TEF 74],1,1,0,0,0.00017316017316017316,1.0,0.0,0.0,0.0,Beheeyem,pokemon,TEF,74,H,0,Stage 1,MC;SVHM
Togetic [ASC 81],1,1,0,0,0.00017316017316017316,1.0,0.0,0.0,0.0,Togetic,pokemon,ASC,81,H,0,Stage 1,M2a;MC;SV8
Treasure Tracker,1,1,0,0,0.00017316017316017316,1.0,0.0,0.0,0.0,Treasure Tracker,trainer,PRE,131,H,0,"Item,ACE SPEC",SV8a
Trevenant [CRI 39],1,1,0,0,0.00017316017316017316,1.0,0.0,0.0,0.0,Trevenant,pokemon,CRI,39,J,1,Stage 1,M4
Turtonator [POR 17],1,1,0,0,0.00017316017316017316,1.0,0.0,0.0,0.0,Turtonator,pokemon,POR,17,J,1,Basic,M3
Tyrantrum [MEP 66],1,2,0,0,0.00017316017316017316,2.0,0.0,0.0,0.0,Tyrantrum,pokemon,POR,45,J,1,Stage 2,M3
Tyrunt [MEP 70],1,3,0,0,0.00017316017316017316,3.0,0.0,0.0,0.0,Tyrunt,pokemon,POR,44,J,1,Stage 1,M3
Urbain,1,1,0,0,0.00017316017316017316,1.0,0.0,0.0,0.0,Urbain,trainer,ASC,214,J,1,Supporter,MC;MEE;MEM;MEZ;MF;MP;MP1
Veluza [SCR 45],1,4,0,0,0.00017316017316017316,4.0,0.0,0.0,0.0,Veluza,pokemon,SCR,45,H,0,Basic,MC;SV7
Volcanion ex [JTG 171],1,1,1,0,0.00017316017316017316,1.0,0.000945179584120983,0.0,5.458412098298677,Volcanion ex,pokemon,JTG,31,I,1,"Basic,ex",MC;SV9
Volcarona [BLK 100],1,2,0,0,0.00017316017316017316,2.0,0.0,0.0,0.0,Volcarona,pokemon,BLK,16,I,1,Stage 1,MC;SV11B
Walking Wake ex [PRE 178],1,1,1,0,0.00017316017316017316,1.0,0.000945179584120983,0.0,5.458412098298677,Walking Wake ex,pokemon,TEF,50,H,0,"Basic,ex,Ancient",MC;SV5K;SV8a
Walrein [SSP 45],1,1,1,0,0.00017316017316017316,1.0,0.000945179584120983,0.0,5.458412098298677,Walrein,pokemon,SSP,45,H,0,Stage 2,MC;SV8
Larry's Dunsparce [ASC 163],1,2,0,0,0.00017316017316017316,2.0,0.0,0.0,0.0,Larry's Dunsparce,pokemon,ASC,163,J,1,Basic,MC
Larvesta [BLK 15],1,2,0,0,0.00017316017316017316,2.0,0.0,0.0,0.0,Larvesta,pokemon,BLK,15,I,1,Basic,SV11B
Lickitung [TEF 124],1,1,0,0,0.00017316017316017316,1.0,0.0,0.0,0.0,Lickitung,pokemon,TEF,124,H,0,Basic,SV5M
Centiskorch [SSP 28],1,2,0,0,0.00017316017316017316,2.0,0.0,0.0,0.0,Centiskorch,pokemon,SSP,28,H,0,Stage 1,MC;SV8
Ceruledge [SSP 197],1,1,0,0,0.00017316017316017316,1.0,0.0,0.0,0.0,Ceruledge,pokemon,SSP,35,H,0,Stage 1,SV8
Chandelure [TWM 38],1,2,0,0,0.00017316017316017316,2.0,0.0,0.0,0.0,Chandelure,pokemon,TWM,38,H,0,Stage 2,SV6
Cheren,1,1,1,0,0.00017316017316017316,1.0,0.000945179584120983,0.0,5.458412098298677,Cheren,trainer,WHT,81,I,1,Supporter,BGS;BKB;BKR;BKW;BKZ;BKc;BKt;BKv;BTV;BW1w;BWP;GBR;HSZ;KK;KLD;MDB;MGg;MGm;SV11W;SVP;SZD
Black Kyurem ex [SSP 218],1,1,1,0,0.00017316017316017316,1.0,0.000945179584120983,0.0,5.458412098298677,Black Kyurem ex,pokemon,SSP,48,H,0,"Basic,ex",MC;SV7a
Boxed Order,1,4,0,0,0.00017316017316017316,4.0,0.0,0.0,0.0,Boxed Order,trainer,TEF,143,H,0,Item,SV5K
Team Rocket's Great Ball,1,1,0,0,0.00017316017316017316,1.0,0.0,0.0,0.0,Team Rocket's Great Ball,trainer,ASC,205,I,1,Item,MC;SV10
Team Rocket's Hypnotizer,1,1,0,0,0.00017316017316017316,1.0,0.0,0.0,0.0,Team Rocket's Hypnotizer,trainer,ASC,206,I,1,Pokémon Tool,SVP
Team Rocket's Moltres ex [DRI 208],1,1,0,0,0.00017316017316017316,1.0,0.0,0.0,0.0,Team Rocket's Moltres ex,pokemon,DRI,31,I,1,"Basic,ex",SV10
Tepig [WHT 11],1,3,0,0,0.00017316017316017316,3.0,0.0,0.0,0.0,Tepig,pokemon,WHT,11,I,1,Basic,M2a;MC;SV11W
Tirtouga [BLK 106],1,2,0,0,0.00017316017316017316,2.0,0.0,0.0,0.0,Tirtouga,pokemon,BLK,22,I,1,Stage 1,SV11B
Glaceon ex [PRE 150],1,2,0,0,0.00017316017316017316,2.0,0.0,0.0,0.0,Glaceon ex,pokemon,PRE,26,H,0,"Stage 1,Tera,ex",MC;SV8a
Golduck [ASC 40],1,1,0,0,0.00017316017316017316,1.0,0.0,0.0,0.0,Golduck,pokemon,ASC,40,I,1,Stage 1,M2a;SVP
Gourgeist ex [CRI 102],1,3,0,0,0.00017316017316017316,3.0,0.0,0.0,0.0,Gourgeist ex,pokemon,CRI,41,J,1,"Stage 1,ex",M4
Greninja ex [SCR 41],1,1,0,0,0.00017316017316017316,1.0,0.0,0.0,0.0,Greninja ex,pokemon,SCR,41,H,0,"Stage 2,ex",MC;SVI
Grumpig [MEG 63],1,2,0,0,0.00017316017316017316,2.0,0.0,0.0,0.0,Grumpig,pokemon,MEG,63,I,1,Stage 1,M1S;MC
Gumshoos [MEG 110],1,2,0,0,0.00017316017316017316,2.0,0.0,0.0,0.0,Gumshoos,pokemon,MEG,110,I,1,Stage 1,M1L
Phantump [CRI 38],1,1,0,0,0.00017316017316017316,1.0,0.0,0.0,0.0,Phantump,pokemon,CRI,38,J,1,Basic,M4
Pignite [WHT 12],1,2,0,0,0.00017316017316017316,2.0,0.0,0.0,0.0,Pignite,pokemon,WHT,12,I,1,Stage 1,M2a;MC;SV11W
Poké Ball,1,4,0,0,0.00017316017316017316,4.0,0.0,0.0,0.0,Poké Ball,trainer,POR,80,F/G/J,1,Item,20th;HS;HSP;HSZ;HXY;MC;SI;SMA;SMD;SN;SP;SVI;SVM;SVP;WAK
Ponyta [SCR 19],1,1,0,0,0.00017316017316017316,1.0,0.0,0.0,0.0,Ponyta,pokemon,SCR,19,H,0,Basic,MC;SVI
Pumpkaboo [CRI 40],1,3,0,0,0.00017316017316017316,3.0,0.0,0.0,0.0,Pumpkaboo,pokemon,CRI,40,J,1,Basic,M4
Pyroar [PRE 16],1,2,1,0,0.00017316017316017316,2.0,0.000945179584120983,0.0,5.458412098298677,Pyroar,pokemon,PRE,16,H,0,Stage 1,MC;SVM
Feebas [TWM 49],1,1,0,0,0.00017316017316017316,1.0,0.0,0.0,0.0,Feebas,pokemon,TWM,49,H,0,Basic,SV6;SV8a
Frosmoth [MEG 43],1,2,0,0,0.00017316017316017316,2.0,0.0,0.0,0.0,Frosmoth,pokemon,MEG,43,I,1,Stage 1,M1S
Furfrou [POR 67],1,1,1,0,0.00017316017316017316,1.0,0.000945179584120983,0.0,5.458412098298677,Furfrou,pokemon,POR,67,J,1,Basic,M3
Galarian Linoone [ASC 131],1,2,0,0,0.00017316017316017316,2.0,0.0,0.0,0.0,Galarian Linoone,pokemon,ASC,131,I,1,Stage 1,M2a
Galarian Zigzagoon [ASC 130],1,4,0,0,0.00017316017316017316,4.0,0.0,0.0,0.0,Galarian Zigzagoon,pokemon,ASC,130,I,1,Basic,M2a
Eevee [SFA 50],1,1,0,0,0.00017316017316017316,1.0,0.0,0.0,0.0,Eevee,pokemon,SFA,50,H,0,Basic,SV6a;SVP
Electrike [DRI 196],1,2,0,0,0.00017316017316017316,2.0,0.0,0.0,0.0,Electrike,pokemon,DRI,75,I,1,Basic,MC;SV9a
Emboar [WHT 13],1,2,0,0,0.00017316017316017316,2.0,0.0,0.0,0.0,Emboar,pokemon,WHT,13,I,1,Stage 2,M2a;MC;SV11W
Ethan's Ho-Oh ex [ASC 26],1,2,0,0,0.00017316017316017316,2.0,0.0,0.0,0.0,Ethan's Ho-Oh ex,pokemon,ASC,26,I,1,"Basic,ex",M2a;SV9a;SVP
Ethan's Pichu [DRI 71],1,1,0,0,0.00017316017316017316,1.0,0.0,0.0,0.0,Ethan's Pichu,pokemon,DRI,71,I,1,Basic,MC;SV9a
Rapidash [DRI 189],1,1,0,0,0.00017316017316017316,1.0,0.0,0.0,0.0,Rapidash,pokemon,DRI,30,I,1,Stage 1,MC;SV9a
Rayquaza [ASC 153],1,1,0,0,0.00017316017316017316,1.0,0.0,0.0,0.0,Rayquaza,pokemon,ASC,153,I,1,Basic,M2a
Reshiram ex [JTG 30],1,1,0,0,0.00017316017316017316,1.0,0.0,0.0,0.0,Reshiram ex,pokemon,JTG,30,H,0,"Basic,ex",SVM
Reshiram ex [WHT 158],1,1,0,0,0.00017316017316017316,1.0,0.0,0.0,0.0,Reshiram ex,pokemon,WHT,20,I,1,"Basic,ex",M2a;MC;SV11W
Reuniclus [BLK 39],1,4,0,0,0.00017316017316017316,4.0,0.0,0.0,0.0,Reuniclus,pokemon,BLK,39,I,1,Stage 2,SV11B
Rockruff [JTG 84],1,4,0,0,0.00017316017316017316,4.0,0.0,0.0,0.0,Rockruff,pokemon,JTG,84,I,1,Basic,SV9
Sableye [TEF 107],1,1,0,0,0.00017316017316017316,1.0,0.0,0.0,0.0,Sableye,pokemon,TEF,107,H,0,Basic,MC;SV5K
Hisuian Arcanine [TWM 100],1,2,1,0,0.00017316017316017316,2.0,0.000945179584120983,0.0,5.458412098298677,Hisuian Arcanine,pokemon,TWM,100,H,0,Stage 1,SV5a
Hisuian Growlithe [TWM 181],1,2,1,0,0.00017316017316017316,2.0,0.000945179584120983,0.0,5.458412098298677,Hisuian Growlithe,pokemon,TWM,99,H,0,Basic,SV5a
Hop's Sandaconda [JTG 87],1,1,0,0,0.00017316017316017316,1.0,0.0,0.0,0.0,Hop's Sandaconda,pokemon,JTG,87,I,1,Stage 1,SV9
Hop's Silicobra [JTG 86],1,1,0,0,0.00017316017316017316,1.0,0.0,0.0,0.0,Hop's Silicobra,pokemon,JTG,86,I,1,Basic,SV9
Hydrapple [DRI 18],1,1,0,0,0.00017316017316017316,1.0,0.0,0.0,0.0,Hydrapple,pokemon,DRI,18,I,1,Stage 2,SV9a
N's Joltik [JTG 49],1,1,0,0,0.00017316017316017316,1.0,0.0,0.0,0.0,N's Joltik,pokemon,JTG,49,I,1,Basic,SV9
N's Sigilyph [JTG 64],1,1,1,0,0.00017316017316017316,1.0,0.000945179584120983,0.0,5.458412098298677,N's Sigilyph,pokemon,JTG,64,I,1,Basic,SV9
N's Vanilluxe [ASC 51],1,1,0,0,0.00017316017316017316,1.0,0.0,0.0,0.0,N's Vanilluxe,pokemon,ASC,51,I,1,Stage 2,M2a
Numel [MEG 21],1,4,0,0,0.00017316017316017316,4.0,0.0,0.0,0.0,Numel,pokemon,MEG,21,I,1,Basic,M1L
Okidogi ex [SFA 36],1,2,0,0,0.00017316017316017316,2.0,0.0,0.0,0.0,Okidogi ex,pokemon,SFA,36,H,0,"Basic,ex",MC;SV6a;SV8a
Paldean Tauros [PFL 48],1,4,0,0,0.00017316017316017316,4.0,0.0,0.0,0.0,Paldean Tauros,pokemon,PFL,48,I,1,Basic,M2
Gastly [ASC 123],1,3,0,0,0.00017316017316017316,3.0,0.0,0.0,0.0,Gastly,pokemon,PFL,54,I,1,Basic,MBG;MC
Gastrodon [SSP 107],1,1,0,0,0.00017316017316017316,1.0,0.0,0.0,0.0,Gastrodon,pokemon,SSP,107,H,0,Stage 1,SV8
Seel [POR 18],1,2,0,0,0.00017316017316017316,2.0,0.0,0.0,0.0,Seel,pokemon,POR,18,J,1,Basic,M3;MP
Shaymin [POR 3],1,1,0,0,0.00017316017316017316,1.0,0.0,0.0,0.0,Shaymin,pokemon,POR,3,J,1,Basic,M3
Shellos [SSP 46],1,1,0,0,0.00017316017316017316,1.0,0.0,0.0,0.0,Shellos,pokemon,SSP,46,H,0,Basic,SV8
Sizzlipede [TEF 36],1,2,0,0,0.00017316017316017316,2.0,0.0,0.0,0.0,Sizzlipede,pokemon,TEF,36,H,0,Basic,MC;SV5K
Snom [TEF 168],1,2,0,0,0.00017316017316017316,2.0,0.0,0.0,0.0,Snom,pokemon,TEF,45,H,0,Basic,SV5K
Snorlax [POR 63],1,1,0,0,0.00017316017316017316,1.0,0.0,0.0,0.0,Snorlax,pokemon,POR,63,J,1,Basic,M3
Solosis [BLK 118],1,4,0,0,0.00017316017316017316,4.0,0.0,0.0,0.0,Solosis,pokemon,BLK,37,I,1,Basic,SV11B
Deoxys [CRI 31],1,2,0,0,0.00017316017316017316,2.0,0.0,0.0,0.0,Deoxys,pokemon,CRI,31,J,1,Basic,M4
Dewgong [POR 19],1,2,0,0,0.00017316017316017316,2.0,0.0,0.0,0.0,Dewgong,pokemon,POR,19,J,1,Stage 1,M3
Dipplin [DRI 17],1,2,0,0,0.00017316017316017316,2.0,0.0,0.0,0.0,Dipplin,pokemon,DRI,17,I,1,Stage 1,SV9a
Duosion [BLK 119],1,2,0,0,0.00017316017316017316,2.0,0.0,0.0,0.0,Duosion,pokemon,BLK,38,I,1,Stage 1,SV11B
Iron Bundle [SSP 55],1,1,0,0,0.00017316017316017316,1.0,0.0,0.0,0.0,Iron Bundle,pokemon,SSP,55,H,0,"Basic,Future",SV8
Iron Defender,1,1,0,0,0.00017316017316017316,1.0,0.0,0.0,0.0,Iron Defender,trainer,MEG,118,I,1,Item,M1L;M5;MC
Iron Hands [TEF 61],1,1,0,0,0.00017316017316017316,1.0,0.0,0.0,0.0,Iron Hands,pokemon,TEF,61,H,0,"Basic,Future",MC;SVHM
Lampent [TWM 37],1,1,0,0,0.00017316017316017316,1.0,0.0,0.0,0.0,Lampent,pokemon,TWM,37,H,0,Stage 1,SV6
Meloetta [MEP 26],1,2,0,0,0.00017316017316017316,2.0,0.0,0.0,0.0,Meloetta,pokemon,PFL,40,I,1,Basic,MBD
Meloetta ex [BLK 159],1,1,0,0,0.00017316017316017316,1.0,0.0,0.0,0.0,Meloetta ex,pokemon,BLK,44,I,1,"Basic,ex",SV11B
Metapod [JTG 2],1,3,0,0,0.00017316017316017316,3.0,0.0,0.0,0.0,Metapod,pokemon,JTG,2,I,1,Stage 1,SV9
Milcery [PFL 43],1,2,0,0,0.00017316017316017316,2.0,0.0,0.0,0.0,Milcery,pokemon,PFL,43,I,1,Basic,MBD
Mimikyu [PFL 42],1,2,0,0,0.00017316017316017316,2.0,0.0,0.0,0.0,Mimikyu,pokemon,PFL,42,I,1,Basic,MBD
Minccino [JTG 125],1,2,0,0,0.00017316017316017316,2.0,0.0,0.0,0.0,Minccino,pokemon,JTG,125,H,0,Basic,SVM
Miraidon [SSP 69],1,2,0,0,0.00017316017316017316,2.0,0.0,0.0,0.0,Miraidon,pokemon,SSP,69,H,0,"Basic,Future",SV8
Miraidon ex [ASC 73],1,1,0,0,0.00017316017316017316,1.0,0.0,0.0,0.0,Miraidon ex,pokemon,ASC,73,J,1,"Basic,Tera,ex",MC
Misty's Gyarados [DRI 49],1,4,0,0,0.00017316017316017316,4.0,0.0,0.0,0.0,Misty's Gyarados,pokemon,DRI,49,I,1,Stage 1,MC;SV9a
Misty's Lapras [DRI 194],1,4,0,0,0.00017316017316017316,4.0,0.0,0.0,0.0,Misty's Lapras,pokemon,DRI,50,I,1,Basic,MC;SV9a
Misty's Magikarp [DRI 48],1,4,0,0,0.00017316017316017316,4.0,0.0,0.0,0.0,Misty's Magikarp,pokemon,DRI,48,I,1,Basic,MC;SV9a
Misty's Psyduck [DRI 193],1,4,0,0,0.00017316017316017316,4.0,0.0,0.0,0.0,Misty's Psyduck,pokemon,DRI,45,I,1,Basic,SV9a
Misty's Starmie [DRI 47],1,4,0,0,0.00017316017316017316,4.0,0.0,0.0,0.0,Misty's Starmie,pokemon,DRI,47,I,1,Stage 1,MC;SV9a
Misty's Staryu [DRI 46],1,4,0,0,0.00017316017316017316,4.0,0.0,0.0,0.0,Misty's Staryu,pokemon,DRI,46,I,1,Basic,MC;SV9a
Mow Rotom [SCR 8],1,1,0,0,0.00017316017316017316,1.0,0.0,0.0,0.0,Mow Rotom,pokemon,SCR,8,H,0,Basic,SV7
Munkidori ex [SFA 37],1,1,0,0,0.00017316017316017316,1.0,0.0,0.0,0.0,Munkidori ex,pokemon,SFA,37,H,0,"Basic,ex",SV6a;SV8a
Haunter [ASC 124],1,3,0,0,0.00017316017316017316,3.0,0.0,0.0,0.0,Haunter,pokemon,PFL,55,I,1,Stage 1,MBG;MC
Hawlucha [POR 46],1,1,0,0,0.00017316017316017316,1.0,0.0,0.0,0.0,Hawlucha,pokemon,POR,46,J,1,Basic,M3
Hearthflame Mask Ogerpon ex [PRE 148],1,2,0,0,0.00017316017316017316,2.0,0.0,0.0,0.0,Hearthflame Mask Ogerpon ex,pokemon,TWM,40,H,0,"Basic,Tera,ex",MC;SV6;SV8a
Litwick [TWM 36],1,2,0,0,0.00017316017316017316,2.0,0.0,0.0,0.0,Litwick,pokemon,TWM,36,H,0,Basic,SV6
Lucario ex [PRE 51],1,1,0,0,0.00017316017316017316,1.0,0.0,0.0,0.0,Lucario ex,pokemon,PRE,51,H,0,"Stage 1,ex",SVM
Lycanroc [JTG 166],1,3,0,0,0.00017316017316017316,3.0,0.0,0.0,0.0,Lycanroc,pokemon,JTG,85,I,1,Stage 1,SV9
Magnemite [MEG 45],1,1,0,0,0.00017316017316017316,1.0,0.0,0.0,0.0,Magnemite,pokemon,MEG,45,I,1,Basic,M1S
Magneton [SSP 59],1,1,0,0,0.00017316017316017316,1.0,0.0,0.0,0.0,Magneton,pokemon,SSP,59,H,0,Stage 1,M2a;MC;SV8
Mega Camerupt ex [MEG 156],1,2,0,0,0.00017316017316017316,2.0,0.0,0.0,0.0,Mega Camerupt ex,pokemon,MEG,22,I,1,"Stage 1,MEGA,ex",M1L
Mega Emboar ex [ASC 273],1,1,0,0,0.00017316017316017316,1.0,0.0,0.0,0.0,Mega Emboar ex,pokemon,ASC,31,J,1,"Stage 2,MEGA,ex",MC
Mega Latias ex [MEG 100],1,1,0,0,0.00017316017316017316,1.0,0.0,0.0,0.0,Mega Latias ex,pokemon,MEG,100,I,1,"Basic,MEGA,ex",M1S
Conkeldurr [TWM 105],1,1,0,0,0.00017316017316017316,1.0,0.0,0.0,0.0,Conkeldurr,pokemon,TWM,105,H,0,Stage 2,SV6
Cramorant [TWM 176],1,1,0,0,0.00017316017316017316,1.0,0.0,0.0,0.0,Cramorant,pokemon,TWM,58,H,0,Basic,MC;SV5a
Cresselia [PFL 39],1,1,0,0,0.00017316017316017316,1.0,0.0,0.0,0.0,Cresselia,pokemon,PFL,39,I,1,Basic,MBD
Croconaw [TEF 40],1,2,0,0,0.00017316017316017316,2.0,0.0,0.0,0.0,Croconaw,pokemon,TEF,40,H,0,Stage 1,MC;SV5K;SV8a
Cubchoo [BLK 109],1,1,0,0,0.00017316017316017316,1.0,0.0,0.0,0.0,Cubchoo,pokemon,BLK,25,I,1,Basic,SV11B
Spiritomb [MEG 148],1,1,0,0,0.00017316017316017316,1.0,0.0,0.0,0.0,Spiritomb,pokemon,MEG,87,I,1,Basic,M1L;MC
Spoink [MEG 62],1,2,0,0,0.00017316017316017316,2.0,0.0,0.0,0.0,Spoink,pokemon,MEG,62,I,1,Basic,M1S;MC
Strange Timepiece,1,2,0,0,0.00017316017316017316,2.0,0.0,0.0,0.0,Strange Timepiece,trainer,MEG,128,I,1,Item,M1S;MC
Stunfisk ex [ASC 114],1,1,0,0,0.00017316017316017316,1.0,0.0,0.0,0.0,Stunfisk ex,pokemon,ASC,114,J,1,"Basic,ex",MC
Tauros [CRI 69],1,4,0,0,0.00017316017316017316,4.0,0.0,0.0,0.0,Tauros,pokemon,CRI,69,J,1,Basic,M4
Butterfree [JTG 3],1,4,0,0,0.00017316017316017316,4.0,0.0,0.0,0.0,Butterfree,pokemon,JTG,3,I,1,Stage 2,SV9
Camerupt [ASC 28],1,1,0,0,0.00017316017316017316,1.0,0.0,0.0,0.0,Camerupt,pokemon,ASC,28,I,1,Stage 1,M2a
Carbink [ASC 117],1,1,0,0,0.00017316017316017316,1.0,0.0,0.0,0.0,Carbink,pokemon,ASC,117,J,1,Basic,MC
Carracosta [BLK 107],1,1,0,0,0.00017316017316017316,1.0,0.0,0.0,0.0,Carracosta,pokemon,BLK,23,I,1,Stage 2,SV11B
Caterpie [JTG 1],1,4,0,0,0.00017316017316017316,4.0,0.0,0.0,0.0,Caterpie,pokemon,JTG,1,I,1,Basic,SV9
Xerneas [MEG 64],1,1,0,0,0.00017316017316017316,1.0,0.0,0.0,0.0,Xerneas,pokemon,MEG,64,I,1,Basic,M1S
Xerneas ex [SVP 179],1,1,0,0,0.00017316017316017316,1.0,0.0,0.0,0.0,Xerneas ex,pokemon,SVP,179,H,0,,SVM
Ange Floette,1,3,0,0,0.00017316017316017316,3.0,0.0,0.0,0.0,Ange Floette,trainer,CRI,75,J,1,Stadium,M4
Archeops [WHT 132],1,2,0,0,0.00017316017316017316,2.0,0.0,0.0,0.0,Archeops,pokemon,WHT,51,I,1,Stage 2,MC;SV11W
Archen [WHT 131],1,1,0,0,0.00017316017316017316,1.0,0.0,0.0,0.0,Archen,pokemon,WHT,50,I,1,Stage 1,MC;SV11W
Yungoos [MEG 109],1,2,0,0,0.00017316017316017316,2.0,0.0,0.0,0.0,Yungoos,pokemon,MEG,109,I,1,Basic,M1L
Alcremie [PFL 44],1,2,0,0,0.00017316017316017316,2.0,0.0,0.0,0.0,Alcremie,pokemon,PFL,44,I,1,Stage 1,MBD
Zacian [MEP 15],1,1,0,0,0.00017316017316017316,1.0,0.0,0.0,0.0,Zacian,pokemon,PFL,45,I,1,Basic,M2
Applin [SSP 138],1,1,0,0,0.00017316017316017316,1.0,0.0,0.0,0.0,Applin,pokemon,SSP,138,H,0,Basic,SV7a
Antique Sail Fossil,1,2,0,0,0.00017316017316017316,2.0,0.0,0.0,0.0,Antique Sail Fossil,trainer,POR,69,J,1,Item,M3
Antique Plume Fossil,1,2,0,0,0.00017316017316017316,2.0,0.0,0.0,0.0,Antique Plume Fossil,trainer,WHT,79,I,1,Item,MC;SV11W
Zeraora [SCR 151],1,1,0,0,0.00017316017316017316,1.0,0.0,0.0,0.0,Zeraora,pokemon,SCR,55,H,0,Basic,MC;SV7;SV8a
Antique Jaw Fossil,1,4,0,0,0.00017316017316017316,4.0,0.0,0.0,0.0,Antique Jaw Fossil,trainer,POR,68,J,1,Item,M3
Antique Cover Fossil,1,3,0,0,0.00017316017316017316,3.0,0.0,0.0,0.0,Antique Cover Fossil,trainer,SCR,129,H,0,Item,SV11B;SV7
