card,name,draw,select,tutor,recover,accel,retreat,gust,disruption,item_lock,evo_tempo,damage_100hp,heal_100hp,cost,ace
Precious Trolley,Precious Trolley,0.0,0.0,2.72,0.0,0.0,0.0,0.0,0.0,0.0,0.0,0.0,0.0,0.0,1.0
Secret Box,Secret Box,0.0,0.0,2.72,0.0,0.0,0.0,0.0,0.0,0.0,0.0,0.0,0.0,2.04,1.0
Unfair Stamp,Unfair Stamp,3.4000000000000004,0.0,0.0,0.0,0.0,0.0,0.0,2.04,0.0,0.0,0.0,0.0,1.36,1.0
Gladion's Final Battle,Gladion's Final Battle,-1.22317849176442,0.0,-0.29014503054154256,-0.028321666261472072,-0.06956647875767337,-0.015636528292712573,-0.13761664286148423,-0.06561892284081931,0.0,0.0,0.5399858061599709,-0.02256950708077554,-0.5753505113049292,0.0
Gwynn,Gwynn,2.1768215082355806,0.0,-0.29014503054154256,-0.028321666261472072,-0.06956647875767337,-0.015636528292712573,-0.13761664286148423,-0.06561892284081931,0.0,0.0,-0.004014193840029174,-0.02256950708077554,0.5806494886950708,0.0
Meganium [MEG 10],Meganium,0.0,0.0,0.0,0.0,0.40138352236800023,0.0,0.0,0.0,0.0,0.0,0.0,0.0,0.0,0.0
Team Rocket's Spidops [ASC 19],Team Rocket's Spidops,0.0,0.0,0.0,0.0,0.0081783911420005,0.0,0.0,0.0,0.0,0.0,0.0,0.0,0.0,0.0
Mega Kangaskhan ex [MEG 104],Mega Kangaskhan ex,0.0649774999999993,0.0,0.0,0.0,0.0,0.0,0.0,0.0,0.0,0.0,0.0,0.0,0.0,0.0
Annihilape [PBL 41],Annihilape,0.0,0.0,0.0,0.0,0.0,0.0,0.0,0.0,0.0,0.0,0.0,0.55950160993875,0.0,0.0
Team Rocket's Archer,Team Rocket's Archer,2.1768215082355806,0.0,-0.29014503054154256,-0.028321666261472072,-0.06956647875767337,-0.015636528292712573,-0.13761664286148423,1.2943810771591808,0.0,0.0,-0.004014193840029174,-0.02256950708077554,0.784649488695071,0.0
Crustle [DRI 12],Crustle,0.0,0.0,0.0,0.0,0.0,0.0,0.0,0.0,0.0,0.0,0.0,0.00043050000000011997,0.0,0.0
Ultra Ball,Ultra Ball,0.0,0.0,0.5208139416725943,0.0,0.0,0.0,0.0,0.0,0.0,0.0,0.0,0.0,1.0416278833451886,0.0
Buddy-Buddy Poffin,Buddy-Buddy Poffin,0.0,0.0,0.9925260165616118,0.0,0.0,0.0,0.0,0.0,0.0,0.0,0.0,0.0,0.0,0.0
Pecharunt [SVP 129],Pecharunt,0.0,0.0,0.0,0.0,0.0,0.0,0.0,0.0,0.0,0.0,0.66884483881425,0.0,0.0,0.0
Team Rocket's Transceiver,Team Rocket's Transceiver,0.0,0.0,0.489824862216779,0.0,0.0,0.0,0.0,0.0,0.0,0.0,0.0,0.0,0.0,0.0
Lunatone [ASC 105],Lunatone,2.2206934802074993,0.0,0.0,0.0,0.0,0.0,0.0,0.0,0.0,0.0,0.0,0.0,0.7402311600691664,0.0
Fezandipiti ex [ASC 142],Fezandipiti ex,5.082791603940141,0.0,0.0,0.0,0.0,0.0,0.0,0.0,0.0,0.0,0.0,0.0,0.0,0.0
Tatsugiri [SVP 118],Tatsugiri,0.0,0.0,1.2144843856831877,0.0,0.0,0.0,0.0,0.0,0.0,0.0,0.0,0.0,0.0,0.0
N's PP Up,N's PP Up,0.0,0.0,0.0,0.0,0.5383805555555555,0.0,0.0,0.0,0.0,0.0,0.0,0.0,0.0,0.0
Lumiose City,Lumiose City,0.0,0.0,0.5354330708661418,0.0,0.0,0.0,0.0,0.0,0.0,0.0,0.0,0.0,0.0,0.0
Genesect [SFA 40],Genesect,0.0,0.0,0.0,0.0,0.0,0.0,0.0,0.9162296601873752,0.0,0.0,0.0,0.0,0.0,0.0
Team Rocket's Ariana,Team Rocket's Ariana,1.1568215082355802,0.0,-0.29014503054154256,-0.028321666261472072,-0.06956647875767337,-0.015636528292712573,-0.13761664286148423,-0.06561892284081931,0.0,0.0,-0.004014193840029174,-0.02256950708077554,-0.5753505113049292,0.0
Fan Rotom [ASC 171],Fan Rotom,0.0,0.0,1.6830562500000001,0.0,0.0,0.0,0.0,0.0,0.0,0.0,0.0,0.0,0.0,0.0
Prime Catcher,Prime Catcher,0.0,0.0,0.0,0.0,0.0,0.8160000000000001,0.68,0.0,0.0,0.0,0.0,0.0,0.0,1.0
Bianca's Devotion,Bianca's Devotion,-1.22317849176442,0.0,-0.29014503054154256,-0.028321666261472072,-0.06956647875767337,-0.015636528292712573,-0.13761664286148423,-0.06561892284081931,0.0,0.0,-0.004014193840029174,0.7934304929192245,-0.5753505113049292,0.0
Pokémon Catcher,Pokémon Catcher,0.0,0.0,0.0,0.0,0.0,0.0,0.2909615384615385,0.0,0.0,0.0,0.0,0.0,0.0,0.0
Fighting Gong,Fighting Gong,0.0,0.0,0.4959855371900827,0.0,0.0,0.0,0.0,0.0,0.0,0.0,0.0,0.0,0.0,0.0
Bug Catching Set,Bug Catching Set,0.0,0.0,0.8354914979757085,0.0,0.0,0.0,0.0,0.0,0.0,0.0,0.0,0.0,0.0,0.0
Poké Pad,Poké Pad,0.0,0.0,0.5042871868879497,0.0,0.0,0.0,0.0,0.0,0.0,0.0,0.0,0.0,0.0,0.0
Meowth ex [POR 107],Meowth ex,0.0,0.0,0.7433675,0.0,0.0,0.0,0.0,0.0,0.0,0.0,0.0,0.0,0.0,0.0
Hydrapple ex [PRE 11],Hydrapple ex,0.0,0.0,0.0,0.0,0.5468744868337971,0.0,0.0,0.0,0.0,0.0,0.0,0.16406234605013914,0.0,0.0
Miracle Headset,Miracle Headset,0.0,0.0,0.0,1.36,0.0,0.0,0.0,0.0,0.0,0.0,0.0,0.0,0.0,1.0
Lucky Helmet,Lucky Helmet,0.9858005029337804,0.0,0.0,0.0,0.0,0.0,0.0,0.0,0.0,0.0,0.0,0.0,0.0,0.0
Cyrano,Cyrano,-1.22317849176442,0.0,1.4098549694584577,-0.028321666261472072,-0.06956647875767337,-0.015636528292712573,-0.13761664286148423,-0.06561892284081931,0.0,0.0,-0.004014193840029174,-0.02256950708077554,-0.5753505113049292,0.0
Dunsparce [JTG 120],Dunsparce,0.0,0.0,0.0,0.0,0.0,0.11979673400999975,0.0,0.0,0.0,0.0,0.0,0.0,0.0,0.0
Briar,Briar,-1.22317849176442,0.0,-0.29014503054154256,-0.028321666261472072,-0.06956647875767337,-0.015636528292712573,0.2023833571385158,-0.06561892284081931,0.0,0.0,-0.004014193840029174,-0.02256950708077554,-0.5753505113049292,0.0
Team Rocket's Watchtower,Team Rocket's Watchtower,0.0,0.0,0.0,0.0,0.0,0.0,0.0,0.9683299845440494,0.0,0.0,0.0,0.0,0.0,0.0
Dusclops [PRE 36],Dusclops,0.0,0.0,0.0,0.0,0.0,0.0,0.0,0.0,0.0,0.0,0.3355453124999999,0.0,0.0,0.0
Yveltal [MEG 88],Yveltal,0.0,0.0,0.0,0.0,0.0,0.0,1.098271383623203,0.0,0.0,0.0,0.36609046120773436,0.0,0.0,0.0
Eri,Eri,-1.22317849176442,0.0,-0.29014503054154256,-0.028321666261472072,-0.06956647875767337,-0.015636528292712573,-0.13761664286148423,0.7503810771591807,0.0,0.0,-0.004014193840029174,-0.02256950708077554,-0.5753505113049292,0.0
Janine's Secret Art,Janine's Secret Art,-1.22317849176442,0.0,-0.29014503054154256,-0.028321666261472072,1.2904335212423268,-0.015636528292712573,-0.13761664286148423,-0.06561892284081931,0.0,0.0,-0.004014193840029174,-0.02256950708077554,-0.5753505113049292,0.0
Pokégear 3.0,Pokégear 3.0,0.0,0.0,0.467139194847021,0.0,0.0,0.0,0.0,0.0,0.0,0.0,0.0,0.0,0.0,0.0
Munkidori [ASC 99],Munkidori,0.0,0.0,0.0,0.0,0.0,0.0,0.0,0.0,0.0,0.0,0.9215905110827998,0.9215905110827998,0.0,0.0
Wondrous Patch,Wondrous Patch,0.0,0.0,0.0,0.0,0.5805311871227364,0.0,0.0,0.0,0.0,0.0,0.0,0.0,0.0,0.0
Lillie's Determination,Lillie's Determination,3.1288215082355806,0.0,-0.29014503054154256,-0.028321666261472072,-0.06956647875767337,-0.015636528292712573,-0.13761664286148423,-0.06561892284081931,0.0,0.0,-0.004014193840029174,-0.02256950708077554,1.464649488695071,0.0
Judge,Judge,1.4968215082355805,0.0,-0.29014503054154256,-0.028321666261472072,-0.06956647875767337,-0.015636528292712573,-0.13761664286148423,0.9543810771591807,0.0,0.0,-0.004014193840029174,-0.02256950708077554,1.464649488695071,0.0
Patrat [CRI 70],Patrat,0.0,0.0,0.0,0.0,0.0,0.0,0.0,0.0,0.0,0.0,0.0,0.49073389403343737,0.0,0.0
Brave Bangle,Brave Bangle,0.0,0.0,0.0,0.0,0.0,0.0,0.0,0.0,0.0,0.0,0.28972062588904696,0.0,0.0,0.0
Jumbo Ice Cream,Jumbo Ice Cream,0.0,0.0,0.0,0.0,0.0,0.0,0.0,0.0,0.0,0.0,0.0,0.4211205936920223,0.0,0.0
Ciphermaniac's Codebreaking,Ciphermaniac's Codebreaking,-1.22317849176442,0.0,0.7298549694584575,-0.028321666261472072,-0.06956647875767337,-0.015636528292712573,-0.13761664286148423,-0.06561892284081931,0.0,0.0,-0.004014193840029174,-0.02256950708077554,-0.5753505113049292,0.0
Hariyama [MEG 73],Hariyama,0.0,0.0,0.0,0.0,0.0,0.0,0.7088499999999998,0.0,0.0,0.0,0.0,0.0,0.0,0.0
Alakazam [TWM 82],Alakazam,2.4133950000000004,0.0,0.0,0.0,0.0,0.0,0.0,0.0,0.0,0.0,0.0,0.0,0.0,0.0
Prism Tower,Prism Tower,0.0,0.6224043715846995,0.0,0.0,0.0,0.0,0.0,0.0,0.0,0.0,0.0,0.0,0.0,0.0
Brock's Scouting,Brock's Scouting,-1.22317849176442,0.0,0.8658549694584575,-0.028321666261472072,-0.06956647875767337,-0.015636528292712573,-0.13761664286148423,-0.06561892284081931,0.0,0.0,-0.004014193840029174,-0.02256950708077554,-0.5753505113049292,0.0
Lana's Aid,Lana's Aid,-1.22317849176442,0.0,-0.29014503054154256,2.011678333738528,-0.06956647875767337,-0.015636528292712573,-0.13761664286148423,-0.06561892284081931,0.0,0.0,-0.004014193840029174,-0.02256950708077554,-0.5753505113049292,0.0
Boss's Orders,Boss's Orders,-1.22317849176442,0.0,-0.29014503054154256,-0.028321666261472072,-0.06956647875767337,-0.015636528292712573,0.5423833571385158,-0.06561892284081931,0.0,0.0,-0.004014193840029174,-0.02256950708077554,-0.5753505113049292,0.0
Handheld Fan,Handheld Fan,0.0,0.0,0.0,0.0,0.0,0.0,0.0,0.380838041958042,0.0,0.0,0.0,0.0,0.0,0.0
Dawn,Dawn,-1.22317849176442,0.0,1.0698549694584576,-0.028321666261472072,-0.06956647875767337,-0.015636528292712573,-0.13761664286148423,-0.06561892284081931,0.0,0.0,-0.004014193840029174,-0.02256950708077554,-0.5753505113049292,0.0
Froslass [SVP 117],Froslass,0.0,0.0,0.0,0.0,0.0,0.0,0.0,0.0,0.0,0.0,0.5435296721052287,0.0,0.0,0.0
Gravity Mountain,Gravity Mountain,0.0,0.0,0.0,0.0,0.0,0.0,0.0,0.0,0.0,0.0,0.3876876611418048,0.0,0.0,0.0
Maximum Belt,Maximum Belt,0.0,0.0,0.0,0.0,0.0,0.0,0.0,0.0,0.0,0.0,0.51,0.0,0.0,1.0
Crushing Hammer,Crushing Hammer,0.0,0.0,0.0,0.0,0.0,0.0,0.0,0.24651593892311813,0.0,0.0,0.0,0.0,0.0,0.0
Iron Leaves ex [PRE 176],Iron Leaves ex,0.0,0.0,0.0,0.0,1.0711650000000001,0.5355825000000001,0.0,0.0,0.0,0.0,0.0,0.0,0.0,0.0
Dipplin [PRE 10],Dipplin,0.0,0.0,0.0,0.0,0.0,0.0,0.0,0.0,0.0,0.0,0.0,0.0,0.0,0.0
Night Stretcher,Night Stretcher,0.0,0.0,0.0,0.6140555475330927,0.0,0.0,0.0,0.0,0.0,0.0,0.0,0.0,0.0,0.0
Hilda,Hilda,-1.22317849176442,0.0,1.0698549694584576,-0.028321666261472072,-0.06956647875767337,-0.015636528292712573,-0.13761664286148423,-0.06561892284081931,0.0,0.0,-0.004014193840029174,-0.02256950708077554,-0.5753505113049292,0.0
Iron Crown ex [PRE 158],Iron Crown ex,0.0,0.0,0.0,0.0,0.0,0.0,0.0,0.0,0.0,0.0,0.541765482421867,0.0,0.0,0.0
Black Belt's Training,Black Belt's Training,-1.22317849176442,0.0,-0.29014503054154256,-0.028321666261472072,-0.06956647875767337,-0.015636528292712573,-0.13761664286148423,-0.06561892284081931,0.0,0.0,0.26798580615997086,-0.02256950708077554,-0.5753505113049292,0.0
Glass Trumpet,Glass Trumpet,0.0,0.0,0.0,0.0,1.2695097276264593,0.0,0.0,0.0,0.0,0.0,0.0,0.0,0.0,0.0
Energy Switch,Energy Switch,0.0,0.0,0.0,0.0,0.398749985759043,0.0,0.0,0.0,0.0,0.0,0.0,0.0,0.0,0.0
Special Red Card,Special Red Card,0.0,0.0,0.0,0.0,0.0,0.0,0.0,1.692714593635096,0.0,0.0,0.0,0.0,0.0,0.0
Noctowl [PRE 78],Noctowl,0.0,0.0,1.4285200000000002,0.0,0.0,0.0,0.0,0.0,0.0,0.0,0.0,0.0,0.0,0.0
Hero's Cape,Hero's Cape,0.0,0.0,0.0,0.0,0.0,0.0,0.0,0.0,0.0,0.0,0.0,0.68,0.0,1.0
Energy Retrieval,Energy Retrieval,0.0,0.0,0.0,1.3320821114369503,0.0,0.0,0.0,0.0,0.0,0.0,0.0,0.0,0.0,0.0
Air Balloon,Air Balloon,0.0,0.0,0.0,0.0,0.0,1.2808000000000002,0.0,0.0,0.0,0.0,0.0,0.0,0.0,0.0
Forest of Vitality,Forest of Vitality,0.0,0.0,0.0,0.0,0.0,0.0,0.0,0.0,0.0,0.7872012882447665,0.0,0.0,0.0,0.0
Team Rocket's Petrel,Team Rocket's Petrel,-1.22317849176442,0.0,0.38985496945845755,-0.028321666261472072,-0.06956647875767337,-0.015636528292712573,-0.13761664286148423,-0.06561892284081931,0.0,0.0,-0.004014193840029174,-0.02256950708077554,-0.5753505113049292,0.0
Risky Ruins,Risky Ruins,0.0,0.0,0.0,0.0,0.0,0.0,0.0,0.0,0.0,0.0,0.25346908005224855,0.0,0.0,0.0
Blaziken ex [JTG 24],Blaziken ex,0.0,0.0,0.0,0.0,0.9619288241425834,0.0,0.0,0.0,0.0,0.0,0.0,0.0,0.0,0.0
Budew [ASC 16],Budew,0.0,0.0,0.0,0.0,0.0,0.0,0.0,0.0,1.513275625,0.0,0.0,0.0,0.0,0.0
Chien-Pao [SSP 56],Chien-Pao,0.0,0.0,0.0,0.0,0.0,0.0,0.0,0.79759125,0.0,0.0,0.0,0.0,0.0,0.0
Nighttime Mine,Nighttime Mine,0.0,0.0,0.0,0.0,0.0,0.0,0.0,0.2895792592592593,0.0,0.0,0.0,0.0,0.0,0.0
Dudunsparce [PRE 80],Dudunsparce,2.4073200000000012,0.0,0.0,0.0,0.0,0.0,0.0,0.0,0.0,0.0,0.0,0.0,0.0,0.0
Abra [TWM 80],Abra,0.0,0.0,0.0,0.0,0.0,0.98236707852,0.0,0.0,0.0,0.0,0.0,0.0,0.0,0.0
Wally's Compassion,Wally's Compassion,-1.22317849176442,0.0,-0.29014503054154256,-0.028321666261472072,-0.06956647875767337,-0.015636528292712573,-0.13761664286148423,-0.06561892284081931,0.0,0.0,-0.004014193840029174,1.3374304929192247,-0.5753505113049292,0.0
Seaking [PRE 21],Seaking,3.661971095365593,0.0,0.0,0.0,0.0,0.0,0.0,0.0,0.0,0.0,1.0985913286096778,0.0,0.0,0.0
Pokémon Center Lady,Pokémon Center Lady,-1.22317849176442,0.0,-0.29014503054154256,-0.028321666261472072,-0.06956647875767337,-0.015636528292712573,-0.13761664286148423,-0.06561892284081931,0.0,0.0,-0.004014193840029174,0.38543049291922443,-0.5753505113049292,0.0
Flutter Mane [PRE 43],Flutter Mane,0.0,0.0,0.0,0.0,0.0,0.0,0.0,1.184424693698276,0.0,0.0,0.0,0.0,0.0,0.0
Dusknoir [PRE 37],Dusknoir,0.0,0.0,0.0,0.0,0.0,0.0,0.0,0.0,0.0,0.0,0.8729174999999999,0.0,0.0,0.0
Kieran,Kieran,-1.22317849176442,0.0,-0.29014503054154256,-0.028321666261472072,-0.06956647875767337,0.5283634717072875,-0.13761664286148423,-0.06561892284081931,0.0,0.0,0.09798580615997084,-0.02256950708077554,-0.5753505113049292,0.0
Premium Power Pro,Premium Power Pro,0.0,0.0,0.0,0.0,0.0,0.0,0.0,0.0,0.0,0.0,0.15830752157829842,0.0,0.0,0.0
Dunsparce [PRE 79],Dunsparce,0.0,0.0,0.0,0.0,0.0,0.11979673400999975,0.0,0.0,0.0,0.0,0.0,0.0,0.0,0.0
Tarragon,Tarragon,-1.22317849176442,0.0,-0.29014503054154256,2.691678333738528,-0.06956647875767337,-0.015636528292712573,-0.13761664286148423,-0.06561892284081931,0.0,0.0,-0.004014193840029174,-0.02256950708077554,-0.5753505113049292,0.0
Binding Mochi,Binding Mochi,0.0,0.0,0.0,0.0,0.0,0.0,0.0,0.0,0.0,0.0,0.3770668519805421,0.0,0.0,0.0
Ruffian,Ruffian,-1.22317849176442,0.0,-0.29014503054154256,-0.028321666261472072,-0.06956647875767337,-0.015636528292712573,-0.13761664286148423,0.9543810771591807,0.0,0.0,-0.004014193840029174,-0.02256950708077554,-0.5753505113049292,0.0
Crispin,Crispin,-1.22317849176442,0.0,0.38985496945845755,-0.028321666261472072,0.6104335212423266,-0.015636528292712573,-0.13761664286148423,-0.06561892284081931,0.0,0.0,-0.004014193840029174,-0.02256950708077554,-0.5753505113049292,0.0
N's Castle,N's Castle,0.0,0.0,0.0,0.0,0.0,1.244549147034931,0.0,0.0,0.0,0.0,0.0,0.0,0.0,0.0
Surfer,Surfer,0.13682150823558017,0.0,-0.29014503054154256,-0.028321666261472072,-0.06956647875767337,0.8003634717072875,-0.13761664286148423,-0.06561892284081931,0.0,0.0,-0.004014193840029174,-0.02256950708077554,-0.5753505113049292,0.0
Rabsca [TEF 24],Rabsca,0.0,0.0,0.0,0.0,0.0,0.0,0.0,0.0,0.0,0.0,0.0,0.5813644274802281,0.0,0.0
Jamming Tower,Jamming Tower,0.0,0.0,0.0,0.0,0.0,0.0,0.0,0.6744641208560639,0.0,0.0,0.0,0.0,0.0,0.0
Teal Mask Ogerpon ex [PRE 12],Teal Mask Ogerpon ex,0.055903271860346854,0.0,0.0,0.0,0.055903271860346854,0.0,0.0,0.0,0.0,0.0,0.0,0.0,0.0,0.0
Academy at Night,Academy at Night,0.0,0.47888000000000003,0.0,0.0,0.0,0.0,0.0,0.0,0.0,0.0,0.0,0.0,0.0,0.0
Sacred Ash,Sacred Ash,0.0,0.0,0.0,1.0190142857142857,0.0,0.0,0.0,0.0,0.0,0.0,0.0,0.0,0.0,0.0
Enhanced Hammer,Enhanced Hammer,0.0,0.0,0.0,0.0,0.0,0.0,0.0,0.6204684951816161,0.0,0.0,0.0,0.0,0.0,0.0
Battle Cage,Battle Cage,0.0,0.0,0.0,0.0,0.0,0.0,0.0,0.0,0.0,0.0,0.0,0.3445840796019901,0.0,0.0
Switch,Switch,0.0,0.0,0.0,0.0,0.0,0.8030058944482523,0.0,0.0,0.0,0.0,0.0,0.0,0.0,0.0
Xerosic's Machinations,Xerosic's Machinations,-1.22317849176442,0.0,-0.29014503054154256,-0.028321666261472072,-0.06956647875767337,-0.015636528292712573,-0.13761664286148423,1.6343810771591807,0.0,0.0,-0.004014193840029174,-0.02256950708077554,-0.5753505113049292,0.0
Mew ex [30C 152],Mew ex,0.0,0.0,0.62387861727075,0.0,0.0,0.62387861727075,0.0,0.0,0.0,0.0,0.0,0.0,0.0,0.0
Shaymin [DRI 10],Shaymin,0.0,0.0,0.0,0.0,0.0,0.0,0.0,0.0,0.0,0.0,0.0,1.1048263302744257,0.0,0.0
Tool Scrapper,Tool Scrapper,0.0,0.0,0.0,0.0,0.0,0.0,0.0,0.6798283911671924,0.0,0.0,0.0,0.0,0.0,0.0
Rare Candy,Rare Candy,0.0,0.0,0.0,0.0,0.0,0.0,0.0,0.0,0.0,0.583738715829625,0.0,0.0,0.0,0.0
Latias ex [SSP 220],Latias ex,0.0,0.0,0.0,0.0,0.0,1.0566282636532593,0.0,0.0,0.0,0.0,0.0,0.0,0.0,0.0
Alakazam [MEG 56],Alakazam,2.3976675000000007,0.0,0.0,0.0,0.0,0.0,0.0,0.0,0.0,0.0,0.0,0.0,0.0,0.0
Pecharunt ex [PRE 163],Pecharunt ex,0.0,0.0,0.0,0.0,0.0,2.4333803624330996,0.0,0.0,0.0,0.0,-0.24333803624330996,0.0,0.0,0.0
Lillie's Clefairy ex [ASC 280],Lillie's Clefairy ex,0.0,0.0,0.0,0.0,0.0,0.0,0.0,0.0,0.0,0.0,1.260365216075245,0.0,0.0,0.0
Rosa's Encouragement,Rosa's Encouragement,-1.22317849176442,0.0,-0.29014503054154256,-0.028321666261472072,0.7464335212423266,-0.015636528292712573,-0.13761664286148423,-0.06561892284081931,0.0,0.0,-0.004014193840029174,-0.02256950708077554,-0.5753505113049292,0.0
Psyduck [ASC 226],Psyduck,0.0,0.0,0.0,0.0,0.0,0.0,0.0,0.0,0.0,0.0,0.0,0.50263568938908,0.0,0.0
Mega Signal,Mega Signal,0.0,0.0,0.6632914285714286,0.0,0.0,0.0,0.0,0.0,0.0,0.0,0.0,0.0,0.0,0.0
Annihilape [SSP 100],Annihilape,0.0,0.0,0.0,0.0,0.0,0.0,0.0,0.0,0.0,0.0,0.0,0.55950160993875,0.0,0.0
Ethan's Adventure,Ethan's Adventure,-1.22317849176442,0.0,1.7498549694584575,-0.028321666261472072,-0.06956647875767337,-0.015636528292712573,-0.13761664286148423,-0.06561892284081931,0.0,0.0,-0.004014193840029174,-0.02256950708077554,-0.5753505113049292,0.0
Energy Recycler,Energy Recycler,0.0,0.0,0.0,0.5326559241706161,0.0,0.0,0.0,0.0,0.0,0.0,0.0,0.0,0.0,0.0
Mega Greninja ex [CRI 100],Mega Greninja ex,0.0,0.0,0.0,0.0,0.0,0.0,0.0,0.0,0.0,0.0,0.3692575728395998,0.0,0.6154292880659997,0.0
