outcome,model,oos_mse,oos_r2_vs_total,oos_r2_of_real_signal
wr,null,8.73356540398452e-05,-0.022502216671231423,-0.029419957484170478
wr,hand,8.90903631094458e-05,-0.04304587587897202,-0.056279248250565184
wr,0.25,0.00010822215091772363,-0.2670356731492005,-0.3491290776188405
wr,0.5,9.457840009115335e-05,-0.10729832856467048,-0.14028450221666144
wr,1.0,8.40903443820934e-05,0.015492991074299911,0.02025592168842949
wr,2.0,8.13112049436395e-05,0.048030403972829205,0.06279614419652824
wr,4.0,8.205588106150415e-05,0.039311937390196894,0.051397404244115874
wr,data,7.777081408891599e-05,0.08948034256475612,0.11698882436278979
d2,null,0.00026762156388381985,-0.022931548403274826,-0.038153842722185916
d2,hand,0.0002766260592474304,-0.057349486372155756,-0.09541890694694222
d2,0.25,0.0002996178102682086,-0.1452309976034305,-0.24163743954403616
d2,0.5,0.0002826115616254102,-0.08022790889769027,-0.1334843580634617
d2,1.0,0.0002625457244667808,-0.0035301362040240925,-0.005873491800361563
d2,2.0,0.0002487223421017269,0.0493070631667778,0.0820378066092331
d2,4.0,0.0002444228551413103,0.06574101859971115,0.10938085993754687
d2,data,0.00024500469171363494,0.0635170610934166,0.10568060719299743
