group,coef,se,ce_weight,hand_weight,n_cards_with_component
draw,0.002015975327796646,0.0009009902331714514,1.0,1.0,19
select,0.014303727937919411,0.011689503566312263,7.095189976135584,1.25,3
tutor,0.0055764303723208515,0.001844899645629654,2.7661203465300312,1.5,29
recover,-0.00176498278455552,0.0032059327882375437,-0.8754982068577954,1.25,7
accel,-0.00565556440621537,0.0028062558884413844,-2.8053738199249696,2.0,15
retreat,-0.004652696290272731,0.00202251345073768,-2.30791330931509,2.0,15
gust,0.007945318637947313,0.007799813367274509,3.9411785096750784,2.0,6
disruption,-0.0018926608053915347,0.0021498225007987415,-0.9388313335461861,0.7,17
item_lock,-0.003136738088732082,0.003585411288764441,-1.5559407129056337,1.8,1
evo_tempo,-0.013852444012443874,0.004987000307664275,-6.8713360830580505,2.5,2
damage_100hp,-0.003778819598569897,0.0031531191096104065,-1.8744374231503846,2.142857142857143,21
heal_100hp,-0.0059634596750618215,0.0032429313154765564,-2.9581015168372953,2.142857142857143,15
cost,0.0038655749488773926,0.0017012705796888249,1.9174713576987379,-0.55,10
