group,hand_weight,outcome_per_unit,outcome_per_unit_se,data_only_weight,fitted_weight,fitted_se,n_cards_with_component
draw,1.0,0.002361830529138749,0.0018062623428277914,0.45324462046492203,0.8837424775532979,0.29655999404864203,39
select,1.25,-0.006956482336045109,0.030763283172005915,-1.3349764757767992,1.2290833013644409,0.9858890852647547,2
tutor,1.5,0.00781641002175404,0.0038321302866818345,1.5,2.6697523980933706,0.535709820017501,45
recover,1.25,-0.00270363486124215,0.005266789345252007,-0.5188382237595516,0.870423967197306,0.6968599015021091,34
accel,2.0,-0.010217298222040375,0.007733167363629488,-1.9607399420458427,1.0541370129387821,0.8217005721242634,39
retreat,2.0,-0.013715690689625318,0.005035605807097484,-2.632095294026192,-0.020215381453451746,0.6847068621227252,40
gust,2.0,0.01043126539163468,0.010049714402835802,2.001801088211181,2.1776899338451567,0.8820751135605812,33
disruption,0.7,-0.003948049393032956,0.003948754773186121,-0.7576462945351595,0.5799137197048538,0.5697005218606332,41
item_lock,1.8,-0.0060738973880814316,0.006915051104332193,-1.1656049333089653,0.9737451325390764,0.7964262487516975,1
evo_tempo,2.5,-0.04129862627327868,0.01117065045143053,-7.925369733357027,0.8409661618376373,0.9035662889544389,2
damage_100hp,2.142857142857143,-0.0030159458277272326,0.007072314704253979,-0.5787719335347328,1.354007229393736,0.7986628374865897,46
heal_100hp,2.142857142857143,-0.010486062829661937,0.005888497462925288,-2.0123169333129765,0.5806733736036126,0.7317593007000015,41
cost,-0.55,0.007379048268731985,0.003459787590197332,1.416068549665737,0.9101902903067881,0.5408492338852725,34
ace,,0.01247600720085333,0.015085386534168136,2.3941951291189403,1.237747442810175,2.828294758327562,7
