group,coef_wr,coef_se_wr,p_wr,ce_weight_wr,ce_weight_se_wr,coef_d2,coef_se_d2,p_d2,ce_weight_d2,ce_weight_se_d2,hand_weight,mean_per_game,sd_within_arch
draw,0.00038850419573559474,0.00038727532393565057,0.3157773389944841,1.0,0.0,0.012403872306065305,0.007356527544465484,0.09177572292004224,1.0,0.0,1.0,24.50778137997629,3.4467776358764572
select,0.00236373759672677,0.0024772600774903217,0.33999548337455654,6.084200949879739,8.41059038700218,0.06669083928302208,0.05456047626251287,0.2215833275955701,5.376614466630011,5.244755302592504,1.25,2.2416562419580406,0.41829903601601154
tutor,0.007760890255391516,0.0007698755451136707,6.72401323706323e-24,19.97633575281479,19.616270339736964,0.09045509394149219,0.014976137563639295,1.5416378622136706e-09,7.292488322155737,4.205525486466131,1.5,13.652387830968674,1.370550333618206
recover,-0.0041947891622907746,0.001836769073705105,0.022384057504944276,-10.797281492284403,12.055256977899647,-0.05361334297678413,0.035036880836443234,0.12596788170115109,-4.322306909800097,4.04963915445614,1.25,1.7354237947571474,0.5389027760436915
accel,-0.0012497631825897325,0.0015890685144854795,0.43158906712352696,-3.2168589073367095,4.8986731894523805,-0.010747797107129491,0.029735492699700414,0.7177655075341456,-0.8664872422037094,2.403010154753715,2.0,3.4891231684521964,0.6207650269617824
retreat,-0.0023581974467681154,0.0010719608722201865,0.027814604813555865,-6.0699407436336665,6.510405900093169,-0.04483813094385362,0.019862858951512588,0.0239839933264753,-3.614849446807708,2.650288823056664,2.0,2.633945308789064,0.9453669524519839
gust,0.007953083007951438,0.002690229624306935,0.003113701592057276,20.47103504993827,21.55212018602229,0.03523879928136397,0.049512945646695346,0.47664511533728915,2.840951471592684,4.359862570342521,2.0,1.6807085417122167,0.36815890204123725
disruption,0.004139293229279238,0.000907817772868453,5.124918183890401e-06,10.654436360569775,10.912185495043756,0.03947284036827152,0.016426628101986727,0.016262126691463364,3.1822998007622103,2.3033057394252627,0.7,3.1326618202413106,1.1724535080113003
item_lock,-0.008258646490587124,0.003032476662659171,0.006461380259245794,-21.25754774655698,22.4113143316972,-0.07127324786371503,0.0590711810979967,0.22759952832758157,-5.746048177943875,5.794822383327906,1.8,0.700826848668973,0.32535730964141274
evo_tempo,-0.013880099390446028,0.0023931047437938187,6.6299738545430236e-09,-35.72702571246474,36.01879071025647,-0.19361640120805423,0.044422131661538335,1.3092271353084614e-05,-15.60935137274662,9.884629743801579,2.5,0.7145218591014917,0.4178033725213002
damage_100hp,-0.0010764813389872664,0.001722836730708433,0.5320821569713483,-2.7708358128515296,5.313154711427302,0.017688670999061462,0.031198756320954615,0.5707364775823929,1.4260603916739751,2.634919525511081,2.142857142857143,2.138679116545115,0.5826249096808439
heal_100hp,-0.007845425376043125,0.001687626478736304,3.338838326678964e-06,-20.193927021016023,20.775755088667403,-0.1242206268043484,0.03385985152404183,0.00024381539736082652,-10.01466507709906,6.634012759990598,2.142857142857143,1.6942845004088127,0.6034563667650903
cost,0.007059132228614535,0.0007559480085814099,9.806095450015097e-21,18.170028293384988,19.423207625837396,0.07983938760984223,0.014920854593446898,8.753775709944952e-08,6.43665023629774,4.689647396544497,-0.55,11.943519438946472,1.7305585317070256
