group,hand_weight,fitted_weight,fitted_se,fitted_wr,fitted_d2,data_only_wr,data_only_d2,wr_points_per_unit,wr_points_per_unit_se,d2_points_per_unit,d2_points_per_unit_se
draw,1.0,0.5857000601768283,0.16991872881626705,0.4400356355001906,0.8837424775532979,0.2002972872963595,0.45324462046492203,0.09385587969244524,0.1048722566653946,0.2361830529138749,0.18062623428277913
select,1.25,1.2353647194194735,0.6922255994673299,1.2414724718227206,1.2290833013644409,0.02887324220936534,-1.3349764757767992,0.013529506982905002,1.9467124252924868,-0.6956482336045109,3.0763283172005917
tutor,1.5,2.3919262299809216,0.3112546572598176,2.2503435688725912,2.6697523980933706,1.5,1.5,0.7028743196624744,0.2130855495104786,0.7816410021754041,0.38321302866818346
recover,1.25,0.7434163264230678,0.4251113536591873,0.6681351678060925,0.870423967197306,-0.1809952829254639,-0.5188382237595516,-0.08481129089890167,0.3054012517484218,-0.270363486124215,0.5266789345252006
accel,2.0,0.9777949983472419,0.5133385125129493,0.9289279177875077,1.0541370129387821,-0.48666379035998636,-1.9607399420458427,-0.22804232036909097,0.4169889855391711,-1.0217298222040376,0.7733167363629487
retreat,2.0,-0.2801146050272067,0.3944863761505679,-0.40924893687968866,-0.020215381453451746,-1.6181430229295382,-2.632095294026192,-0.7582341175721192,0.26329718856406925,-1.3715690689625317,0.5035605807097484
gust,2.0,2.29625770348974,0.565140887124163,2.378819210357479,2.1776899338451567,2.3277790443195436,2.001801088211181,1.0907574080671094,0.5192833148651396,1.043126539163468,1.0049714402835803
disruption,0.7,0.4298780071702724,0.3199323212362164,0.36076450086935397,0.5799137197048538,-0.4211528481873026,-0.7576462945351595,-0.19734501442904245,0.20925649931995008,-0.39480493930329563,0.39487547731861206
item_lock,1.8,0.5312013545480281,0.47565423685966024,0.28582770648292577,0.9737451325390764,-0.9333940640239852,-1.1656049333089653,-0.43737247848523375,0.3472667210780251,-0.6073897388081432,0.6915051104332193
evo_tempo,2.5,0.49964200114728125,0.5920601309408577,0.24283379334526664,0.8409661618376373,-4.132074093486898,-7.925369733357027,-1.9362191781696927,0.5979361074832849,-4.129862627327868,1.117065045143053
damage_100hp,2.142857142857143,0.755239811300517,0.49232210977743984,0.388269506955156,1.354007229393736,-1.0748695969977649,-0.5787719335347328,-0.503665491143788,0.38060626015168814,-0.3015945827727233,0.7072314704253979
heal_100hp,2.142857142857143,0.27554389590361633,0.43836600347763716,0.10474882273902074,0.5806733736036126,-1.1302444476852778,-2.0123169333129765,-0.5296131981460525,0.31639252995310796,-1.0486062829661937,0.5888497462925288
cost,-0.55,1.0043711937382205,0.31353292873605154,1.0520413317769945,0.9101902903067881,1.324282331107554,1.416068549665737,0.6205360283455051,0.19824798534508395,0.7379048268731985,0.34597875901973324
ace,,1.0657135842161014,1.643030392837582,0.9780834162157178,1.237747442810175,1.660191997655478,2.3941951291189403,0.7779375472407856,0.9563633920076529,1.247600720085333,1.5085386534168137
