attacker,type,hp,prize_liability,legal_post_rotation,base_assumption,exp_damage_vs_meta,p_OHKO_meta_defender,spread_per_attack,prizes_per_attack,first_attack_turn,attacks_per_game,prizes_per_game,damage_value_ce_per_game,prize_efficiency,field_inclusion
Mega Dragonite ex,Dragon,370,3,1,Ryuno Glide 330,330.0,0.9037308253116576,0,1.8890764379223417,3.0,3.1639999999999993,5.977037849586288,17.931113548758862,0.6296921459741139,0.0008974358974358
Kyurem,Dragon,130,1,0,Trifrost 110 to 3 Pokémon,109.99999999999999,0.061209291197468506,220,1.8877462417093094,3.5,1.2060000000000002,2.2766219675014274,6.829865902504283,1.8877462417093094,0.0565384615384615
Hydrapple ex,Grass,330,2,0,30 + 30 x Grass Energy (doubled by Meganium),364.8226651046601,0.9037308253116576,0,1.878068200067977,3.0,2.712,5.0933209585843535,15.27996287575306,0.9390341000339885,0.0291025641025641
Metagross,Metal,180,1,1,Metallic Hammer 150 + 150,305.0640539598657,0.5307276294006877,0,1.809442105685808,3.5,2.4120000000000004,4.36437435891417,13.093123076742511,1.809442105685808,0.1083333333333333
Mega Camerupt ex,Fire,340,3,1,Volcanic Meteor 280,335.6929778124401,0.5240907980315399,0,1.7586477404183887,3.0,3.1639999999999993,5.564361450683781,16.693084352051343,0.5862159134727962,0.0002564102564102
Mega Excadrill ex,Metal,340,3,1,Maximum Drilling 200 / 330 with 2 extra Energy,284.72645036254147,0.4675460812659099,0,1.7312867809227646,3.0,3.6160000000000005,6.260332999816717,18.78099899945015,0.5770955936409216,0.0502564102564102
Raging Bolt ex,Dragon,240,2,0,70 x ~4 Energy discarded,280.0,0.46401769315069347,0,1.730061841902853,2.0,3.3120000000000003,5.72996482038225,17.18989446114675,0.8650309209514265,0.0574358974358974
Mega Charizard X ex,Fire,360,3,1,90 x ~3 Fire discarded,323.7039428905673,0.44535471466806575,0,1.7183570228472809,3.0,3.6160000000000005,6.2135789946157685,18.640736983847304,0.572785674282427,0.0002564102564102
Beedrill ex,Grass,310,2,1,110 x ~2.5 Beedrill in play,298.1395061960226,0.4965380579190884,0,1.6954503916499395,3.0,3.6160000000000005,6.130748616206182,18.392245848618543,0.8477251958249697,0.0047435897435897
Team Rocket's Mewtwo ex,Psychic,280,2,1,160 + 60 per Energy discarded (~1.7),270.5077720207253,0.417319701648425,0,1.664868523246644,3.0,3.1639999999999993,5.267644007552381,15.802932022657142,0.832434261623322,0.0116666666666666
Mega Manectric ex,Lightning,330,3,1,"Riotous Blasting 200/330, Flash Ray 120",283.9319391601516,0.4019844502424479,0,1.650605661566519,3.0,3.1639999999999993,5.222516313196465,15.667548939589395,0.5502018871888397,0.0028205128205128
Mega Greninja ex,Water,350,3,1,Ninja Spinner 120+80; Mortal Shuriken 6 counters,202.09631627510822,0.324952148355237,60,1.6501940927050933,3.0,3.6160000000000005,5.967101839221618,17.901305517664852,0.5500646975683644,0.0089743589743589
Dragapult ex,Dragon,320,2,0,Phantom Dive 200 + 6 counters,200.0,0.32055864988125027,60,1.6475268285296853,2.5,4.267,7.029996977336168,21.089990932008504,0.8237634142648427,0.2943589743589743
Mega Sharpedo ex,Darkness,330,3,1,Hungry Jaws 120 + 150 when damaged,284.88854404358875,0.39446632500044904,0,1.600751673742598,2.5,4.016,6.428618721750273,19.28585616525082,0.5335838912475327,0.0152564102564102
Mega Froslass ex,Water,310,3,1,50 x ~5 cards in opponent's hand,252.62039534388524,0.3855732084339179,0,1.595084504973703,2.5,4.016,6.405859371974391,19.217578115923175,0.5316948349912344,0.0169230769230769
Mega Kangaskhan ex,Colorless,300,3,1,200 + 50 per heads (E=1),249.99999999999994,0.38117970995993117,0,1.5940740460192597,2.5,2.2590000000000003,3.6010132699575084,10.803039809872525,0.5313580153397532,0.1888461538461538
N's Zekrom,Dragon,130,1,1,Rampaging Thunder 250,249.99999999999994,0.38117970995993117,0,1.5940740460192597,3.5,0.804,1.2816355329994848,3.8449065989984543,1.5940740460192597,0.0723076923076923
Mega Venusaur ex,Grass,380,3,1,Jungle Dump 240 + heal 30,264.79792674170386,0.49161185286334985,0,1.5831765915401659,3.0,3.6160000000000005,5.724766555009241,17.174299665027725,0.5277255305133887,0.0058974358974358
Bloodmoon Ursaluna ex,Colorless,260,2,0,Blood Moon 240,239.99999999999997,0.38117970995993117,0,1.5486377585969813,4.0,1.7600000000000002,2.725602455130687,8.176807365392062,0.7743188792984906,0.0324358974358974
Mega Chandelure ex,Psychic,350,3,1,130 + 50 per retreat cost (+1 from Binding Flame),239.29533678756474,0.411805175515464,0,1.5376274291010257,3.0,3.6160000000000005,5.56006078362931,16.68018235088793,0.5125424763670086,0.006025641025641
Cynthia's Garchomp ex,Fighting,330,2,1,Draconic Buster 260 / Corkscrew Dive 100,235.30380967588457,0.4596188608496312,0,1.5267976173747544,3.0,3.6160000000000005,5.520900184427113,16.56270055328134,0.7633988086873772,0.0135897435897435
Ethan's Typhlosion,Fire,170,1,1,40 + 60 x ~3 Ethan's Adventure,263.758768281203,0.43595417817241044,0,1.5145146382554864,3.0,3.6160000000000005,5.476484931931839,16.429454795795518,1.5145146382554864,0.0061538461538461
Mega Gengar ex,Darkness,350,3,1,Void Gale 230,262.0974605201017,0.389167688332082,0,1.5115058779687833,3.0,3.6160000000000005,5.465605254735121,16.396815764205364,0.5038352926562611,0.0006410256410256
Greninja ex,Water,300,2,1,Shinobi Blade 170 / Mirage Barrage 2x120,171.78186883384197,0.29096706056522514,60,1.4937827443352263,3.0,3.6160000000000005,5.401518403516179,16.204555210548538,0.7468913721676131,0.0112820512820512
Hariyama,Fighting,150,1,1,Wild Press 210 (70 to self),224.38675360019374,0.4596188608496312,0,1.4890222625720955,3.0,1.13,1.6825951567064676,5.047785470119403,1.4890222625720955,0.0282051282051282
Lillie's Clefairy ex,Psychic,190,2,1,20 + 20 x ~7 Benched,214.2468897872249,0.5704776373908956,0,1.4880092436850354,2.5,1.255,1.8674516008247193,5.602354802474158,0.7440046218425177,0.2469230769230769
Mega Darkrai ex,Darkness,280,3,1,Dusk Raid 110 + 110,250.70191875835818,0.3883433831036317,0,1.4665905248385098,2.5,4.016,5.889827547751455,17.669482643254366,0.48886350827950326,0.0015384615384615
Mega Lucario ex,Fighting,340,3,1,Mega Brave 270 alternating with Aura Jab 130,213.46969752450298,0.4088324204466916,0,1.4464101039215382,2.5,3.765,5.445734041264592,16.337202123793773,0.4821367013071794,0.0382051282051282
Hop's Zacian ex,Metal,230,2,1,Brave Slash 240 alternating with Insta-Strike,203.37603597324394,0.3240870379964667,15,1.4355717939220192,2.5,3.514,5.044599283841975,15.133797851525923,0.7177858969610096,0.002051282051282
Dipplin,Grass,90,1,1,"Do the Wave 20 x 5 Bench, twice via Festival Lead",220.34248746927884,0.41182947036789275,0,1.4252987956498218,2.5,4.016,5.7239999633296845,17.171999889989053,1.4252987956498218,0.0629487179487179
N's Zoroark ex,Darkness,280,2,1,Night Joker copying Zekrom 250 / Reshiram 170,239.30637699661455,0.3883433831036317,0,1.4216751717082365,2.5,4.016,5.709447489580278,17.128342468740833,0.7108375858541183,0.0748717948717948
Marnie's Grimmsnarl ex,Darkness,320,2,1,Shadow Bullet 180 + 30 bench,205.1197517113839,0.3204934731707651,30,1.41385565212548,3.0,3.6160000000000005,5.1125020380857364,15.33750611425721,0.70692782606274,0.013076923076923
Mega Lopunny ex,Colorless,330,3,1,Gale Thrust 230 after a switch / Spiky Hopper 160,209.99999999999994,0.37505676806311383,0,1.410860879732019,2.5,4.016,5.666017293003788,16.998051879011363,0.470286959910673,0.0398717948717948
Ceruledge ex,Fire,270,2,0,30 + 20 x ~8 Energy in discard,227.79166351558442,0.4258779065101496,0,1.3894851580305894,2.5,4.016,5.580172394650847,16.74051718395254,0.6947425790152947,0.0038461538461538
Mega Starmie ex,Water,330,3,1,Nebula Beam 210 / Jetting Blow 120+50,181.88668464759735,0.3116003566042339,25,1.3792850344766578,2.5,4.016,5.539208698458258,16.617626095374774,0.45976167815888597,0.0147435897435897
Hydreigon ex,Darkness,330,2,1,Dark Bite 200,227.9108352348711,0.33384526492176814,0,1.371569521608262,3.0,3.6160000000000005,4.959595390135476,14.878786170406428,0.685784760804131,0.0008974358974358
Mega Absol ex,Darkness,280,3,1,Claw of Darkness 200 (+ hand discard),227.9108352348711,0.33384526492176814,0,1.371569521608262,2.5,3.0120000000000005,4.131167399084085,12.393502197252257,0.4571898405360873,0.0061538461538461
Steven's Metagross ex,Metal,340,2,1,Metal Stomp 200,203.37603597324394,0.3240870379964667,0,1.363620352681804,3.0,3.6160000000000005,4.930851195297405,14.792553585892215,0.681810176340902,0.0024358974358974
Toucannon,Colorless,150,1,1,60 + 20 x ~7 Benched,200.0,0.32055864988125027,0,1.3597210635688246,3.0,3.6160000000000005,4.9167513658648705,14.750254097594611,1.3597210635688246,0.0165384615384615
Wellspring Mask Ogerpon ex,Water,210,2,0,Torrential Pump 100 + 120 bench,101.04815813755411,0.047191660360941814,120,1.3419490840278678,3.0,0.9040000000000001,1.2131219719611928,3.6393659158835785,0.6709745420139339,0.0764102564102564
Iron Leaves ex,Grass,220,2,0,Prism Edge 180,198.1147678330663,0.3984776786168897,0,1.3355112418544202,3.0,1.13,1.5091277032954946,4.527383109886484,0.6677556209272101,0.0625641025641025
Teal Mask Ogerpon ex,Grass,210,2,0,30 + 30 x ~5 Energy on both Actives,198.1147678330663,0.3984776786168897,0,1.3355112418544202,2.0,1.9319999999999997,2.5802077192627393,7.740623157788217,0.6677556209272101,0.1117948717948718
Team Rocket's Honchkrow,Darkness,130,1,1,60 x ~3 TR Supporters discarded,205.1197517113839,0.3204934731707651,0,1.2699527696450494,2.5,4.016,5.100130322894518,15.300390968683555,1.2699527696450494,0.0192307692307692
Dhelmise,Psychic,140,1,1,30 + 140 once 4 Hide 'n' Sneak are discarded,176.87046632124353,0.3227567316726512,0,1.2562449632951476,3.0,3.8419999999999996,4.8264931489799565,14.47947944693987,1.2562449632951476,0.0324358974358974
N's Reshiram,Dragon,130,1,1,Virtuous Flame 170,169.99999999999997,0.2868326294487514,0,1.2023588099592977,3.5,0.804,0.9666964832072754,2.9000894496218264,1.2023588099592977,0.06
Mew ex,Psychic,160,2,1,Memory Helix copying a Benched attacker,166.4663212435233,0.280744546547197,0,1.1990398975260141,2.5,2.008,2.4076721142322364,7.22301634269671,0.5995199487630071,0.0467948717948717
Alakazam,Psychic,140,1,1,2 counters x ~8 cards in hand,160.0,0.280744546547197,0,1.1483235179158024,2.5,4.016,4.611667247949863,13.835001743849588,1.1483235179158024,0.0769230769230769
Dudunsparce ex,Colorless,270,2,1,Tenacious Tail 60 x ex / Destructive Drill 150,149.99999999999994,0.2777302478745162,0,1.0939114385382225,3.0,1.8080000000000003,1.9777918808771064,5.93337564263132,0.5469557192691112,0.063076923076923
Slowking,Psychic,130,1,0,Seek Inspiration (copied attack) / Super Psy Bolt 120,145.6580310880829,0.2464883689974187,0,1.0817933993944369,2.5,4.016,4.344482291968059,13.033446875904175,1.0817933993944369,0.0565384615384615
Hop's Trevenant,Psychic,140,1,1,Horrifying Revenge 30 + 100,135.25388601036266,0.13751180473030153,0,1.0143447140612842,2.5,4.016,4.073608371670118,12.220825115010353,1.0143447140612842,0.0053846153846153
Crustle,Grass,150,1,1,Superb Scissors 120 (ignores effects); walls ex,131.4316089244288,0.06152904915971346,0,0.984547220466827,2.0,4.692,4.619495558430352,13.858486675291058,0.984547220466827,0.0375641025641025
Team Rocket's Spidops,Grass,130,1,1,30 x ~4 TR Pokémon,131.4316089244288,0.06152904915971346,0,0.984547220466827,2.5,1.5060000000000002,1.4827281140230417,4.448184342069125,0.984547220466827,0.0115384615384615
Gengar ex,Darkness,280,2,1,Chaotic Pain 13 counters anywhere,129.99999999999997,0.13328046653969355,0,0.9726697022210776,3.0,3.6160000000000005,3.517173643231417,10.551520929694252,0.4863348511105388,0.0003846153846153
Arboliva ex,Grass,310,2,1,Oil Salvo 6 x 20 anywhere,119.99999999999999,0.06139951548095703,0,0.9025719955487604,3.0,2.26,2.0398127099401986,6.119438129820596,0.4512859977743802,0.0047435897435897
Yveltal,Darkness,120,1,1,Dark Feather 110,125.35095937917909,0.17294108677975353,0,0.8690148066992925,3.0,1.356,1.1783840778842407,3.535152233652722,0.8690148066992925,0.0741025641025641
Toxtricity,Darkness,130,1,1,Gentle Slap 100,113.95541761743554,0.16737113859322506,0,0.8055030458417118,3.0,0.9040000000000001,0.7281747534409077,2.184524260322723,0.8055030458417118,0.0193589743589743
Moltres,Fire,120,1,1,20 + 90 vs ex for one Energy,96.07947258916568,0.04442184651960276,0,0.7414358932102817,2.0,1.38,1.0231815326301887,3.069544597890566,0.7414358932102817,0.1432051282051282
Munkidori,Psychic,110,1,0,Mind Bend 60,62.42487046632123,0.0,0,0.4799256488233113,2.5,0.502,0.24092267570930226,0.7227680271279068,0.4799256488233113,0.3952564102564102
Fezandipiti ex,Darkness,210,2,0,Cruel Arrow 100 anywhere,0.0,0.0,100,0.47967627493476817,3.5,0.6030000000000001,0.28924479378566526,0.8677343813569958,0.23983813746738408,0.6917948717948718
