card,archetype,lists,copies,uses_per_game,marginal_uses,uses_per_copy_avg
Teal Mask Ogerpon ex,raging-bolt-ogerpon,40,1,4.885323116958433,4.885323116958433,4.885323116958433
Teal Mask Ogerpon ex,raging-bolt-ogerpon,40,2,7.390086445252328,2.504763328293895,3.695043222626164
Teal Mask Ogerpon ex,raging-bolt-ogerpon,40,3,7.4898,0.09971355474767218,2.4966
Teal Mask Ogerpon ex,raging-bolt-ogerpon,40,4,7.49,0.00020000000000042206,1.8725
Teal Mask Ogerpon ex,basic-box-m,40,1,4.79981071127794,4.79981071127794,4.79981071127794
Teal Mask Ogerpon ex,basic-box-m,40,2,6.826240344360312,2.0264296330823726,3.413120172180156
Teal Mask Ogerpon ex,basic-box-m,40,3,6.838333333333334,0.01209298897302169,2.2794444444444446
Teal Mask Ogerpon ex,basic-box-m,40,4,6.838333333333334,0.0,1.7095833333333335
Drakloak,dragapult-ex,40,1,2.52500524840638,2.52500524840638,2.52500524840638
Drakloak,dragapult-ex,40,2,4.798857725055361,2.2738524766489805,2.3994288625276803
Drakloak,dragapult-ex,40,3,6.0597128488,1.2608551237446397,2.0199042829333336
Drakloak,dragapult-ex,40,4,6.2744428688,0.2147300199999993,1.5686107172
Drakloak,dragapult-dusknoir,40,1,2.5511574312937,2.5511574312937,2.5511574312937
Drakloak,dragapult-dusknoir,40,2,4.8419936636832,2.2908362323895,2.4209968318416
Drakloak,dragapult-dusknoir,40,3,6.0837503188,1.2417566551167996,2.027916772933333
Drakloak,dragapult-dusknoir,40,4,6.2681728688,0.18442254999999985,1.5670432172
Dudunsparce,dragapult-ex,40,1,0.808155,0.808155,0.808155
Dudunsparce,dragapult-ex,40,2,1.6047450000000005,0.7965900000000006,0.8023725000000003
Dudunsparce,dragapult-ex,40,3,2.39112,0.7863749999999994,0.79704
Dudunsparce,dragapult-ex,40,4,2.7,0.30888000000000027,0.675
Dudunsparce,alakazam-dudunsparce,40,1,0.8043299999999999,0.8043299999999999,0.8043299999999999
Dudunsparce,alakazam-dudunsparce,40,2,1.6126200000000002,0.8082900000000003,0.8063100000000001
Dudunsparce,alakazam-dudunsparce,40,3,2.40993,0.79731,0.8033100000000001
Dudunsparce,alakazam-dudunsparce,40,4,2.6857800000000003,0.27585000000000015,0.6714450000000001
Fezandipiti ex,dragapult-ex,40,1,1.6775754691585625,1.6775754691585625,1.6775754691585625
Fezandipiti ex,dragapult-ex,40,2,2.13831811625,0.4607426470914373,1.069159058125
Fezandipiti ex,dragapult-ex,40,3,2.13831811625,0.0,0.7127727054166666
Fezandipiti ex,dragapult-ex,40,4,2.13831811625,0.0,0.5345795290625
Fezandipiti ex,dragapult-dusknoir,40,1,1.710952266801531,1.710952266801531,1.710952266801531
Fezandipiti ex,dragapult-dusknoir,40,2,2.13831811625,0.4273658494484689,1.069159058125
Fezandipiti ex,dragapult-dusknoir,40,3,2.13831811625,0.0,0.7127727054166666
Fezandipiti ex,dragapult-dusknoir,40,4,2.13831811625,0.0,0.5345795290625
Meowth ex,dragapult-ex,40,1,0.74453625,0.74453625,0.74453625
Meowth ex,dragapult-ex,40,2,1.4650599999999998,0.7205237499999998,0.7325299999999999
Meowth ex,dragapult-ex,40,3,1.7,0.23494000000000015,0.5666666666666667
Meowth ex,dragapult-ex,40,4,1.7,0.0,0.425
Meowth ex,dragapult-dusknoir,40,1,0.74219875,0.74219875,0.74219875
Meowth ex,dragapult-dusknoir,40,2,1.48157125,0.7393725,0.740785625
Meowth ex,dragapult-dusknoir,40,3,1.7,0.21842874999999995,0.5666666666666667
Meowth ex,dragapult-dusknoir,40,4,1.7,0.0,0.425
Kadabra,alakazam-dudunsparce,40,1,0.8059725,0.8059725,0.8059725
Kadabra,alakazam-dudunsparce,40,2,1.6164900000000002,0.8105175000000002,0.8082450000000001
Kadabra,alakazam-dudunsparce,40,3,2.410425,0.7939349999999998,0.803475
Kadabra,alakazam-dudunsparce,40,4,3.1691475000000002,0.7587225000000002,0.7922868750000001
Kadabra,alakazam-dusknoir,40,1,0.8020349999999998,0.8020349999999998,0.8020349999999998
Kadabra,alakazam-dusknoir,40,2,1.6101225,0.8080875000000001,0.80506125
Kadabra,alakazam-dusknoir,40,3,2.3995575000000002,0.7894350000000003,0.7998525000000001
Kadabra,alakazam-dusknoir,40,4,3.10482,0.7052624999999999,0.776205
Alakazam,alakazam-dudunsparce,40,1,0.8056350000000002,0.8056350000000002,0.8056350000000002
Alakazam,alakazam-dudunsparce,40,2,1.6074674999999998,0.8018324999999996,0.8037337499999999
Alakazam,alakazam-dudunsparce,40,3,2.4081975,0.8007300000000002,0.8027325
Alakazam,alakazam-dudunsparce,40,4,2.6876249999999997,0.2794274999999997,0.6719062499999999
Alakazam,alakazam-dusknoir,40,1,0.803295,0.803295,0.803295
Alakazam,alakazam-dusknoir,40,2,1.6100774999999998,0.8067824999999998,0.8050387499999999
Alakazam,alakazam-dusknoir,40,3,2.4077925000000002,0.7977150000000004,0.8025975000000001
Alakazam,alakazam-dusknoir,40,4,2.668095,0.2603024999999999,0.66702375
N's Zoroark ex,n-zoroark,40,1,3.1760947357676335,3.1760947357676335,3.1760947357676335
N's Zoroark ex,n-zoroark,40,2,6.225969920738633,3.0498751849709995,3.1129849603693165
N's Zoroark ex,n-zoroark,40,3,8.05140303049728,1.825433109758647,2.68380101016576
N's Zoroark ex,n-zoroark,40,4,8.34207576398208,0.2906727334848007,2.08551894099552
Mega Kangaskhan ex,raging-bolt-ogerpon,40,1,3.136136032131267,3.136136032131267,3.136136032131267
Mega Kangaskhan ex,raging-bolt-ogerpon,40,2,4.031718671931721,0.8955826398004536,2.0158593359658603
Mega Kangaskhan ex,raging-bolt-ogerpon,40,3,4.0547136719317205,0.022994999999999877,1.3515712239772402
Mega Kangaskhan ex,raging-bolt-ogerpon,40,4,4.05621867193172,0.0015049999999998676,1.01405466798293
Mega Kangaskhan ex,basic-box-m,40,1,3.0966890035428905,3.0966890035428905,3.0966890035428905
Mega Kangaskhan ex,basic-box-m,40,2,4.00998367193172,0.9132946683888297,2.00499183596586
Mega Kangaskhan ex,basic-box-m,40,3,4.05196617193172,0.04198249999999959,1.3506553906439065
Mega Kangaskhan ex,basic-box-m,40,4,4.05621867193172,0.0042525000000006585,1.01405466798293
Lunatone,lucario-hariyama,40,1,3.5566691237160426,3.5566691237160426,3.5566691237160426
Lunatone,lucario-hariyama,40,2,4.2596777874432,0.7030086637271578,2.1298388937216
Lunatone,lucario-hariyama,40,3,4.2596777874432,0.0,1.4198925958144002
Lunatone,lucario-hariyama,40,4,4.2596777874432,0.0,1.0649194468608
Lunatone,mega-lucario-ex,40,1,3.4788678810320257,3.4788678810320257,3.4788678810320257
Lunatone,mega-lucario-ex,40,2,4.256321537443201,0.7774536564111751,2.1281607687216004
Lunatone,mega-lucario-ex,40,3,4.2596777874432,0.0033562499999995055,1.4198925958144002
Lunatone,mega-lucario-ex,40,4,4.2596777874432,0.0,1.0649194468608
Blaziken ex,dragapult-blaziken,40,1,3.001171001626377,3.001171001626377,3.001171001626377
Blaziken ex,dragapult-blaziken,40,2,3.9630998257689605,0.9619288241425834,1.9815499128844802
Blaziken ex,dragapult-blaziken,40,3,3.9776348257689604,0.014534999999999965,1.32587827525632
Blaziken ex,dragapult-blaziken,40,4,3.9776348257689604,0.0,0.9944087064422401
Metang,mega-excadrill-ex,40,1,3.9824274681389413,3.9824274681389413,3.9824274681389413
Metang,mega-excadrill-ex,40,2,6.961364041146199,2.9789365730072577,3.4806820205730995
Metang,mega-excadrill-ex,40,3,6.975763198886559,0.01439915774036038,2.3252543996288533
Metang,mega-excadrill-ex,40,4,6.981893973971692,0.006130775085132711,1.745473493492923
Metang,metagross-cri,40,1,3.995078350172605,3.995078350172605,3.995078350172605
Metang,metagross-cri,40,2,6.9648997790530185,2.9698214288804134,3.4824498895265092
Metang,metagross-cri,40,3,6.979542617037408,0.0146428379843897,2.326514205679136
Metang,metagross-cri,40,4,6.979463588136769,-7.902890063959944e-05,1.7448658970341921
Hydrapple ex,ogerpon-meganium-hydrapple,40,1,3.132695896423803,3.132695896423803,3.132695896423803
Hydrapple ex,ogerpon-meganium-hydrapple,40,2,3.6795703832576003,0.5468744868337971,1.8397851916288002
Hydrapple ex,ogerpon-meganium-hydrapple,40,3,3.6795703832576003,0.0,1.2265234610858669
Hydrapple ex,ogerpon-meganium-hydrapple,40,4,3.6795703832576003,0.0,0.9198925958144001
Meganium,ogerpon-meganium-hydrapple,40,1,2.7063769903290003,2.7063769903290003,2.7063769903290003
Meganium,ogerpon-meganium-hydrapple,40,2,3.1133775600000004,0.4070005696710002,1.5566887800000002
Meganium,ogerpon-meganium-hydrapple,40,3,3.1133775600000004,0.0,1.0377925200000002
Meganium,ogerpon-meganium-hydrapple,40,4,3.1133775600000004,0.0,0.7783443900000001
Meganium,ogerpon-meganium-arboliva,40,1,2.717611084935,2.717611084935,2.717611084935
Meganium,ogerpon-meganium-arboliva,40,2,3.1133775600000004,0.3957664750650003,1.5566887800000002
Meganium,ogerpon-meganium-arboliva,40,3,3.1133775600000004,0.0,1.0377925200000002
Meganium,ogerpon-meganium-arboliva,40,4,3.1133775600000004,0.0,0.7783443900000001
Thwackey,festival-lead,40,1,2.715958660662116,2.715958660662116,2.715958660662116
Thwackey,festival-lead,40,2,5.122503545796067,2.406544885133951,2.5612517728980335
Thwackey,festival-lead,40,3,6.493873448949761,1.3713699031536937,2.1646244829832537
Thwackey,festival-lead,40,4,6.75476784894976,0.26089439999999886,1.68869196223744
Thwackey,seaking-pre,40,1,2.7801600073132446,2.7801600073132446,2.7801600073132446
Thwackey,seaking-pre,40,2,5.284614082986836,2.504454075673592,2.642307041493418
Thwackey,seaking-pre,40,3,6.5845758489497594,1.299961765962923,2.1948586163165866
Thwackey,seaking-pre,40,4,6.7878678489497615,0.20329200000000203,1.6969669622374404
Genesect ex,mega-excadrill-ex,40,1,1.8443119878500251,1.8443119878500251,1.8443119878500251
Genesect ex,mega-excadrill-ex,40,2,2.51403495874182,0.6697229708917947,1.25701747937091
Genesect ex,mega-excadrill-ex,40,3,2.5909303962418204,0.07689543750000061,0.8636434654139401
Genesect ex,mega-excadrill-ex,40,4,2.60700664624182,0.016076249999999792,0.651751661560455
Genesect ex,stevens-metagross,40,1,1.8792508518394917,1.8792508518394917,1.8792508518394917
Genesect ex,stevens-metagross,40,2,2.5318914087418203,0.6526405569023286,1.2659457043709101
Genesect ex,stevens-metagross,40,3,2.6008641462418205,0.06897273750000021,0.8669547154139402
Genesect ex,stevens-metagross,40,4,2.60644414624182,0.005579999999999696,0.651611036560455
Latias ex,raging-bolt-ogerpon,40,1,2.762357428523062,2.762357428523062,2.762357428523062
Latias ex,raging-bolt-ogerpon,40,2,3.582663116249999,0.820305687726937,1.7913315581249996
Latias ex,raging-bolt-ogerpon,40,3,3.615753116249999,0.033090000000000064,1.2052510387499997
Latias ex,raging-bolt-ogerpon,40,4,3.6209431162499994,0.00519000000000025,0.9052357790624999
Latias ex,basic-box-m,40,1,2.775121859894999,2.775121859894999,2.775121859894999
Latias ex,basic-box-m,40,2,3.5803981162499996,0.8052762563550004,1.7901990581249998
Latias ex,basic-box-m,40,3,3.6181831162499996,0.03778499999999996,1.20606103875
Latias ex,basic-box-m,40,4,3.6209431162499994,0.0027599999999998737,0.9052357790624999
Budew,dragapult-ex,40,1,1.51152125,1.51152125,1.51152125
Budew,dragapult-ex,40,2,1.8,0.2884787500000001,0.9
Budew,dragapult-ex,40,3,1.8,0.0,0.6
Budew,dragapult-ex,40,4,1.8,0.0,0.45
Budew,dragapult-dusknoir,40,1,1.5150299999999999,1.5150299999999999,1.5150299999999999
Budew,dragapult-dusknoir,40,2,1.8,0.28497000000000017,0.9
Budew,dragapult-dusknoir,40,3,1.8,0.0,0.6
Budew,dragapult-dusknoir,40,4,1.8,0.0,0.45
Munkidori,dragapult-ex,40,1,3.4582433474240006,3.4582433474240006,3.4582433474240006
Munkidori,dragapult-ex,40,2,6.49371794976,3.035474602335999,3.24685897488
Munkidori,dragapult-ex,40,3,8.05094144,1.557223490240001,2.683647146666667
Munkidori,dragapult-ex,40,4,8.416333440000002,0.3653920000000017,2.1040833600000006
Munkidori,dragapult-dusknoir,40,1,3.479776281128,3.479776281128,3.479776281128
Munkidori,dragapult-dusknoir,40,2,6.588238419344,3.108462138216,3.294119209672
Munkidori,dragapult-dusknoir,40,3,8.135083440000002,1.5468450206560025,2.7116944800000007
Munkidori,dragapult-dusknoir,40,4,8.44787344,0.3127899999999979,2.11196836
Dusclops,dragapult-dusknoir,40,1,0.66826875,0.66826875,0.66826875
Dusclops,dragapult-dusknoir,40,2,1.3408124999999997,0.6725437499999998,0.6704062499999999
Dusclops,dragapult-dusknoir,40,3,1.5,0.15918750000000026,0.5
Dusclops,dragapult-dusknoir,40,4,1.5,0.0,0.375
Dusclops,starmie-dusknoir,40,1,0.6730125,0.6730125,0.6730125
Dusclops,starmie-dusknoir,40,2,1.34265,0.6696374999999999,0.671325
Dusclops,starmie-dusknoir,40,3,1.5,0.1573500000000001,0.5
Dusclops,starmie-dusknoir,40,4,1.5,0.0,0.375
Dusknoir,dragapult-dusknoir,40,1,0.669975,0.669975,0.669975
Dusknoir,dragapult-dusknoir,40,2,1.33815,0.668175,0.669075
Dusknoir,dragapult-dusknoir,40,3,1.5,0.16185000000000005,0.5
Dusknoir,dragapult-dusknoir,40,4,1.5,0.0,0.375
Dusknoir,starmie-dusknoir,40,1,0.6729749999999999,0.6729749999999999,0.6729749999999999
Dusknoir,starmie-dusknoir,40,2,1.34401875,0.6710437500000002,0.672009375
Dusknoir,starmie-dusknoir,40,3,1.5,0.15598124999999996,0.5
Dusknoir,starmie-dusknoir,40,4,1.5,0.0,0.375
Iron Leaves ex,basic-box-m,40,1,0.53595,0.53595,0.53595
Iron Leaves ex,basic-box-m,40,2,0.6,0.06404999999999994,0.3
Iron Leaves ex,basic-box-m,40,3,0.6,0.0,0.19999999999999998
Iron Leaves ex,basic-box-m,40,4,0.6,0.0,0.15
Iron Leaves ex,raging-bolt-ogerpon,40,1,0.535215,0.535215,0.535215
Iron Leaves ex,raging-bolt-ogerpon,40,2,0.6,0.06478499999999998,0.3
Iron Leaves ex,raging-bolt-ogerpon,40,3,0.6,0.0,0.19999999999999998
Iron Leaves ex,raging-bolt-ogerpon,40,4,0.6,0.0,0.15
Pecharunt ex,n-zoroark,40,1,2.503167949309579,2.503167949309579,2.503167949309579
Pecharunt ex,n-zoroark,40,2,3.4292388616557603,0.9260709123461814,1.7146194308278802
Pecharunt ex,n-zoroark,40,3,3.4767588616557594,0.04751999999999912,1.1589196205519199
Pecharunt ex,n-zoroark,40,4,3.4767588616557594,0.0,0.8691897154139399
Pecharunt ex,dragapult-ex,40,1,2.3635927755566204,2.3635927755566204,2.3635927755566204
Pecharunt ex,dragapult-ex,40,2,3.3186738616557596,0.9550810860991392,1.6593369308278798
Pecharunt ex,dragapult-ex,40,3,3.4551438616557606,0.13647000000000098,1.1517146205519202
Pecharunt ex,dragapult-ex,40,4,3.4767588616557594,0.02161499999999883,0.8691897154139399
Tatsugiri,n-zoroark,40,1,1.6013646678995002,1.6013646678995002,1.6013646678995002
Tatsugiri,n-zoroark,40,2,1.9107579400000003,0.30939327210050016,0.9553789700000002
Tatsugiri,n-zoroark,40,3,1.9107579400000003,0.0,0.6369193133333334
Tatsugiri,n-zoroark,40,4,1.9107579400000003,0.0,0.4776894850000001
Tatsugiri,sharpedo-toxtricity,40,1,1.637260360589,1.637260360589,1.637260360589
Tatsugiri,sharpedo-toxtricity,40,2,1.9107579400000003,0.2734975794110004,0.9553789700000002
Tatsugiri,sharpedo-toxtricity,40,3,1.9107579400000003,0.0,0.6369193133333334
Tatsugiri,sharpedo-toxtricity,40,4,1.9107579400000003,0.0,0.4776894850000001
Fan Rotom,lopunny-dudunsparce,40,1,0.69327,0.69327,0.69327
Fan Rotom,lopunny-dudunsparce,40,2,0.9,0.20672999999999997,0.45
Fan Rotom,lopunny-dudunsparce,40,3,0.9,0.0,0.3
Fan Rotom,lopunny-dudunsparce,40,4,0.9,0.0,0.225
Fan Rotom,alakazam-dudunsparce,40,1,0.6531750000000001,0.6531750000000001,0.6531750000000001
Fan Rotom,alakazam-dudunsparce,40,2,0.9,0.24682499999999996,0.45
Fan Rotom,alakazam-dudunsparce,40,3,0.9,0.0,0.3
Fan Rotom,alakazam-dudunsparce,40,4,0.9,0.0,0.225
Hariyama,lucario-hariyama,40,1,0.7097200000000001,0.7097200000000001,0.7097200000000001
Hariyama,lucario-hariyama,40,2,1.41892,0.7091999999999998,0.70946
Hariyama,lucario-hariyama,40,3,1.6,0.18108000000000013,0.5333333333333333
Hariyama,lucario-hariyama,40,4,1.6,0.0,0.4
Hariyama,mega-lucario-ex,40,1,0.7088600000000002,0.7088600000000002,0.7088600000000002
Hariyama,mega-lucario-ex,40,2,1.41736,0.7084999999999998,0.70868
Hariyama,mega-lucario-ex,40,3,1.596,0.17864000000000013,0.532
Hariyama,mega-lucario-ex,40,4,1.59558,-0.00042000000000008697,0.398895
Noctowl,ogerpon-meganium-arboliva,40,1,0.7184600000000001,0.7184600000000001,0.7184600000000001
Noctowl,ogerpon-meganium-arboliva,40,2,1.4275200000000001,0.70906,0.7137600000000001
Noctowl,ogerpon-meganium-arboliva,40,3,1.6,0.17247999999999997,0.5333333333333333
Noctowl,ogerpon-meganium-arboliva,40,4,1.6,0.0,0.4
Noctowl,flareon-noctowl,40,1,0.7180799999999999,0.7180799999999999,0.7180799999999999
Noctowl,flareon-noctowl,40,2,1.4375400000000003,0.7194600000000003,0.7187700000000001
Noctowl,flareon-noctowl,40,3,1.59194,0.15439999999999965,0.5306466666666666
Noctowl,flareon-noctowl,40,4,1.5918800000000002,-5.999999999972694e-05,0.39797000000000005
Shaymin,alakazam-dudunsparce,40,1,1.0891613720776807,1.0891613720776807,1.0891613720776807
Shaymin,alakazam-dudunsparce,40,2,1.4092863458144,0.32012497373671933,0.7046431729072
Shaymin,alakazam-dudunsparce,40,3,1.4198925958144,0.010606249999999928,0.47329753193813334
Shaymin,alakazam-dudunsparce,40,4,1.4198925958144,0.0,0.3549731489536
Shaymin,dragapult-ex,40,1,1.1204912884711706,1.1204912884711706,1.1204912884711706
Shaymin,dragapult-ex,40,2,1.4157238458144001,0.2952325573432295,0.7078619229072001
Shaymin,dragapult-ex,40,3,1.4198925958144,0.004168749999999832,0.47329753193813334
Shaymin,dragapult-ex,40,4,1.4198925958144,0.0,0.3549731489536
Lillie's Clefairy ex,dragapult-blaziken,40,1,1.2161967201761281,1.2161967201761281,1.2161967201761281
Lillie's Clefairy ex,dragapult-blaziken,40,2,1.65340361497728,0.4372068948011518,0.82670180748864
Lillie's Clefairy ex,dragapult-blaziken,40,3,1.7011186149772797,0.04771499999999973,0.5670395383257599
Lillie's Clefairy ex,dragapult-blaziken,40,4,1.70386361497728,0.0027450000000002195,0.42596590374432
Lillie's Clefairy ex,basic-box-m,40,1,1.304533711974362,1.304533711974362,1.304533711974362
Lillie's Clefairy ex,basic-box-m,40,2,1.68342611497728,0.37889240300291793,0.84171305748864
Lillie's Clefairy ex,basic-box-m,40,3,1.70210861497728,0.018682499999999935,0.56736953832576
Lillie's Clefairy ex,basic-box-m,40,4,1.7038711149772798,0.0017624999999998892,0.42596777874431996
Psyduck,alakazam-dudunsparce,40,1,0.553933494498,0.553933494498,0.553933494498
Psyduck,alakazam-dudunsparce,40,2,0.655117008,0.10118351350199994,0.327558504
Psyduck,alakazam-dudunsparce,40,3,0.655117008,0.0,0.21837233599999997
Psyduck,alakazam-dudunsparce,40,4,0.655117008,0.0,0.163779252
Psyduck,lopunny-dudunsparce,40,1,0.5630347041444,0.5630347041444,0.5630347041444
Psyduck,lopunny-dudunsparce,40,2,0.655117008,0.0920823038555999,0.327558504
Psyduck,lopunny-dudunsparce,40,3,0.655117008,0.0,0.21837233599999997
Psyduck,lopunny-dudunsparce,40,4,0.655117008,0.0,0.163779252
Chien-Pao,raging-bolt-ogerpon,40,1,0.53115,0.53115,0.53115
Chien-Pao,raging-bolt-ogerpon,40,2,0.6,0.06884999999999997,0.3
Chien-Pao,raging-bolt-ogerpon,40,3,0.6,0.0,0.19999999999999998
Chien-Pao,raging-bolt-ogerpon,40,4,0.6,0.0,0.15
Chien-Pao,basic-box-m,40,1,0.532305,0.532305,0.532305
Chien-Pao,basic-box-m,40,2,0.6,0.06769499999999995,0.3
Chien-Pao,basic-box-m,40,3,0.6,0.0,0.19999999999999998
Chien-Pao,basic-box-m,40,4,0.6,0.0,0.15
Genesect,alakazam-dudunsparce,40,1,0.6182427989760001,0.6182427989760001,0.6182427989760001
Genesect,alakazam-dudunsparce,40,2,0.81110001,0.19285721102399989,0.405550005
Genesect,alakazam-dudunsparce,40,3,0.81888126,0.007781250000000073,0.27296042000000004
Genesect,alakazam-dudunsparce,40,4,0.81889626,1.4999999999987246e-05,0.204724065
Genesect,mega-lucario-ex,40,1,0.6033967479405,0.6033967479405,0.6033967479405
Genesect,mega-lucario-ex,40,2,0.80281626,0.19941951205949993,0.40140813
Genesect,mega-lucario-ex,40,3,0.81889626,0.016080000000000094,0.27296542
Genesect,mega-lucario-ex,40,4,0.81889626,0.0,0.204724065
Dunsparce,dragapult-ex,40,1,1.8725493889480003,1.8725493889480003,1.8725493889480003
Dunsparce,dragapult-ex,40,2,2.0,0.12745061105199973,1.0
Dunsparce,dragapult-ex,40,3,2.0,0.0,0.6666666666666666
Dunsparce,dragapult-ex,40,4,2.0,0.0,0.5
Dunsparce,alakazam-dudunsparce,40,1,1.8878571430320001,1.8878571430320001,1.8878571430320001
Dunsparce,alakazam-dudunsparce,40,2,2.0,0.11214285696799986,1.0
Dunsparce,alakazam-dudunsparce,40,3,2.0,0.0,0.6666666666666666
Dunsparce,alakazam-dudunsparce,40,4,2.0,0.0,0.5
Froslass,starmie-froslass,40,1,3.556790829561856,3.556790829561856,3.556790829561856
Froslass,starmie-froslass,40,2,5.591293670664581,2.034502841102725,2.7956468353322905
Froslass,starmie-froslass,40,3,5.6715232694272,0.08022959876261915,1.8905077564757333
Froslass,starmie-froslass,40,4,5.6715232694272,0.0,1.4178808173568
Froslass,grimmsnarl-froslass,40,1,3.2568916771691727,3.2568916771691727,3.2568916771691727
Froslass,grimmsnarl-froslass,40,2,5.5706262129082775,2.313734535739105,2.7853131064541388
Froslass,grimmsnarl-froslass,40,3,5.6715232694272,0.10089705651892267,1.8905077564757333
Froslass,grimmsnarl-froslass,40,4,5.6715232694272,0.0,1.4178808173568
Toxtricity,sharpedo-toxtricity,40,1,2.5523800095009994,2.5523800095009994,2.5523800095009994
Toxtricity,sharpedo-toxtricity,40,2,4.847734590699,2.2953545811980005,2.4238672953495
Toxtricity,sharpedo-toxtricity,40,3,6.021585010000001,1.1738504193010009,2.0071950033333334
Toxtricity,sharpedo-toxtricity,40,4,6.17067276,0.14908774999999963,1.54266819
Toxtricity,toxtricity-box,40,1,2.465592087616,2.465592087616,2.465592087616
Toxtricity,toxtricity-box,40,2,4.640643889707,2.1750518020910006,2.3203219448535
Toxtricity,toxtricity-box,40,3,5.906021310000001,1.2653774202930004,1.9686737700000003
Toxtricity,toxtricity-box,40,4,6.036456510000001,0.13043519999999997,1.5091141275000002
Iron Crown ex,basic-box-m,40,1,2.715547674941937,2.715547674941937,2.715547674941937
Iron Crown ex,basic-box-m,40,2,3.45964386165576,0.7440961867138229,1.72982193082788
Iron Crown ex,basic-box-m,40,3,3.47579886165576,0.01615499999999992,1.15859962055192
Iron Crown ex,basic-box-m,40,4,3.4767588616557594,0.0009599999999996278,0.8691897154139399
Iron Crown ex,raging-bolt-ogerpon,40,1,2.702107149276732,2.702107149276732,2.702107149276732
Iron Crown ex,raging-bolt-ogerpon,40,2,3.46955886165576,0.7674517123790281,1.73477943082788
Iron Crown ex,raging-bolt-ogerpon,40,3,3.47602386165576,0.006464999999999943,1.15867462055192
Iron Crown ex,raging-bolt-ogerpon,40,4,3.4767588616557594,0.000734999999999264,0.8691897154139399
Patrat,dragapult-dusknoir,40,1,1.7170854816724996,1.7170854816724996,1.7170854816724996
Patrat,dragapult-dusknoir,40,2,1.9846971475,0.2676116658275003,0.99234857375
Patrat,dragapult-dusknoir,40,3,1.9846971475,0.0,0.6615657158333333
Patrat,dragapult-dusknoir,40,4,1.9846971475,0.0,0.496174286875
Patrat,dhelmise-pbl,40,1,1.55447381188375,1.55447381188375,1.55447381188375
Patrat,dhelmise-pbl,40,2,1.9785871475,0.4241133356162501,0.98929357375
Patrat,dhelmise-pbl,40,3,1.9846971475,0.006109999999999838,0.6615657158333333
Patrat,dhelmise-pbl,40,4,1.9846971475,0.0,0.496174286875
Rabsca,festival-lead,40,1,0.9428684935102499,0.9428684935102499,0.9428684935102499
Rabsca,festival-lead,40,2,1.1885228606249998,0.24565436711474986,0.5942614303124999
Rabsca,festival-lead,40,3,1.1885228606249998,0.0,0.39617428687499995
Rabsca,festival-lead,40,4,1.1885228606249998,0.0,0.29713071515624995
Rabsca,alakazam-dudunsparce,40,1,0.9950129314238436,0.9950129314238436,0.9950129314238436
Rabsca,alakazam-dudunsparce,40,2,1.1885228606249998,0.19350992920115617,0.5942614303124999
Rabsca,alakazam-dudunsparce,40,3,1.1885228606249998,0.0,0.39617428687499995
Rabsca,alakazam-dudunsparce,40,4,1.1885228606249998,0.0,0.29713071515624995
Annihilape,slowking-scr,40,1,0.746002146585,0.746002146585,0.746002146585
Annihilape,slowking-scr,40,2,0.8835771000000001,0.13757495341500015,0.44178855000000006
Annihilape,slowking-scr,40,3,0.8835771000000001,0.0,0.29452570000000006
Annihilape,slowking-scr,40,4,0.8835771000000001,0.0,0.22089427500000003
Cynthia's Gabite,cynthia-garchomp-ex,40,1,1.9638860992436307,1.9638860992436307,1.9638860992436307
Cynthia's Gabite,cynthia-garchomp-ex,40,2,3.6546556272467434,1.6907695280031128,1.8273278136233717
Cynthia's Gabite,cynthia-garchomp-ex,40,3,4.73124221471232,1.0765865874655765,1.5770807382374399
Cynthia's Gabite,cynthia-garchomp-ex,40,4,5.0079688867123195,0.2767266719999997,1.2519922216780799
Cynthia's Roserade,cynthia-garchomp-ex,40,1,2.624964686831338,2.624964686831338,2.624964686831338
Cynthia's Roserade,cynthia-garchomp-ex,40,2,3.39757392447488,0.7726092376435423,1.69878696223744
Cynthia's Roserade,cynthia-garchomp-ex,40,3,3.40121392447488,0.0036399999999998656,1.13373797482496
Cynthia's Roserade,cynthia-garchomp-ex,40,4,3.40121392447488,0.0,0.85030348111872
Toucannon,alakazam-dudunsparce,40,1,3.5302152706610004,3.5302152706610004,3.5302152706610004
Toucannon,alakazam-dudunsparce,40,2,6.725177742063499,3.1949624714024987,3.3625888710317495
Toucannon,alakazam-dudunsparce,40,3,8.274624897792,1.549447155728501,2.758208299264
Toucannon,alakazam-dudunsparce,40,4,8.431786983661999,0.1571620858699987,2.1079467459154997
Marnie's Grimmsnarl ex,grimmsnarl-froslass,40,1,0.7394625,0.7394625,0.7394625
Marnie's Grimmsnarl ex,grimmsnarl-froslass,40,2,1.4529825000000003,0.7135200000000003,0.7264912500000001
Marnie's Grimmsnarl ex,grimmsnarl-froslass,40,3,1.8,0.34701749999999976,0.6
Marnie's Grimmsnarl ex,grimmsnarl-froslass,40,4,1.8,0.0,0.45
Team Rocket's Spidops,rocket-mewtwo-ex,40,1,2.390701608463,2.390701608463,2.390701608463
Team Rocket's Spidops,rocket-mewtwo-ex,40,2,4.486523390181,2.0958217817180005,2.2432616950905
Team Rocket's Spidops,rocket-mewtwo-ex,40,3,5.991821608857999,1.505298218676999,1.997273869619333
Team Rocket's Spidops,rocket-mewtwo-ex,40,4,6.0,0.008178391142000585,1.5
Mega Greninja ex,mega-greninja-ex,40,1,2.059750751934,2.059750751934,2.059750751934
Mega Greninja ex,mega-greninja-ex,40,2,2.67518004,0.6154292880659997,1.33759002
Mega Greninja ex,mega-greninja-ex,40,3,2.67483504,-0.0003449999999998177,0.89161168
Mega Greninja ex,mega-greninja-ex,40,4,2.67552504,0.0006900000000000794,0.66888126
Ethan's Quilava,ethan-typhlosion,40,1,2.0008218446206403,2.0008218446206403,2.0008218446206403
Ethan's Quilava,ethan-typhlosion,40,2,3.792583249451249,1.7917614048306088,1.8962916247256245
Ethan's Quilava,ethan-typhlosion,40,3,4.82476927118592,1.0321860217346708,1.6082564237286399
Ethan's Quilava,ethan-typhlosion,40,4,5.04603468671232,0.22126541552639978,1.26150867167808
Hop's Snorlax,hops-trevenant,40,1,3.2905023508880005,3.2905023508880005,3.2905023508880005
Hop's Snorlax,hops-trevenant,40,2,4.32192672,1.031424369112,2.16096336
Hop's Snorlax,hops-trevenant,40,3,4.36744672,0.04551999999999978,1.4558155733333333
Hop's Snorlax,hops-trevenant,40,4,4.36744672,0.0,1.09186168
Dipplin,ogerpon-meganium-hydrapple,40,1,2.0023002571882498,2.0023002571882498,2.0023002571882498
Dipplin,ogerpon-meganium-hydrapple,40,2,2.3770457212499996,0.3747454640617498,1.1885228606249998
Dipplin,ogerpon-meganium-hydrapple,40,3,2.3770457212499996,0.0,0.7923485737499999
Dipplin,ogerpon-meganium-hydrapple,40,4,2.3770457212499996,0.0,0.5942614303124999
Dipplin,festival-lead,40,1,1.8815160081660938,1.8815160081660938,1.8815160081660938
Dipplin,festival-lead,40,2,2.3770457212499996,0.4955297130839058,1.1885228606249998
Dipplin,festival-lead,40,3,2.3770457212499996,0.0,0.7923485737499999
Dipplin,festival-lead,40,4,2.3770457212499996,0.0,0.5942614303124999
Seaking,festival-lead,40,1,1.722275226002531,1.722275226002531,1.722275226002531
Seaking,festival-lead,40,2,2.3654357212499995,0.6431604952474685,1.1827178606249997
Seaking,festival-lead,40,3,2.3770457212499996,0.01161000000000012,0.7923485737499999
Seaking,festival-lead,40,4,2.3770457212499996,0.0,0.5942614303124999
Seaking,seaking-pre,40,1,1.9396958693630624,1.9396958693630624,1.9396958693630624
Seaking,seaking-pre,40,2,2.3770457212499996,0.4373498518869372,1.1885228606249998
Seaking,seaking-pre,40,3,2.3770457212499996,0.0,0.7923485737499999
Seaking,seaking-pre,40,4,2.3770457212499996,0.0,0.5942614303124999
Abra,alakazam-dudunsparce,40,1,0.9944329144800002,0.9944329144800002,0.9944329144800002
Abra,alakazam-dudunsparce,40,2,1.1329984,0.1385654855199998,0.5664992
Abra,alakazam-dudunsparce,40,3,1.1329984,0.0,0.3776661333333333
Abra,alakazam-dudunsparce,40,4,1.1329984,0.0,0.2832496
Abra,lopunny-dudunsparce,40,1,0.97030124256,0.97030124256,0.97030124256
Abra,lopunny-dudunsparce,40,2,1.1329984,0.1626971574399999,0.5664992
Abra,lopunny-dudunsparce,40,3,1.1329984,0.0,0.3776661333333333
Abra,lopunny-dudunsparce,40,4,1.1329984,0.0,0.2832496
Pecharunt,basic-box-m,40,1,1.3376896776285,1.3376896776285,1.3376896776285
Pecharunt,basic-box-m,40,2,1.8885671475000003,0.5508774698715002,0.9442835737500002
Pecharunt,basic-box-m,40,3,1.9704071475,0.08183999999999969,0.6568023825
Pecharunt,basic-box-m,40,4,1.9846671475000002,0.014260000000000161,0.49616678687500004
Mega Venusaur ex,mega-venusaur-ex,40,1,1.9192900544998004,1.9192900544998004,1.9192900544998004
Mega Venusaur ex,mega-venusaur-ex,40,2,2.2917588616557603,0.37246880715595987,1.1458794308278801
Mega Venusaur ex,mega-venusaur-ex,40,3,2.2917588616557603,0.0,0.7639196205519201
Mega Venusaur ex,mega-venusaur-ex,40,4,2.2917588616557603,0.0,0.5729397154139401
Steven's Metagross ex,stevens-metagross,40,1,3.1554064083607325,3.1554064083607325,3.1554064083607325
Steven's Metagross ex,stevens-metagross,40,2,3.8326184822076805,0.677212073846948,1.9163092411038403
Steven's Metagross ex,stevens-metagross,40,3,3.83395848220768,0.0013399999999994527,1.2779861607358933
Steven's Metagross ex,stevens-metagross,40,4,3.8335384822076803,-0.0004199999999996429,0.9583846205519201
Bouffalant,kangaskhan-bouffalant,40,1,2.2535762297520003,2.2535762297520003,2.2535762297520003
Bouffalant,kangaskhan-bouffalant,40,2,3.12690504,0.8733288102479997,1.56345252
Bouffalant,kangaskhan-bouffalant,40,3,3.24875004,0.12184499999999998,1.08291668
Bouffalant,kangaskhan-bouffalant,40,4,3.27540504,0.026654999999999873,0.81885126
Crustle,crustle-dri,40,1,1.3247058610407731,1.3247058610407731,1.3247058610407731
Crustle,crustle-dri,40,2,1.6374908841401599,0.3127850230993867,0.8187454420700799
Crustle,crustle-dri,40,3,1.63784963414016,0.0003587500000001853,0.54594987804672
Crustle,crustle-dri,40,4,1.63784963414016,0.0,0.40946240853504
Mew ex,lopunny-dudunsparce,40,1,1.176786399723,1.176786399723,1.176786399723
Mew ex,lopunny-dudunsparce,40,2,1.59006252,0.4132761202770001,0.79503126
Mew ex,lopunny-dudunsparce,40,3,1.6336300200000005,0.043567500000000425,0.5445433400000002
Mew ex,lopunny-dudunsparce,40,4,1.6377850200000001,0.004154999999999687,0.40944625500000004
Mew ex,slowking-scr,40,1,1.31872806936,1.31872806936,1.31872806936
Mew ex,slowking-scr,40,2,1.63779252,0.31906445064,0.81889626
Mew ex,slowking-scr,40,3,1.63779252,0.0,0.54593084
Mew ex,slowking-scr,40,4,1.63779252,0.0,0.40944813
Yveltal,n-zoroark,40,1,1.741399997649453,1.741399997649453,1.741399997649453
Yveltal,n-zoroark,40,2,2.0,0.25860000235054703,1.0
Yveltal,n-zoroark,40,3,2.0,0.0,0.6666666666666666
Yveltal,n-zoroark,40,4,2.0,0.0,0.5
Yveltal,dragapult-ex,40,1,1.9195046144278904,1.9195046144278904,1.9195046144278904
Yveltal,dragapult-ex,40,2,2.0,0.08049538557210956,1.0
Yveltal,dragapult-ex,40,3,2.0,0.0,0.6666666666666666
Yveltal,dragapult-ex,40,4,2.0,0.0,0.5
