tid,type,city,date,players,rounds,n_lists,window,set_presence
0062,regional,Prague,"April 25–26, 2026",1370,17,1367,POR,"{'POR': 0.958, 'CRI': 0.0, 'PBL': 0.0, '30C': 0.0}"
0063,regional,Los Angeles,"May 8–10, 2026",1849,17,1844,POR,"{'POR': 0.958, 'CRI': 0.0, 'PBL': 0.0, '30C': 0.0}"
0064,regional,Utrecht,"May 16–17, 2026",2150,18,2143,POR,"{'POR': 0.957, 'CRI': 0.0, 'PBL': 0.0, '30C': 0.0}"
0065,regional,Campinas,"May 16–17, 2026",1725,17,1722,POR,"{'POR': 0.964, 'CRI': 0.0, 'PBL': 0.0, '30C': 0.0}"
0066,regional,Melbourne,"May 23–24, 2026",959,16,958,POR,"{'POR': 0.98, 'CRI': 0.0, 'PBL': 0.0, '30C': 0.0}"
0067,special,Lima,"May 23–24, 2026",499,15,485,POR,"{'POR': 0.986, 'CRI': 0.0, 'PBL': 0.0, '30C': 0.0}"
0068,regional,Indianapolis,"May 29–31, 2026",1974,17,1970,POR,"{'POR': 0.976, 'CRI': 0.0, 'PBL': 0.0, '30C': 0.0}"
0069,special,Turin,"June 6–7, 2026",2033,16,2032,CRI,"{'POR': 0.983, 'CRI': 0.668, 'PBL': 0.0, '30C': 0.0}"
0070,international,New Orleans,"June 12–14, 2026",3752,18,3743,CRI,"{'POR': 0.984, 'CRI': 0.718, 'PBL': 0.0, '30C': 0.0}"
0071,worlds,San Francisco,"August 28–30, 2026",797,16,797,WORLDS,"{'POR': 0.994, 'CRI': 0.684, 'PBL': 0.203, '30C': 0.0}"
0072,regional,Baltimore,"September 18–20, 2026",3122,17,3119,CUR,"{'POR': 0.984, 'CRI': 0.724, 'PBL': 0.23, '30C': 0.0}"
0073,regional,Brisbane,"September 26–27, 2026",817,16,816,CUR,"{'POR': 0.98, 'CRI': 0.692, 'PBL': 0.275, '30C': 0.092}"
0074,regional,Frankfurt,"September 26–27, 2026",2793,18,2793,CUR,"{'POR': 0.981, 'CRI': 0.684, 'PBL': 0.235, '30C': 0.116}"
0075,regional,Recife,"October 3–4, 2026",1074,17,1072,CUR,"{'POR': 0.981, 'CRI': 0.66, 'PBL': 0.214, '30C': 0.104}"
