name,set,lists,copies,inclusion,avg_copies
Talonflame ex,M6,258,461,0.10799497697781499,1.7868217054263567
Legendary Lava Cave,M6,77,292,0.032231059020510676,3.792207792207792
Mega Rayquaza ex,M6,70,146,0.029300962745918795,2.085714285714286
Adventuring Lantern,M6,67,141,0.02804520719966513,2.1044776119402986
Zinnia's Trust,M6,46,46,0.019254918375889492,1.0
Special Vest,M6,37,38,0.015487651737128506,1.027027027027027
Dolliv,MEM,22,41,0.009208874005860193,1.8636363636363635
Smoliv,MEM,21,40,0.008790288823775638,1.9047619047619047
Aarune,M6,18,21,0.007534533277521975,1.1666666666666667
Giratina,M6,17,17,0.007115948095437421,1.0
Azurill,M6,13,14,0.0054416073670992045,1.0769230769230769
Cacnea,M6,13,25,0.0054416073670992045,1.9230769230769231
Cacturne,M6,13,25,0.0054416073670992045,1.9230769230769231
Delicious Onigiri,M6,9,36,0.0037672666387609877,4.0
Jellicent,M6,3,6,0.0012557555462536626,2.0
Lida,MP,2,2,0.0008371703641691084,1.0
Grisham,MP,2,2,0.0008371703641691084,1.0
Wimpod,M6,2,4,0.0008371703641691084,2.0
Pincurchin,M6,2,2,0.0008371703641691084,1.0
Mega Golisopod ex,M6,2,4,0.0008371703641691084,2.0
Golett,M6,1,1,0.0004185851820845542,1.0
Mega Golurk ex,M6,1,1,0.0004185851820845542,1.0
Legendary Ocean Trench,M6,1,4,0.0004185851820845542,4.0
Inkay,M6,1,2,0.0004185851820845542,2.0
Mega Malamar ex,M6,1,3,0.0004185851820845542,3.0
