name,lists,copies,inclusion,avg_copies,intl_inclusion,jp_minus_intl
Ultra Ball,67,242,0.9305555555555556,3.611940298507463,0.8480769230769231,0.08247863247863252
Night Stretcher,66,119,0.9166666666666666,1.803030303030303,0.8592307692307692,0.05743589743589739
Boss's Orders,66,191,0.9166666666666666,2.893939393939394,0.9103846153846152,0.006282051282051393
Lillie's Determination,63,240,0.875,3.8095238095238093,0.8228205128205128,0.05217948717948717
Fezandipiti ex,60,60,0.8333333333333334,1.0,0.6917948717948718,0.1415384615384616
Meowth ex,57,86,0.7916666666666666,1.5087719298245614,0.5769230769230769,0.21474358974358976
Poké Pad,56,204,0.7777777777777778,3.642857142857143,0.8125641025641026,-0.03478632478632482
Unfair Stamp,49,49,0.6805555555555556,1.0,0.3729487179487179,0.30760683760683766
Buddy-Buddy Poffin,48,181,0.6666666666666666,3.7708333333333335,0.7025641025641025,-0.03589743589743588
Psychic Energy,47,129,0.6527777777777778,2.74468085106383,0.5685897435897436,0.08418803418803422
Munkidori,46,80,0.6388888888888888,1.7391304347826086,0.3952564102564102,0.24363247863247867
Darkness Energy,43,134,0.5972222222222222,3.116279069767442,0.3973076923076923,0.1999145299145299
Crispin,43,101,0.5972222222222222,2.3488372093023258,0.3928205128205128,0.20440170940170943
Fire Energy,37,116,0.5138888888888888,3.135135135135135,0.3339743589743589,0.17991452991452994
Budew,35,45,0.4861111111111111,1.2857142857142858,0.4029487179487179,0.08316239316239321
Special Red Card,34,36,0.4722222222222222,1.0588235294117647,0.561025641025641,-0.0888034188034188
Drakloak,31,123,0.4305555555555556,3.967741935483871,0.3006410256410256,0.12991452991452995
Dreepy,31,123,0.4305555555555556,3.967741935483871,0.3006410256410256,0.12991452991452995
Dragapult ex,31,84,0.4305555555555556,2.7096774193548385,0.2943589743589743,0.1361965811965813
Dawn,25,43,0.3472222222222222,1.72,0.2156410256410256,0.1315811965811966
Rare Candy,24,54,0.3333333333333333,2.25,0.2387179487179487,0.0946153846153846
Lillie's Clefairy ex,23,36,0.3194444444444444,1.565217391304348,0.2469230769230769,0.07252136752136751
Team Rocket's Watchtower,22,28,0.3055555555555556,1.2727272727272727,0.2079487179487179,0.09760683760683769
Grass Energy,21,149,0.2916666666666667,7.095238095238095,0.2037179487179487,0.08794871794871797
Latias ex,19,37,0.2638888888888889,1.9473684210526316,0.1825641025641025,0.0813247863247864
Moltres,19,19,0.2638888888888889,1.0,0.1432051282051282,0.12068376068376069
Risky Ruins,19,28,0.2638888888888889,1.4736842105263157,0.2128205128205128,0.05106837606837608
Mega Kangaskhan ex,19,53,0.2638888888888889,2.789473684210526,0.1888461538461538,0.07504273504273509
Teal Mask Ogerpon ex,17,49,0.2361111111111111,2.8823529411764706,0.1117948717948718,0.12431623931623931
Rosa's Encouragement,17,17,0.2361111111111111,1.0,0.2285897435897436,0.007521367521367506
Judge,16,19,0.2222222222222222,1.1875,0.3921794871794872,-0.169957264957265
Ciphermaniac's Codebreaking,16,28,0.2222222222222222,1.75,0.1578205128205128,0.06440170940170942
Energy Switch,16,54,0.2222222222222222,3.375,0.1139743589743589,0.10824786324786331
Cyrano,15,40,0.20833333333333334,2.6666666666666665,0.1465384615384615,0.061794871794871836
Area Zero Underdepths,15,40,0.20833333333333334,2.6666666666666665,0.0947435897435897,0.11358974358974364
Dudunsparce,14,22,0.19444444444444445,1.5714285714285714,0.2424358974358974,-0.047991452991452965
Dunsparce,14,31,0.19444444444444445,2.2142857142857144,0.2164102564102564,-0.02196581196581196
Duskull,13,23,0.18055555555555555,1.7692307692307692,0.1058974358974359,0.07465811965811965
Prism Energy,12,30,0.16666666666666666,2.5,0.022051282051282,0.14461538461538465
Wellspring Mask Ogerpon ex,12,12,0.16666666666666666,1.0,0.0764102564102564,0.09025641025641026
Water Energy,12,21,0.16666666666666666,1.75,0.1053846153846153,0.06128205128205136
Chien-Pao,12,12,0.16666666666666666,1.0,0.0766666666666666,0.09000000000000005
Dusknoir,12,12,0.16666666666666666,1.0,0.1056410256410256,0.061025641025641064
Team Rocket's Petrel,11,26,0.1527777777777778,2.3636363636363638,0.2184615384615384,-0.06568376068376061
Yveltal,11,12,0.1527777777777778,1.0909090909090908,0.0741025641025641,0.07867521367521368
Jamming Tower,11,11,0.1527777777777778,1.0,0.1171794871794871,0.035598290598290686
Bug Catching Set,11,39,0.1527777777777778,3.5454545454545454,0.0807692307692307,0.07200854700854709
Dusclops,11,12,0.1527777777777778,1.0909090909090908,0.1044871794871794,0.0482905982905984
Iron Leaves ex,9,9,0.125,1.0,0.0625641025641025,0.0624358974358975
Brock's Scouting,9,14,0.125,1.5555555555555556,0.0503846153846153,0.0746153846153847
Shaymin,9,9,0.125,1.0,0.2747435897435897,-0.1497435897435897
Fighting Energy,9,18,0.125,2.0,0.1288461538461538,-0.0038461538461538047
Dudunsparce ex,9,10,0.125,1.1111111111111112,0.063076923076923,0.061923076923077
Lana's Aid,9,9,0.125,1.0,0.1355128205128205,-0.010512820512820487
Air Balloon,9,13,0.125,1.4444444444444444,0.2541025641025641,-0.1291025641025641
Blaziken ex,8,16,0.1111111111111111,2.0,0.0475641025641025,0.06354700854700861
Combusken,8,8,0.1111111111111111,1.0,0.0461538461538461,0.064957264957265
Telepathic Psychic Energy,8,31,0.1111111111111111,3.875,0.2058974358974359,-0.09478632478632479
Torchic,8,16,0.1111111111111111,2.0,0.0471794871794871,0.06393162393162401
Switch,8,9,0.1111111111111111,1.125,0.2565384615384615,-0.1454273504273504
Bloodmoon Ursaluna ex,7,7,0.09722222222222222,1.0,0.0324358974358974,0.06478632478632482
Forest of Vitality,7,20,0.09722222222222222,2.857142857142857,0.0602564102564102,0.03696581196581202
Pokégear 3.0,7,16,0.09722222222222222,2.2857142857142856,0.1487179487179487,-0.051495726495726465
Secret Box,6,6,0.08333333333333333,1.0,0.1826923076923076,-0.09935897435897427
Passimian,6,6,0.08333333333333333,1.0,0.0156410256410256,0.06769230769230773
Lightning Energy,6,19,0.08333333333333333,3.1666666666666665,0.0701282051282051,0.01320512820512823
Metagross,5,9,0.06944444444444445,1.8,0.1083333333333333,-0.03888888888888885
Pecharunt ex,5,5,0.06944444444444445,1.0,0.0956410256410256,-0.02619658119658115
Meganium,5,10,0.06944444444444445,2.0,0.0393589743589743,0.030085470085470148
Black Belt's Training,5,5,0.06944444444444445,1.0,0.0861538461538461,-0.016709401709401647
Dipplin,5,15,0.06944444444444445,3.0,0.0629487179487179,0.00649572649572655
Chi-Yu,5,5,0.06944444444444445,1.0,0.0339743589743589,0.035470085470085545
Chikorita,5,11,0.06944444444444445,2.2,0.0219230769230769,0.04752136752136755
Bayleef,5,11,0.06944444444444445,2.2,0.0361538461538461,0.03329059829059835
Applin,5,16,0.06944444444444445,3.2,0.0393589743589743,0.030085470085470148
Xerosic's Machinations,5,5,0.06944444444444445,1.0,0.1278205128205128,-0.058376068376068346
Slowpoke,4,16,0.05555555555555555,4.0,0.0542307692307692,0.001324786324786352
Team Rocket's Mimikyu,4,4,0.05555555555555555,1.0,0.0142307692307692,0.04132478632478635
Wondrous Patch,4,12,0.05555555555555555,3.0,0.0896153846153846,-0.034059829059829044
Mega Absol ex,4,4,0.05555555555555555,1.0,0.0061538461538461,0.04940170940170945
Slowking,4,12,0.05555555555555555,3.0,0.0565384615384615,-0.0009829059829059503
N's Zorua,4,16,0.05555555555555555,4.0,0.0748717948717948,-0.019316239316239242
Raging Bolt ex,4,6,0.05555555555555555,1.5,0.0574358974358974,-0.0018803418803418487
Psyduck,4,4,0.05555555555555555,1.0,0.1041025641025641,-0.04854700854700855
Prime Catcher,4,4,0.05555555555555555,1.0,0.075,-0.019444444444444445
N's Zoroark ex,4,16,0.05555555555555555,4.0,0.0748717948717948,-0.019316239316239242
N's PP Up,4,14,0.05555555555555555,3.5,0.072051282051282,-0.016495726495726448
N's Zekrom,4,8,0.05555555555555555,2.0,0.0723076923076923,-0.016752136752136743
N's Castle,4,8,0.05555555555555555,2.0,0.0476923076923076,0.007863247863247949
Hilda,4,13,0.05555555555555555,3.25,0.2205128205128205,-0.16495726495726495
Talonflame ex,4,7,0.05555555555555555,1.75,0.0,0.05555555555555555
Celebi,4,5,0.05555555555555555,1.25,0.0307692307692307,0.02478632478632485
Academy at Night,4,16,0.05555555555555555,4.0,0.0573076923076923,-0.00175213675213675
Boomerang Energy,4,9,0.05555555555555555,2.25,0.05,0.00555555555555555
Binding Mochi,4,7,0.05555555555555555,1.75,0.0841025641025641,-0.02854700854700855
Annihilape,4,5,0.05555555555555555,1.25,0.0296153846153846,0.025940170940170953
Briar,4,4,0.05555555555555555,1.0,0.0312820512820512,0.024273504273504352
Brave Bangle,4,7,0.05555555555555555,1.75,0.0837179487179487,-0.02816239316239315
Kyurem,4,8,0.05555555555555555,2.0,0.0565384615384615,-0.0009829059829059503
Hero's Cape,4,4,0.05555555555555555,1.0,0.1155128205128205,-0.059957264957264944
Kieran,4,5,0.05555555555555555,1.25,0.0905128205128205,-0.03495726495726495
Crushing Hammer,4,15,0.05555555555555555,3.75,0.1982051282051282,-0.14264957264957265
Festival Grounds,3,12,0.041666666666666664,4.0,0.0603846153846153,-0.018717948717948636
Seaking,3,3,0.041666666666666664,1.0,0.0375641025641025,0.0041025641025641615
Thwackey,3,12,0.041666666666666664,4.0,0.0382051282051282,0.0034615384615384673
Snorunt,3,8,0.041666666666666664,2.6666666666666665,0.0303846153846153,0.011282051282051363
Growing Grass Energy,3,9,0.041666666666666664,3.0,0.0652564102564102,-0.023589743589743535
Grookey,3,12,0.041666666666666664,4.0,0.0334615384615384,0.008205128205128268
Gwynn,3,8,0.041666666666666664,2.6666666666666665,0.0644871794871794,-0.022820512820512735
Flutter Mane,3,3,0.041666666666666664,1.0,0.0166666666666666,0.025000000000000064
Rabsca,3,3,0.041666666666666664,1.0,0.0416666666666666,6.245004513516506e-17
Goldeen,3,6,0.041666666666666664,2.0,0.0379487179487179,0.0037179487179487616
Legacy Energy,3,3,0.041666666666666664,1.0,0.0367948717948717,0.004871794871794961
Surfer,3,4,0.041666666666666664,1.3333333333333333,0.031025641025641,0.010641025641025665
Rellor,3,3,0.041666666666666664,1.0,0.0388461538461538,0.0028205128205128632
N's Reshiram,3,3,0.041666666666666664,1.0,0.06,-0.018333333333333333
N's Plan,3,4,0.041666666666666664,1.3333333333333333,0.0082051282051282,0.033461538461538466
Pecharunt,3,5,0.041666666666666664,1.6666666666666667,0.0128205128205128,0.028846153846153865
Glass Trumpet,2,3,0.027777777777777776,1.5,0.0583333333333333,-0.030555555555555523
Handheld Fan,2,4,0.027777777777777776,2.0,0.0719230769230769,-0.04414529914529912
Genesect,2,2,0.027777777777777776,1.0,0.0646153846153846,-0.036837606837606826
Tera Orb,2,2,0.027777777777777776,1.0,0.0079487179487179,0.019829059829059876
Tool Scrapper,2,2,0.027777777777777776,1.0,0.0712820512820512,-0.043504273504273425
Wally's Compassion,2,5,0.027777777777777776,2.5,0.0711538461538461,-0.04337606837606832
Team Rocket's Transceiver,2,6,0.027777777777777776,3.0,0.061025641025641,-0.033247863247863225
Sinistcha,2,2,0.027777777777777776,1.0,0.0314102564102564,-0.0036324786324786265
Shuppet,2,7,0.027777777777777776,3.5,0.0329487179487179,-0.005170940170940122
Sacred Ash,2,2,0.027777777777777776,1.0,0.1225641025641025,-0.09478632478632472
Rocky Fighting Energy,2,6,0.027777777777777776,3.0,0.042051282051282,-0.014273504273504226
Prism Tower,2,6,0.027777777777777776,3.0,0.0652564102564102,-0.03747863247863242
Special Vest,2,2,0.027777777777777776,1.0,0.0,0.027777777777777776
Team Rocket's Factory,2,4,0.027777777777777776,2.0,0.0693589743589743,-0.04158119658119652
Tatsugiri,2,2,0.027777777777777776,1.0,0.0662820512820512,-0.03850427350427342
Adventuring Lantern,2,3,0.027777777777777776,1.5,0.0,0.027777777777777776
Froslass,2,5,0.027777777777777776,2.5,0.0202564102564102,0.007521367521367575
Ethan's Ho-Oh ex,2,4,0.027777777777777776,2.0,0.0001282051282051,0.027649572649572678
Bulbasaur,2,4,0.027777777777777776,2.0,0.006025641025641,0.021752136752136775
Energy Recycler,2,3,0.027777777777777776,1.5,0.0579487179487179,-0.030170940170940123
Energy Retrieval,2,2,0.027777777777777776,1.0,0.0151282051282051,0.012649572649572676
Hydrapple ex,2,4,0.027777777777777776,2.0,0.0291025641025641,-0.0013247863247863242
Gravity Mountain,2,2,0.027777777777777776,1.0,0.077051282051282,-0.04927350427350423
Jumbo Ice Cream,2,5,0.027777777777777776,2.5,0.0925641025641025,-0.06478632478632472
Janine's Secret Art,2,2,0.027777777777777776,1.0,0.0344871794871794,-0.0067094017094016245
Ivysaur,2,4,0.027777777777777776,2.0,0.0058974358974358,0.021880341880341977
Fan Rotom,2,2,0.027777777777777776,1.0,0.0339743589743589,-0.006196581196581126
Mist Energy,2,8,0.027777777777777776,4.0,0.0843589743589743,-0.05658119658119652
Lucky Helmet,2,2,0.027777777777777776,1.0,0.0596153846153846,-0.03183760683760682
Mega Froslass ex,2,4,0.027777777777777776,2.0,0.0169230769230769,0.010854700854700878
Lumiose City,2,2,0.027777777777777776,1.0,0.0407692307692307,-0.01299145299145292
Mega Venusaur ex,2,4,0.027777777777777776,2.0,0.0058974358974358,0.021880341880341977
Okidogi,2,2,0.027777777777777776,1.0,0.0021794871794871,0.025598290598290677
Poltchageist,2,4,0.027777777777777776,2.0,0.0315384615384615,-0.003760683760683725
Mega Rayquaza ex,2,4,0.027777777777777776,2.0,0.0,0.027777777777777776
Dhelmise,2,8,0.027777777777777776,4.0,0.0324358974358974,-0.0046581196581196235
Banette,2,7,0.027777777777777776,3.5,0.033076923076923,-0.005299145299145221
Battle Cage,2,6,0.027777777777777776,3.0,0.1101282051282051,-0.08235042735042733
Brute Bonnet,1,1,0.013888888888888888,1.0,0.0035897435897435,0.010299145299145388
Cornerstone Mask Ogerpon ex,1,1,0.013888888888888888,1.0,0.0108974358974358,0.0029914529914530884
Abra,1,4,0.013888888888888888,4.0,0.075,-0.06111111111111111
Arboliva ex,1,2,0.013888888888888888,2.0,0.0047435897435897,0.009145299145299188
Beldum,1,4,0.013888888888888888,4.0,0.0339743589743589,-0.020085470085470014
Alakazam,1,3,0.013888888888888888,3.0,0.0769230769230769,-0.063034188034188
Beheeyem,1,1,0.013888888888888888,1.0,0.0001282051282051,0.013760683760683788
Bianca's Devotion,1,1,0.013888888888888888,1.0,0.0202564102564102,-0.006367521367521313
Buneary,1,2,0.013888888888888888,2.0,0.0358974358974358,-0.02200854700854691
Frogadier,1,2,0.013888888888888888,2.0,0.012051282051282,0.0018376068376068887
Genesect ex,1,2,0.013888888888888888,2.0,0.0552564102564102,-0.04136752136752131
Giratina,1,1,0.013888888888888888,1.0,0.0,0.013888888888888888
Gladion's Final Battle,1,2,0.013888888888888888,2.0,0.0369230769230769,-0.02303418803418801
Eri,1,1,0.013888888888888888,1.0,0.0905128205128205,-0.07662393162393161
Dusk Ball,1,2,0.013888888888888888,2.0,0.0061538461538461,0.007735042735042788
Dwebble,1,3,0.013888888888888888,3.0,0.0375641025641025,-0.023675213675213615
Elgyem,1,2,0.013888888888888888,2.0,0.0158974358974358,-0.0020085470085469126
Drilbur,1,3,0.013888888888888888,3.0,0.0502564102564102,-0.03636752136752131
Colress's Tenacity,1,1,0.013888888888888888,1.0,0.0152564102564102,-0.001367521367521312
Bubbly Water Energy,1,1,0.013888888888888888,1.0,0.0089743589743589,0.004914529914529987
Crustle,1,3,0.013888888888888888,3.0,0.0375641025641025,-0.023675213675213615
Cynthia's Roserade,1,4,0.013888888888888888,4.0,0.0135897435897435,0.00029914529914538794
Cynthia's Roselia,1,4,0.013888888888888888,4.0,0.0135897435897435,0.00029914529914538794
Cynthia's Power Weight,1,2,0.013888888888888888,2.0,0.0135897435897435,0.00029914529914538794
Cynthia's Gible,1,4,0.013888888888888888,4.0,0.0135897435897435,0.00029914529914538794
Cynthia's Gabite,1,4,0.013888888888888888,4.0,0.0135897435897435,0.00029914529914538794
Cynthia's Garchomp ex,1,3,0.013888888888888888,3.0,0.0135897435897435,0.00029914529914538794
Dolliv,1,2,0.013888888888888888,2.0,0.0047435897435897,0.009145299145299188
Drayton,1,1,0.013888888888888888,1.0,0.0005128205128205,0.013376068376068388
Legendary Lava Cave,1,4,0.013888888888888888,4.0,0.0,0.013888888888888888
Koraidon ex,1,1,0.013888888888888888,1.0,0.0134615384615384,0.0004273504273504883
Iron Thorns ex,1,1,0.013888888888888888,1.0,0.0003846153846153,0.013504273504273589
Kadabra,1,4,0.013888888888888888,4.0,0.0769230769230769,-0.063034188034188
Hassel,1,3,0.013888888888888888,3.0,0.0076923076923076,0.006196581196581288
Hoothoot,1,1,0.013888888888888888,1.0,0.0105128205128205,0.0033760683760683877
Ignition Energy,1,4,0.013888888888888888,4.0,0.0407692307692307,-0.02688034188034181
Iron Defender,1,1,0.013888888888888888,1.0,0.0025641025641025,0.011324786324786389
Greninja ex,1,2,0.013888888888888888,2.0,0.0112820512820512,0.0026068376068376885
Enriching Energy,1,1,0.013888888888888888,1.0,0.0892307692307692,-0.0753418803418803
Fighting Gong,1,4,0.013888888888888888,4.0,0.06,-0.04611111111111111
Froakie,1,4,0.013888888888888888,4.0,0.0123076923076923,0.0015811965811965874
Naveen,1,2,0.013888888888888888,2.0,0.0021794871794871,0.011709401709401789
Noctowl,1,1,0.013888888888888888,1.0,0.0124358974358974,0.0014529914529914888
Paldean Tauros,1,1,0.013888888888888888,1.0,0.0116666666666666,0.0022222222222222886
Patrat,1,1,0.013888888888888888,1.0,0.0576923076923076,-0.04380341880341871
Mega Greninja ex,1,2,0.013888888888888888,2.0,0.0089743589743589,0.004914529914529987
Mega Excadrill ex,1,2,0.013888888888888888,2.0,0.0502564102564102,-0.03636752136752131
Marnie's Morgrem,1,2,0.013888888888888888,2.0,0.013076923076923,0.0008119658119658882
Max Rod,1,1,0.013888888888888888,1.0,0.0088461538461538,0.005042735042735088
Marnie's Impidimp,1,4,0.013888888888888888,4.0,0.013076923076923,0.0008119658119658882
Lillie's Pearl,1,2,0.013888888888888888,2.0,0.0176923076923076,-0.003803418803418713
Lucian,1,2,0.013888888888888888,2.0,0.0021794871794871,0.011709401709401789
Marnie's Grimmsnarl ex,1,3,0.013888888888888888,3.0,0.013076923076923,0.0008119658119658882
Lively Stadium,1,1,0.013888888888888888,1.0,0.0023076923076923,0.011581196581196588
Mega Meganium ex,1,1,0.013888888888888888,1.0,0.0035897435897435,0.010299145299145388
Mega Starmie ex,1,2,0.013888888888888888,2.0,0.0147435897435897,-0.0008547008547008118
Mega Lopunny ex,1,2,0.013888888888888888,2.0,0.0398717948717948,-0.02598290598290591
Metal Energy,1,16,0.013888888888888888,16.0,0.0603846153846153,-0.04649572649572641
Metang,1,4,0.013888888888888888,4.0,0.0521794871794871,-0.038290598290598214
N's Darmanitan,1,1,0.013888888888888888,1.0,0.0285897435897435,-0.014700854700854613
N's Darumaka,1,1,0.013888888888888888,1.0,0.0285897435897435,-0.014700854700854613
Pokémon Center Lady,1,1,0.013888888888888888,1.0,0.0346153846153846,-0.020726495726495715
Pokémon Catcher,1,2,0.013888888888888888,2.0,0.0088461538461538,0.005042735042735088
Premium Power Pro,1,1,0.013888888888888888,1.0,0.0502564102564102,-0.03636752136752131
Precious Trolley,1,1,0.013888888888888888,1.0,0.0248717948717948,-0.01098290598290591
Spikemuth Gym,1,3,0.013888888888888888,3.0,0.013076923076923,0.0008119658119658882
Spiky Energy,1,4,0.013888888888888888,4.0,0.038076923076923,-0.024188034188034113
Survival Brace,1,1,0.013888888888888888,1.0,0.0007692307692307,0.013119658119658189
Tapu Bulu,1,1,0.013888888888888888,1.0,0.0273076923076923,-0.013418803418803412
Sparkling Crystal,1,1,0.013888888888888888,1.0,0.0053846153846153,0.008504273504273588
Scoop Up Cyclone,1,1,0.013888888888888888,1.0,0.005,0.008888888888888887
Smoliv,1,2,0.013888888888888888,2.0,0.0047435897435897,0.009145299145299188
Roto-Stick,1,4,0.013888888888888888,4.0,0.0189743589743589,-0.005085470085470011
Sacred Charm,1,1,0.013888888888888888,1.0,0.0015384615384615,0.012350427350427387
Smoochum,1,1,0.013888888888888888,1.0,0.011025641025641,0.0028632478632478874
Staryu,1,2,0.013888888888888888,2.0,0.0147435897435897,-0.0008547008547008118
Surfing Beach,1,1,0.013888888888888888,1.0,0.0117948717948717,0.0020940170940171882
Team Rocket's Ariana,1,4,0.013888888888888888,4.0,0.0308974358974358,-0.017008547008546912
Team Rocket's Archer,1,4,0.013888888888888888,4.0,0.027051282051282,-0.01316239316239311
Team Rocket's Venture Bomb,1,1,0.013888888888888888,1.0,0.0001282051282051,0.013760683760683788
Team Rocket's Porygon2,1,1,0.013888888888888888,1.0,0.0192307692307692,-0.0053418803418803125
Team Rocket's Porygon,1,2,0.013888888888888888,2.0,0.0192307692307692,-0.0053418803418803125
Team Rocket's Energy,1,4,0.013888888888888888,4.0,0.0311538461538461,-0.017264957264957213
Team Rocket's Honchkrow,1,4,0.013888888888888888,4.0,0.0192307692307692,-0.0053418803418803125
Team Rocket's Murkrow,1,4,0.013888888888888888,4.0,0.0196153846153846,-0.005726495726495712
Team Rocket's Articuno,1,2,0.013888888888888888,2.0,0.0406410256410256,-0.02675213675213671
Team Rocket's Giovanni,1,4,0.013888888888888888,4.0,0.031025641025641,-0.01713675213675211
Team Rocket's Proton,1,4,0.013888888888888888,4.0,0.031025641025641,-0.01713675213675211
Team Rocket's Sneasel,1,1,0.013888888888888888,1.0,0.0057692307692307,0.008119658119658188
Toxel,1,4,0.013888888888888888,4.0,0.0193589743589743,-0.005470085470085411
Toxtricity,1,4,0.013888888888888888,4.0,0.0193589743589743,-0.005470085470085411
Zeraora,1,1,0.013888888888888888,1.0,0.032051282051282,-0.018162393162393112
Zinnia's Trust,1,1,0.013888888888888888,1.0,0.0,0.013888888888888888
