deck,opp_deck,w,l,t,n,wr
alakazam-dudunsparce,alakazam-dudunsparce,78,78,50,206,0.4595469255663431
alakazam-dudunsparce,alakazam-dusknoir,10,21,9,40,0.325
alakazam-dudunsparce,basic-box-m,112,94,30,236,0.5169491525423728
alakazam-dudunsparce,crustle-dri,40,65,14,119,0.3753501400560224
alakazam-dudunsparce,cynthia-garchomp-ex,14,24,14,52,0.358974358974359
alakazam-dudunsparce,dhelmise-pbl,21,74,17,112,0.2380952380952381
alakazam-dudunsparce,dragapult-blaziken,48,93,31,172,0.3391472868217054
alakazam-dudunsparce,dragapult-dudunsparce,8,4,2,14,0.619047619047619
alakazam-dudunsparce,dragapult-dusknoir,80,114,41,235,0.39858156028368796
alakazam-dudunsparce,dragapult-ex,172,358,127,657,0.3262303399289701
alakazam-dudunsparce,ethan-typhlosion,6,2,3,11,0.6363636363636364
alakazam-dudunsparce,festival-lead,43,51,24,118,0.4322033898305085
alakazam-dudunsparce,grimmsnarl-froslass,23,18,2,43,0.5503875968992248
alakazam-dudunsparce,lopunny-dudunsparce,12,27,9,48,0.3125
alakazam-dudunsparce,lopunny-dusknoir,16,23,6,45,0.4
alakazam-dudunsparce,lucario-hariyama,27,43,14,84,0.376984126984127
alakazam-dudunsparce,mega-chandelure-ex,10,13,2,25,0.42666666666666664
alakazam-dudunsparce,mega-excadrill-ex,112,37,35,184,0.6721014492753623
alakazam-dudunsparce,mega-greninja-ex,15,12,7,34,0.5098039215686274
alakazam-dudunsparce,mega-lucario-ex,15,25,8,48,0.3680555555555556
alakazam-dudunsparce,mega-venusaur-ex,14,4,3,21,0.7142857142857143
alakazam-dudunsparce,n-zoroark,83,117,46,246,0.39972899728997285
alakazam-dudunsparce,ogerpon-meganium-hydrapple,51,25,14,90,0.6185185185185185
alakazam-dudunsparce,other,10,14,5,29,0.4022988505747126
alakazam-dudunsparce,raging-bolt-ogerpon,26,8,5,39,0.7094017094017094
alakazam-dudunsparce,rocket-mewtwo-ex,4,26,7,37,0.1711711711711712
alakazam-dudunsparce,rockets-honchkrow,14,45,5,64,0.24479166666666666
alakazam-dudunsparce,seaking-pre,3,11,7,21,0.253968253968254
alakazam-dudunsparce,sharpedo-toxtricity,10,34,6,50,0.24
alakazam-dudunsparce,slowking-scr,154,57,22,233,0.6924177396280401
alakazam-dusknoir,alakazam-dudunsparce,21,10,9,40,0.6
alakazam-dusknoir,alakazam-dusknoir,8,8,2,18,0.48148148148148145
alakazam-dusknoir,basic-box-m,35,14,1,50,0.7066666666666667
alakazam-dusknoir,crustle-dri,9,22,4,35,0.29523809523809524
alakazam-dusknoir,cynthia-garchomp-ex,7,3,0,10,0.7
alakazam-dusknoir,dhelmise-pbl,3,15,2,20,0.18333333333333332
alakazam-dusknoir,dragapult-blaziken,19,23,4,46,0.44202898550724634
alakazam-dusknoir,dragapult-dudunsparce,3,1,0,4,0.75
alakazam-dusknoir,dragapult-dusknoir,29,28,1,58,0.5057471264367815
alakazam-dusknoir,dragapult-ex,64,79,16,159,0.4360587002096436
alakazam-dusknoir,ethan-typhlosion,4,0,0,4,1.0
alakazam-dusknoir,festival-lead,20,14,6,40,0.55
alakazam-dusknoir,grimmsnarl-froslass,3,2,0,5,0.6
alakazam-dusknoir,lopunny-dudunsparce,2,13,2,17,0.1568627450980392
alakazam-dusknoir,lopunny-dusknoir,3,9,0,12,0.25
alakazam-dusknoir,lucario-hariyama,6,14,3,23,0.30434782608695654
alakazam-dusknoir,mega-chandelure-ex,4,1,1,6,0.7222222222222222
alakazam-dusknoir,mega-excadrill-ex,34,5,0,39,0.8717948717948718
alakazam-dusknoir,mega-greninja-ex,1,3,0,4,0.25
alakazam-dusknoir,mega-lucario-ex,4,6,0,10,0.4
alakazam-dusknoir,mega-venusaur-ex,4,3,0,7,0.5714285714285714
alakazam-dusknoir,n-zoroark,27,29,11,67,0.4577114427860697
alakazam-dusknoir,ogerpon-meganium-hydrapple,15,7,3,25,0.64
alakazam-dusknoir,other,3,3,0,6,0.5
alakazam-dusknoir,raging-bolt-ogerpon,5,4,1,10,0.5333333333333333
alakazam-dusknoir,rocket-mewtwo-ex,3,2,1,6,0.5555555555555556
alakazam-dusknoir,rockets-honchkrow,4,13,3,20,0.25
alakazam-dusknoir,seaking-pre,3,1,0,4,0.75
alakazam-dusknoir,sharpedo-toxtricity,6,8,3,17,0.4117647058823529
alakazam-dusknoir,slowking-scr,30,12,0,42,0.7142857142857143
basic-box-m,alakazam-dudunsparce,94,112,30,236,0.4406779661016949
basic-box-m,alakazam-dusknoir,14,35,1,50,0.2866666666666667
basic-box-m,basic-box-m,95,95,12,202,0.4900990099009901
basic-box-m,crustle-dri,58,72,19,149,0.43176733780760623
basic-box-m,cynthia-garchomp-ex,41,12,4,57,0.7426900584795322
basic-box-m,dhelmise-pbl,65,32,21,118,0.6101694915254238
basic-box-m,dragapult-blaziken,90,65,35,190,0.5350877192982456
basic-box-m,dragapult-dudunsparce,5,2,5,12,0.5555555555555556
basic-box-m,dragapult-dusknoir,113,89,32,234,0.5284900284900285
basic-box-m,dragapult-ex,344,275,111,730,0.5219178082191781
basic-box-m,ethan-typhlosion,7,6,1,14,0.5238095238095238
basic-box-m,festival-lead,56,56,14,126,0.48148148148148145
basic-box-m,grimmsnarl-froslass,20,15,6,41,0.5365853658536586
basic-box-m,lopunny-dudunsparce,36,25,5,66,0.5707070707070707
basic-box-m,lopunny-dusknoir,41,21,3,65,0.6461538461538462
basic-box-m,lucario-hariyama,57,26,2,85,0.6784313725490195
basic-box-m,mega-chandelure-ex,18,1,6,25,0.8
basic-box-m,mega-excadrill-ex,96,77,17,190,0.5350877192982456
basic-box-m,mega-greninja-ex,12,7,1,20,0.6166666666666667
basic-box-m,mega-lucario-ex,21,20,0,41,0.5121951219512195
basic-box-m,mega-venusaur-ex,7,10,0,17,0.4117647058823529
basic-box-m,n-zoroark,154,159,27,340,0.47941176470588237
basic-box-m,ogerpon-meganium-hydrapple,33,75,14,122,0.30874316939890706
basic-box-m,other,13,7,4,24,0.5972222222222222
basic-box-m,raging-bolt-ogerpon,13,12,3,28,0.5
basic-box-m,rocket-mewtwo-ex,29,8,3,40,0.75
basic-box-m,rockets-honchkrow,30,47,4,81,0.38683127572016457
basic-box-m,seaking-pre,8,12,4,24,0.3888888888888889
basic-box-m,sharpedo-toxtricity,41,16,2,59,0.7062146892655367
basic-box-m,slowking-scr,109,100,26,235,0.5007092198581561
crustle-dri,alakazam-dudunsparce,65,40,14,119,0.5854341736694678
crustle-dri,alakazam-dusknoir,22,9,4,35,0.6666666666666666
crustle-dri,basic-box-m,72,58,19,149,0.5257270693512304
crustle-dri,crustle-dri,49,49,12,110,0.4818181818181818
crustle-dri,cynthia-garchomp-ex,20,11,3,34,0.6176470588235294
crustle-dri,dhelmise-pbl,26,26,13,65,0.4666666666666667
crustle-dri,dragapult-blaziken,63,28,17,108,0.6358024691358025
crustle-dri,dragapult-dudunsparce,8,7,1,16,0.5208333333333334
crustle-dri,dragapult-dusknoir,73,64,35,172,0.4922480620155039
crustle-dri,dragapult-ex,294,101,77,472,0.6772598870056498
crustle-dri,ethan-typhlosion,1,4,2,7,0.23809523809523808
crustle-dri,festival-lead,14,62,13,89,0.20599250936329586
crustle-dri,grimmsnarl-froslass,5,12,7,24,0.3055555555555556
crustle-dri,lopunny-dudunsparce,3,28,7,38,0.14035087719298248
crustle-dri,lopunny-dusknoir,5,24,5,34,0.19607843137254902
crustle-dri,lucario-hariyama,12,31,7,50,0.2866666666666667
crustle-dri,mega-chandelure-ex,0,15,0,15,0.0
crustle-dri,mega-excadrill-ex,17,77,15,109,0.2018348623853211
crustle-dri,mega-greninja-ex,9,6,2,17,0.5686274509803921
crustle-dri,mega-lucario-ex,10,6,5,21,0.5555555555555556
crustle-dri,mega-venusaur-ex,8,3,0,11,0.7272727272727273
crustle-dri,n-zoroark,104,48,33,185,0.6216216216216216
crustle-dri,ogerpon-meganium-hydrapple,25,22,14,61,0.4863387978142077
crustle-dri,other,5,7,1,13,0.41025641025641024
crustle-dri,raging-bolt-ogerpon,12,2,1,15,0.8222222222222223
crustle-dri,rocket-mewtwo-ex,6,13,4,23,0.3188405797101449
crustle-dri,rockets-honchkrow,5,37,6,48,0.14583333333333334
crustle-dri,seaking-pre,1,9,2,12,0.13888888888888887
crustle-dri,sharpedo-toxtricity,14,12,12,38,0.47368421052631576
crustle-dri,slowking-scr,33,86,19,138,0.285024154589372
cynthia-garchomp-ex,alakazam-dudunsparce,24,14,14,52,0.5512820512820513
cynthia-garchomp-ex,alakazam-dusknoir,3,7,0,10,0.3
cynthia-garchomp-ex,basic-box-m,12,41,4,57,0.23391812865497078
cynthia-garchomp-ex,crustle-dri,11,20,3,34,0.35294117647058826
cynthia-garchomp-ex,cynthia-garchomp-ex,6,6,0,12,0.5
cynthia-garchomp-ex,dhelmise-pbl,13,12,4,29,0.4942528735632184
cynthia-garchomp-ex,dragapult-blaziken,17,10,5,32,0.5833333333333334
cynthia-garchomp-ex,dragapult-dudunsparce,2,0,1,3,0.7777777777777778
cynthia-garchomp-ex,dragapult-dusknoir,23,21,2,46,0.5144927536231885
cynthia-garchomp-ex,dragapult-ex,61,61,41,163,0.45807770961145194
cynthia-garchomp-ex,ethan-typhlosion,2,1,1,4,0.5833333333333334
cynthia-garchomp-ex,festival-lead,4,19,1,24,0.18055555555555555
cynthia-garchomp-ex,grimmsnarl-froslass,4,3,2,9,0.5185185185185186
cynthia-garchomp-ex,lopunny-dudunsparce,11,4,1,16,0.7083333333333334
cynthia-garchomp-ex,lopunny-dusknoir,2,7,0,9,0.2222222222222222
cynthia-garchomp-ex,lucario-hariyama,6,12,1,19,0.3333333333333333
cynthia-garchomp-ex,mega-chandelure-ex,3,3,1,7,0.4761904761904762
cynthia-garchomp-ex,mega-excadrill-ex,20,14,9,43,0.5348837209302325
cynthia-garchomp-ex,mega-greninja-ex,6,3,0,9,0.6666666666666666
cynthia-garchomp-ex,mega-lucario-ex,9,3,1,13,0.717948717948718
cynthia-garchomp-ex,mega-venusaur-ex,0,6,0,6,0.0
cynthia-garchomp-ex,n-zoroark,38,15,14,67,0.6368159203980099
cynthia-garchomp-ex,ogerpon-meganium-hydrapple,2,17,2,21,0.12698412698412698
cynthia-garchomp-ex,other,4,3,1,8,0.5416666666666666
cynthia-garchomp-ex,raging-bolt-ogerpon,2,3,0,5,0.4
cynthia-garchomp-ex,rocket-mewtwo-ex,6,6,1,13,0.48717948717948717
cynthia-garchomp-ex,rockets-honchkrow,11,6,4,21,0.5873015873015873
cynthia-garchomp-ex,seaking-pre,1,1,0,2,0.5
cynthia-garchomp-ex,sharpedo-toxtricity,10,2,2,14,0.7619047619047619
cynthia-garchomp-ex,slowking-scr,14,33,4,51,0.3006535947712418
dhelmise-pbl,alakazam-dudunsparce,73,22,17,112,0.7023809523809524
dhelmise-pbl,alakazam-dusknoir,15,3,2,20,0.7833333333333333
dhelmise-pbl,basic-box-m,32,65,21,118,0.3305084745762712
dhelmise-pbl,crustle-dri,26,26,13,65,0.4666666666666667
dhelmise-pbl,cynthia-garchomp-ex,12,13,4,29,0.45977011494252873
dhelmise-pbl,dhelmise-pbl,21,21,20,62,0.44623655913978494
dhelmise-pbl,dragapult-blaziken,22,59,21,102,0.28431372549019607
dhelmise-pbl,dragapult-dudunsparce,2,0,0,2,1.0
dhelmise-pbl,dragapult-dusknoir,75,40,19,134,0.6069651741293532
dhelmise-pbl,dragapult-ex,157,144,62,363,0.4894398530762167
dhelmise-pbl,ethan-typhlosion,6,2,1,9,0.7037037037037037
dhelmise-pbl,festival-lead,23,32,15,70,0.4
dhelmise-pbl,grimmsnarl-froslass,6,19,6,31,0.25806451612903225
dhelmise-pbl,lopunny-dudunsparce,9,23,1,33,0.2828282828282829
dhelmise-pbl,lopunny-dusknoir,17,4,1,22,0.7878787878787878
dhelmise-pbl,lucario-hariyama,57,0,4,61,0.9562841530054645
dhelmise-pbl,mega-chandelure-ex,6,5,2,13,0.5128205128205129
dhelmise-pbl,mega-excadrill-ex,36,53,13,102,0.39542483660130723
dhelmise-pbl,mega-greninja-ex,4,6,5,15,0.3777777777777778
dhelmise-pbl,mega-lucario-ex,26,1,4,31,0.8817204301075269
dhelmise-pbl,mega-venusaur-ex,1,2,3,6,0.3333333333333333
dhelmise-pbl,n-zoroark,20,113,21,154,0.17532467532467533
dhelmise-pbl,ogerpon-meganium-hydrapple,9,34,12,55,0.23636363636363636
dhelmise-pbl,other,5,14,3,22,0.2727272727272727
dhelmise-pbl,raging-bolt-ogerpon,7,4,6,17,0.5294117647058824
dhelmise-pbl,rocket-mewtwo-ex,8,8,5,21,0.4603174603174603
dhelmise-pbl,rockets-honchkrow,21,7,5,33,0.6868686868686869
dhelmise-pbl,seaking-pre,8,3,2,13,0.6666666666666666
dhelmise-pbl,sharpedo-toxtricity,2,15,9,26,0.19230769230769232
dhelmise-pbl,slowking-scr,63,32,23,118,0.5988700564971752
dragapult-blaziken,alakazam-dudunsparce,93,48,31,172,0.6007751937984496
dragapult-blaziken,alakazam-dusknoir,23,19,4,46,0.5289855072463768
dragapult-blaziken,basic-box-m,65,90,35,190,0.4035087719298246
dragapult-blaziken,crustle-dri,28,63,17,108,0.3117283950617284
dragapult-blaziken,cynthia-garchomp-ex,10,17,5,32,0.3645833333333333
dragapult-blaziken,dhelmise-pbl,59,22,21,102,0.6470588235294118
dragapult-blaziken,dragapult-blaziken,55,55,20,130,0.47435897435897434
dragapult-blaziken,dragapult-dudunsparce,4,7,3,14,0.35714285714285715
dragapult-blaziken,dragapult-dusknoir,82,80,31,193,0.4784110535405872
dragapult-blaziken,dragapult-ex,207,265,100,572,0.4201631701631702
dragapult-blaziken,ethan-typhlosion,18,3,4,25,0.7733333333333333
dragapult-blaziken,festival-lead,51,35,20,106,0.5440251572327044
dragapult-blaziken,grimmsnarl-froslass,12,17,4,33,0.40404040404040403
dragapult-blaziken,lopunny-dudunsparce,26,16,14,56,0.5476190476190477
dragapult-blaziken,lopunny-dusknoir,11,15,4,30,0.41111111111111115
dragapult-blaziken,lucario-hariyama,26,28,16,70,0.4476190476190476
dragapult-blaziken,mega-chandelure-ex,4,12,7,23,0.2753623188405797
dragapult-blaziken,mega-excadrill-ex,83,23,24,130,0.7
dragapult-blaziken,mega-greninja-ex,6,2,3,11,0.6363636363636364
dragapult-blaziken,mega-lucario-ex,13,9,7,29,0.5287356321839081
dragapult-blaziken,mega-venusaur-ex,9,4,5,18,0.5925925925925926
dragapult-blaziken,n-zoroark,62,118,34,214,0.3426791277258567
dragapult-blaziken,ogerpon-meganium-hydrapple,58,21,9,88,0.6931818181818182
dragapult-blaziken,other,10,4,3,17,0.6470588235294118
dragapult-blaziken,raging-bolt-ogerpon,13,11,5,29,0.5057471264367815
dragapult-blaziken,rocket-mewtwo-ex,12,16,4,32,0.4166666666666667
dragapult-blaziken,rockets-honchkrow,20,19,11,50,0.4733333333333334
dragapult-blaziken,seaking-pre,8,5,3,16,0.5625
dragapult-blaziken,sharpedo-toxtricity,9,24,5,38,0.2807017543859649
dragapult-blaziken,slowking-scr,74,82,27,183,0.453551912568306
dragapult-dudunsparce,alakazam-dudunsparce,4,8,2,14,0.33333333333333337
dragapult-dudunsparce,alakazam-dusknoir,1,3,0,4,0.25
dragapult-dudunsparce,basic-box-m,2,5,5,12,0.3055555555555556
dragapult-dudunsparce,crustle-dri,7,8,1,16,0.4583333333333333
dragapult-dudunsparce,cynthia-garchomp-ex,0,2,1,3,0.1111111111111111
dragapult-dudunsparce,dhelmise-pbl,0,2,0,2,0.0
dragapult-dudunsparce,dragapult-blaziken,7,4,3,14,0.5714285714285714
dragapult-dudunsparce,dragapult-dudunsparce,1,1,0,2,0.5
dragapult-dudunsparce,dragapult-dusknoir,12,8,3,23,0.5652173913043478
dragapult-dudunsparce,dragapult-ex,19,34,3,56,0.35714285714285715
dragapult-dudunsparce,ethan-typhlosion,1,0,0,1,1.0
dragapult-dudunsparce,festival-lead,7,3,4,14,0.5952380952380952
dragapult-dudunsparce,grimmsnarl-froslass,0,2,0,2,0.0
dragapult-dudunsparce,lopunny-dudunsparce,1,1,1,3,0.4444444444444444
dragapult-dudunsparce,lopunny-dusknoir,1,3,0,4,0.25
dragapult-dudunsparce,lucario-hariyama,1,3,0,4,0.25
dragapult-dudunsparce,mega-chandelure-ex,1,0,1,2,0.6666666666666666
dragapult-dudunsparce,mega-excadrill-ex,4,7,2,13,0.358974358974359
dragapult-dudunsparce,mega-lucario-ex,2,1,0,3,0.6666666666666666
dragapult-dudunsparce,mega-venusaur-ex,4,0,0,4,1.0
dragapult-dudunsparce,n-zoroark,6,8,1,15,0.4222222222222222
dragapult-dudunsparce,ogerpon-meganium-hydrapple,5,0,2,7,0.8095238095238095
dragapult-dudunsparce,other,2,0,0,2,1.0
dragapult-dudunsparce,raging-bolt-ogerpon,2,2,1,5,0.4666666666666667
dragapult-dudunsparce,rockets-honchkrow,4,4,3,11,0.45454545454545453
dragapult-dudunsparce,seaking-pre,0,1,0,1,0.0
dragapult-dudunsparce,sharpedo-toxtricity,1,3,0,4,0.25
dragapult-dudunsparce,slowking-scr,12,9,0,21,0.5714285714285714
dragapult-dusknoir,alakazam-dudunsparce,114,80,41,235,0.5432624113475177
dragapult-dusknoir,alakazam-dusknoir,27,30,1,58,0.47126436781609193
dragapult-dusknoir,basic-box-m,89,113,32,234,0.42592592592592593
dragapult-dusknoir,crustle-dri,64,73,35,172,0.43992248062015504
dragapult-dusknoir,cynthia-garchomp-ex,21,23,2,46,0.4710144927536232
dragapult-dusknoir,dhelmise-pbl,40,75,19,134,0.345771144278607
dragapult-dusknoir,dragapult-blaziken,80,82,31,193,0.46804835924006905
dragapult-dusknoir,dragapult-dudunsparce,8,12,3,23,0.391304347826087
dragapult-dusknoir,dragapult-dusknoir,131,133,18,282,0.4858156028368794
dragapult-dusknoir,dragapult-ex,253,374,82,709,0.39539257169722614
dragapult-dusknoir,ethan-typhlosion,13,3,3,19,0.7368421052631579
dragapult-dusknoir,festival-lead,89,37,10,136,0.6789215686274509
dragapult-dusknoir,grimmsnarl-froslass,24,20,7,51,0.5163398692810457
dragapult-dusknoir,lopunny-dudunsparce,36,32,10,78,0.5042735042735043
dragapult-dusknoir,lopunny-dusknoir,14,38,4,56,0.27380952380952384
dragapult-dusknoir,lucario-hariyama,39,44,5,88,0.4621212121212121
dragapult-dusknoir,mega-chandelure-ex,8,11,3,22,0.4090909090909091
dragapult-dusknoir,mega-excadrill-ex,89,86,25,200,0.48666666666666664
dragapult-dusknoir,mega-greninja-ex,17,10,2,29,0.6091954022988506
dragapult-dusknoir,mega-lucario-ex,19,19,10,48,0.46527777777777773
dragapult-dusknoir,mega-venusaur-ex,12,8,4,24,0.5555555555555556
dragapult-dusknoir,n-zoroark,96,147,60,303,0.38283828382838286
dragapult-dusknoir,ogerpon-meganium-hydrapple,72,37,11,120,0.6305555555555556
dragapult-dusknoir,other,19,12,3,34,0.5882352941176471
dragapult-dusknoir,raging-bolt-ogerpon,20,10,0,30,0.6666666666666666
dragapult-dusknoir,rocket-mewtwo-ex,25,15,5,45,0.5925925925925927
dragapult-dusknoir,rockets-honchkrow,39,28,10,77,0.5497835497835498
dragapult-dusknoir,seaking-pre,19,9,0,28,0.6785714285714286
dragapult-dusknoir,sharpedo-toxtricity,33,24,11,68,0.5392156862745098
dragapult-dusknoir,slowking-scr,86,112,35,233,0.41917024320457796
dragapult-ex,alakazam-dudunsparce,358,172,127,657,0.6093353627600203
dragapult-ex,alakazam-dusknoir,79,64,16,159,0.530398322851153
dragapult-ex,basic-box-m,275,344,111,730,0.4273972602739726
dragapult-ex,crustle-dri,101,294,77,472,0.268361581920904
dragapult-ex,cynthia-garchomp-ex,61,61,41,163,0.45807770961145194
dragapult-ex,dhelmise-pbl,144,157,62,363,0.45362718089990817
dragapult-ex,dragapult-blaziken,265,207,100,572,0.5215617715617715
dragapult-ex,dragapult-dudunsparce,34,19,3,56,0.625
dragapult-ex,dragapult-dusknoir,372,255,82,709,0.5632346027268453
dragapult-ex,dragapult-ex,976,978,336,2290,0.47510917030567684
dragapult-ex,ethan-typhlosion,52,14,11,77,0.7229437229437229
dragapult-ex,festival-lead,217,119,55,391,0.6018755328218244
dragapult-ex,grimmsnarl-froslass,71,43,20,134,0.5796019900497513
dragapult-ex,lopunny-dudunsparce,99,69,40,208,0.5400641025641025
dragapult-ex,lopunny-dusknoir,50,74,24,148,0.3918918918918919
dragapult-ex,lucario-hariyama,164,84,34,282,0.6217494089834515
dragapult-ex,mega-chandelure-ex,27,19,18,64,0.515625
dragapult-ex,mega-excadrill-ex,223,220,108,551,0.47005444646098005
dragapult-ex,mega-greninja-ex,41,9,8,58,0.7528735632183907
dragapult-ex,mega-lucario-ex,69,37,20,126,0.6005291005291006
dragapult-ex,mega-venusaur-ex,25,8,10,43,0.6589147286821705
dragapult-ex,n-zoroark,303,381,164,848,0.42177672955974843
dragapult-ex,ogerpon-meganium-hydrapple,201,94,55,350,0.6266666666666667
dragapult-ex,other,65,19,12,96,0.71875
dragapult-ex,raging-bolt-ogerpon,56,37,17,110,0.5606060606060606
dragapult-ex,rocket-mewtwo-ex,54,22,19,95,0.6350877192982456
dragapult-ex,rockets-honchkrow,109,54,57,220,0.5818181818181818
dragapult-ex,seaking-pre,33,19,9,61,0.5901639344262295
dragapult-ex,sharpedo-toxtricity,71,72,33,176,0.4659090909090909
dragapult-ex,slowking-scr,238,295,131,664,0.4241967871485944
ethan-typhlosion,alakazam-dudunsparce,2,6,3,11,0.2727272727272727
ethan-typhlosion,alakazam-dusknoir,0,4,0,4,0.0
ethan-typhlosion,basic-box-m,6,7,1,14,0.4523809523809524
ethan-typhlosion,crustle-dri,4,1,2,7,0.6666666666666667
ethan-typhlosion,cynthia-garchomp-ex,1,2,1,4,0.3333333333333333
ethan-typhlosion,dhelmise-pbl,2,6,1,9,0.2592592592592593
ethan-typhlosion,dragapult-blaziken,3,18,4,25,0.1733333333333333
ethan-typhlosion,dragapult-dudunsparce,0,1,0,1,0.0
ethan-typhlosion,dragapult-dusknoir,3,13,3,19,0.21052631578947367
ethan-typhlosion,dragapult-ex,13,53,11,77,0.21645021645021648
ethan-typhlosion,ethan-typhlosion,1,1,2,4,0.41666666666666663
ethan-typhlosion,festival-lead,3,12,1,16,0.20833333333333334
ethan-typhlosion,grimmsnarl-froslass,0,2,1,3,0.1111111111111111
ethan-typhlosion,lopunny-dudunsparce,0,5,1,6,0.05555555555555555
ethan-typhlosion,lopunny-dusknoir,0,0,1,1,0.3333333333333333
ethan-typhlosion,lucario-hariyama,5,5,0,10,0.5
ethan-typhlosion,mega-chandelure-ex,3,1,0,4,0.75
ethan-typhlosion,mega-excadrill-ex,13,1,0,14,0.9285714285714286
ethan-typhlosion,mega-greninja-ex,2,2,0,4,0.5
ethan-typhlosion,mega-lucario-ex,0,2,0,2,0.0
ethan-typhlosion,mega-venusaur-ex,4,0,0,4,1.0
ethan-typhlosion,n-zoroark,8,3,3,14,0.6428571428571429
ethan-typhlosion,ogerpon-meganium-hydrapple,8,2,2,12,0.7222222222222222
ethan-typhlosion,other,4,3,0,7,0.5714285714285714
ethan-typhlosion,raging-bolt-ogerpon,2,1,1,4,0.5833333333333334
ethan-typhlosion,rocket-mewtwo-ex,1,0,0,1,1.0
ethan-typhlosion,rockets-honchkrow,2,6,2,10,0.26666666666666666
ethan-typhlosion,seaking-pre,0,2,0,2,0.0
ethan-typhlosion,sharpedo-toxtricity,1,2,0,3,0.3333333333333333
ethan-typhlosion,slowking-scr,8,7,1,16,0.5208333333333334
festival-lead,alakazam-dudunsparce,51,43,24,118,0.5
festival-lead,alakazam-dusknoir,14,20,6,40,0.4
festival-lead,basic-box-m,56,56,14,126,0.48148148148148145
festival-lead,crustle-dri,62,14,13,89,0.745318352059925
festival-lead,cynthia-garchomp-ex,19,4,1,24,0.8055555555555555
festival-lead,dhelmise-pbl,32,23,15,70,0.5285714285714286
festival-lead,dragapult-blaziken,35,51,20,106,0.3930817610062893
festival-lead,dragapult-dudunsparce,3,7,4,14,0.3095238095238095
festival-lead,dragapult-dusknoir,37,89,10,136,0.2965686274509804
festival-lead,dragapult-ex,119,217,55,391,0.3512361466325661
festival-lead,ethan-typhlosion,12,3,1,16,0.7708333333333334
festival-lead,festival-lead,29,29,4,62,0.48924731182795694
festival-lead,grimmsnarl-froslass,14,12,1,27,0.5308641975308642
festival-lead,lopunny-dudunsparce,21,7,8,36,0.6574074074074074
festival-lead,lopunny-dusknoir,10,20,1,31,0.33333333333333337
festival-lead,lucario-hariyama,34,6,4,44,0.8030303030303031
festival-lead,mega-chandelure-ex,6,3,2,11,0.6060606060606061
festival-lead,mega-excadrill-ex,31,51,18,100,0.37
festival-lead,mega-greninja-ex,10,5,0,15,0.6666666666666666
festival-lead,mega-lucario-ex,10,8,4,22,0.5151515151515151
festival-lead,mega-venusaur-ex,4,0,1,5,0.8666666666666666
festival-lead,n-zoroark,132,28,18,178,0.7752808988764045
festival-lead,ogerpon-meganium-hydrapple,28,27,14,69,0.47342995169082125
festival-lead,other,13,5,5,23,0.6376811594202898
festival-lead,raging-bolt-ogerpon,8,5,5,18,0.537037037037037
festival-lead,rocket-mewtwo-ex,9,1,2,12,0.8055555555555555
festival-lead,rockets-honchkrow,30,6,2,38,0.8070175438596492
festival-lead,seaking-pre,7,7,0,14,0.5
festival-lead,sharpedo-toxtricity,24,3,2,29,0.8505747126436782
festival-lead,slowking-scr,57,59,16,132,0.47222222222222227
grimmsnarl-froslass,alakazam-dudunsparce,18,23,2,43,0.434108527131783
grimmsnarl-froslass,alakazam-dusknoir,2,3,0,5,0.4
grimmsnarl-froslass,basic-box-m,15,20,6,41,0.4146341463414634
grimmsnarl-froslass,crustle-dri,12,5,7,24,0.5972222222222222
grimmsnarl-froslass,cynthia-garchomp-ex,3,4,2,9,0.4074074074074074
grimmsnarl-froslass,dhelmise-pbl,19,6,6,31,0.6774193548387096
grimmsnarl-froslass,dragapult-blaziken,17,12,4,33,0.5555555555555555
grimmsnarl-froslass,dragapult-dudunsparce,2,0,0,2,1.0
grimmsnarl-froslass,dragapult-dusknoir,20,24,7,51,0.43790849673202614
grimmsnarl-froslass,dragapult-ex,43,71,20,134,0.3706467661691542
grimmsnarl-froslass,ethan-typhlosion,2,0,1,3,0.7777777777777778
grimmsnarl-froslass,festival-lead,12,14,1,27,0.45679012345679015
grimmsnarl-froslass,grimmsnarl-froslass,1,1,0,2,0.5
grimmsnarl-froslass,lopunny-dudunsparce,1,7,2,10,0.16666666666666666
grimmsnarl-froslass,lopunny-dusknoir,4,4,1,9,0.48148148148148145
grimmsnarl-froslass,lucario-hariyama,9,12,3,24,0.4166666666666667
grimmsnarl-froslass,mega-chandelure-ex,3,1,2,6,0.611111111111111
grimmsnarl-froslass,mega-excadrill-ex,6,21,11,38,0.25438596491228066
grimmsnarl-froslass,mega-greninja-ex,0,4,2,6,0.1111111111111111
grimmsnarl-froslass,mega-lucario-ex,2,2,3,7,0.42857142857142855
grimmsnarl-froslass,mega-venusaur-ex,1,4,2,7,0.23809523809523808
grimmsnarl-froslass,n-zoroark,12,38,9,59,0.2542372881355932
grimmsnarl-froslass,ogerpon-meganium-hydrapple,7,9,4,20,0.4166666666666667
grimmsnarl-froslass,other,1,1,0,2,0.5
grimmsnarl-froslass,raging-bolt-ogerpon,0,4,2,6,0.1111111111111111
grimmsnarl-froslass,rocket-mewtwo-ex,3,1,1,5,0.6666666666666667
grimmsnarl-froslass,rockets-honchkrow,12,1,1,14,0.880952380952381
grimmsnarl-froslass,seaking-pre,3,1,0,4,0.75
grimmsnarl-froslass,sharpedo-toxtricity,1,4,0,5,0.2
grimmsnarl-froslass,slowking-scr,16,18,6,40,0.45
lopunny-dudunsparce,alakazam-dudunsparce,27,12,9,48,0.625
lopunny-dudunsparce,alakazam-dusknoir,13,2,2,17,0.8039215686274509
lopunny-dudunsparce,basic-box-m,25,36,5,66,0.40404040404040403
lopunny-dudunsparce,crustle-dri,28,3,7,38,0.7982456140350876
lopunny-dudunsparce,cynthia-garchomp-ex,4,11,1,16,0.2708333333333333
lopunny-dudunsparce,dhelmise-pbl,23,9,1,33,0.7070707070707071
lopunny-dudunsparce,dragapult-blaziken,16,26,14,56,0.36904761904761907
lopunny-dudunsparce,dragapult-dudunsparce,1,1,1,3,0.4444444444444444
lopunny-dudunsparce,dragapult-dusknoir,32,36,10,78,0.45299145299145305
lopunny-dudunsparce,dragapult-ex,69,99,40,208,0.3958333333333333
lopunny-dudunsparce,ethan-typhlosion,5,0,1,6,0.8888888888888888
lopunny-dudunsparce,festival-lead,7,21,8,36,0.2685185185185185
lopunny-dudunsparce,grimmsnarl-froslass,7,1,2,10,0.7666666666666667
lopunny-dudunsparce,lopunny-dudunsparce,4,4,2,10,0.4666666666666667
lopunny-dudunsparce,lopunny-dusknoir,16,4,3,23,0.7391304347826086
lopunny-dudunsparce,lucario-hariyama,13,18,2,33,0.41414141414141414
lopunny-dudunsparce,mega-chandelure-ex,5,1,1,7,0.7619047619047619
lopunny-dudunsparce,mega-excadrill-ex,15,25,4,44,0.37121212121212116
lopunny-dudunsparce,mega-greninja-ex,3,4,2,9,0.4074074074074074
lopunny-dudunsparce,mega-lucario-ex,5,7,0,12,0.4166666666666667
lopunny-dudunsparce,mega-venusaur-ex,3,1,0,4,0.75
lopunny-dudunsparce,n-zoroark,13,49,22,84,0.24206349206349204
lopunny-dudunsparce,ogerpon-meganium-hydrapple,17,19,9,45,0.4444444444444444
lopunny-dudunsparce,other,2,3,1,6,0.3888888888888889
lopunny-dudunsparce,raging-bolt-ogerpon,3,3,2,8,0.4583333333333333
lopunny-dudunsparce,rocket-mewtwo-ex,2,0,3,5,0.6
lopunny-dudunsparce,rockets-honchkrow,7,12,3,22,0.36363636363636365
lopunny-dudunsparce,seaking-pre,3,5,0,8,0.375
lopunny-dudunsparce,sharpedo-toxtricity,4,8,3,15,0.3333333333333333
lopunny-dudunsparce,slowking-scr,31,24,8,63,0.5343915343915343
lopunny-dusknoir,alakazam-dudunsparce,23,16,6,45,0.5555555555555556
lopunny-dusknoir,alakazam-dusknoir,9,3,0,12,0.75
lopunny-dusknoir,basic-box-m,21,41,3,65,0.3384615384615385
lopunny-dusknoir,crustle-dri,24,5,5,34,0.7549019607843137
lopunny-dusknoir,cynthia-garchomp-ex,7,2,0,9,0.7777777777777778
lopunny-dusknoir,dhelmise-pbl,4,17,1,22,0.19696969696969696
lopunny-dusknoir,dragapult-blaziken,15,11,4,30,0.5444444444444444
lopunny-dusknoir,dragapult-dudunsparce,3,1,0,4,0.75
lopunny-dusknoir,dragapult-dusknoir,38,14,4,56,0.7023809523809524
lopunny-dusknoir,dragapult-ex,74,50,24,148,0.5540540540540541
lopunny-dusknoir,ethan-typhlosion,0,0,1,1,0.3333333333333333
lopunny-dusknoir,festival-lead,20,10,1,31,0.6559139784946236
lopunny-dusknoir,grimmsnarl-froslass,4,4,1,9,0.48148148148148145
lopunny-dusknoir,lopunny-dudunsparce,4,16,3,23,0.21739130434782608
lopunny-dusknoir,lopunny-dusknoir,7,7,0,14,0.5
lopunny-dusknoir,lucario-hariyama,4,8,1,13,0.3333333333333333
lopunny-dusknoir,mega-chandelure-ex,1,3,1,5,0.26666666666666666
lopunny-dusknoir,mega-excadrill-ex,22,12,1,35,0.638095238095238
lopunny-dusknoir,mega-greninja-ex,4,1,0,5,0.8
lopunny-dusknoir,mega-lucario-ex,6,7,0,13,0.46153846153846156
lopunny-dusknoir,mega-venusaur-ex,2,1,0,3,0.6666666666666666
lopunny-dusknoir,n-zoroark,15,51,8,74,0.23873873873873874
lopunny-dusknoir,ogerpon-meganium-hydrapple,16,21,1,38,0.4298245614035087
lopunny-dusknoir,other,3,2,3,8,0.5
lopunny-dusknoir,raging-bolt-ogerpon,3,6,0,9,0.3333333333333333
lopunny-dusknoir,rocket-mewtwo-ex,3,2,0,5,0.6
lopunny-dusknoir,rockets-honchkrow,3,8,1,12,0.2777777777777778
lopunny-dusknoir,seaking-pre,7,1,0,8,0.875
lopunny-dusknoir,sharpedo-toxtricity,7,9,0,16,0.4375
lopunny-dusknoir,slowking-scr,26,34,4,64,0.4270833333333333
lucario-hariyama,alakazam-dudunsparce,43,27,14,84,0.5674603174603174
lucario-hariyama,alakazam-dusknoir,14,6,3,23,0.6521739130434783
lucario-hariyama,basic-box-m,26,57,2,85,0.3137254901960784
lucario-hariyama,crustle-dri,31,12,7,50,0.6666666666666667
lucario-hariyama,cynthia-garchomp-ex,12,6,1,19,0.6491228070175439
lucario-hariyama,dhelmise-pbl,0,57,4,61,0.02185792349726776
lucario-hariyama,dragapult-blaziken,28,26,16,70,0.4761904761904762
lucario-hariyama,dragapult-dudunsparce,3,1,0,4,0.75
lucario-hariyama,dragapult-dusknoir,44,39,5,88,0.5189393939393939
lucario-hariyama,dragapult-ex,84,164,34,282,0.3380614657210402
lucario-hariyama,ethan-typhlosion,5,5,0,10,0.5
lucario-hariyama,festival-lead,6,34,4,44,0.16666666666666666
lucario-hariyama,grimmsnarl-froslass,11,10,3,24,0.5
lucario-hariyama,lopunny-dudunsparce,18,13,2,33,0.5656565656565657
lucario-hariyama,lopunny-dusknoir,8,4,1,13,0.6410256410256411
lucario-hariyama,lucario-hariyama,21,21,10,52,0.46794871794871795
lucario-hariyama,mega-chandelure-ex,2,2,2,6,0.4444444444444444
lucario-hariyama,mega-excadrill-ex,32,18,9,59,0.5932203389830508
lucario-hariyama,mega-greninja-ex,10,0,1,11,0.9393939393939394
lucario-hariyama,mega-lucario-ex,14,11,3,28,0.5357142857142857
lucario-hariyama,mega-venusaur-ex,7,4,1,12,0.611111111111111
lucario-hariyama,n-zoroark,59,34,16,109,0.5902140672782874
lucario-hariyama,ogerpon-meganium-hydrapple,22,22,3,47,0.48936170212765956
lucario-hariyama,other,7,2,1,10,0.7333333333333333
lucario-hariyama,raging-bolt-ogerpon,13,8,3,24,0.5833333333333334
lucario-hariyama,rocket-mewtwo-ex,7,13,3,23,0.34782608695652173
lucario-hariyama,rockets-honchkrow,9,15,4,28,0.36904761904761907
lucario-hariyama,seaking-pre,2,10,1,13,0.1794871794871795
lucario-hariyama,sharpedo-toxtricity,11,8,5,24,0.5277777777777778
lucario-hariyama,slowking-scr,14,57,4,75,0.20444444444444446
mega-chandelure-ex,alakazam-dudunsparce,13,10,2,25,0.5466666666666666
mega-chandelure-ex,alakazam-dusknoir,1,4,1,6,0.2222222222222222
mega-chandelure-ex,basic-box-m,1,18,6,25,0.12
mega-chandelure-ex,crustle-dri,15,0,0,15,1.0
mega-chandelure-ex,cynthia-garchomp-ex,3,3,1,7,0.4761904761904762
mega-chandelure-ex,dhelmise-pbl,5,6,2,13,0.4358974358974359
mega-chandelure-ex,dragapult-blaziken,12,4,7,23,0.6231884057971014
mega-chandelure-ex,dragapult-dudunsparce,0,1,1,2,0.16666666666666666
mega-chandelure-ex,dragapult-dusknoir,11,8,3,22,0.5454545454545454
mega-chandelure-ex,dragapult-ex,19,27,18,64,0.390625
mega-chandelure-ex,ethan-typhlosion,1,3,0,4,0.25
mega-chandelure-ex,festival-lead,3,6,2,11,0.3333333333333333
mega-chandelure-ex,grimmsnarl-froslass,1,3,2,6,0.27777777777777773
mega-chandelure-ex,lopunny-dudunsparce,1,5,1,7,0.19047619047619047
mega-chandelure-ex,lopunny-dusknoir,3,1,1,5,0.6666666666666667
mega-chandelure-ex,lucario-hariyama,2,2,2,6,0.4444444444444444
mega-chandelure-ex,mega-excadrill-ex,8,2,2,12,0.7222222222222222
mega-chandelure-ex,mega-greninja-ex,0,1,0,1,0.0
mega-chandelure-ex,mega-lucario-ex,1,2,0,3,0.3333333333333333
mega-chandelure-ex,mega-venusaur-ex,2,0,0,2,1.0
mega-chandelure-ex,n-zoroark,9,17,7,33,0.3434343434343434
mega-chandelure-ex,ogerpon-meganium-hydrapple,3,4,0,7,0.42857142857142855
mega-chandelure-ex,other,4,2,0,6,0.6666666666666666
mega-chandelure-ex,raging-bolt-ogerpon,1,2,0,3,0.3333333333333333
mega-chandelure-ex,rocket-mewtwo-ex,2,1,0,3,0.6666666666666666
mega-chandelure-ex,rockets-honchkrow,3,2,0,5,0.6
mega-chandelure-ex,seaking-pre,1,0,1,2,0.6666666666666666
mega-chandelure-ex,sharpedo-toxtricity,2,6,1,9,0.2592592592592593
mega-chandelure-ex,slowking-scr,4,11,0,15,0.26666666666666666
mega-excadrill-ex,alakazam-dudunsparce,37,112,35,184,0.2644927536231884
mega-excadrill-ex,alakazam-dusknoir,5,34,0,39,0.1282051282051282
mega-excadrill-ex,basic-box-m,76,97,17,190,0.4298245614035088
mega-excadrill-ex,crustle-dri,77,17,15,109,0.7522935779816514
mega-excadrill-ex,cynthia-garchomp-ex,14,20,9,43,0.3953488372093023
mega-excadrill-ex,dhelmise-pbl,53,36,13,102,0.5620915032679739
mega-excadrill-ex,dragapult-blaziken,22,84,24,130,0.23076923076923078
mega-excadrill-ex,dragapult-dudunsparce,7,4,2,13,0.5897435897435898
mega-excadrill-ex,dragapult-dusknoir,86,89,25,200,0.4716666666666666
mega-excadrill-ex,dragapult-ex,220,223,108,551,0.4646098003629764
mega-excadrill-ex,ethan-typhlosion,1,13,0,14,0.07142857142857142
mega-excadrill-ex,festival-lead,51,31,18,100,0.57
mega-excadrill-ex,grimmsnarl-froslass,21,6,11,38,0.6491228070175439
mega-excadrill-ex,lopunny-dudunsparce,25,15,4,44,0.5984848484848485
mega-excadrill-ex,lopunny-dusknoir,12,22,1,35,0.3523809523809524
mega-excadrill-ex,lucario-hariyama,18,32,9,59,0.3559322033898305
mega-excadrill-ex,mega-chandelure-ex,2,8,2,12,0.2222222222222222
mega-excadrill-ex,mega-excadrill-ex,68,68,30,166,0.46987951807228917
mega-excadrill-ex,mega-greninja-ex,3,8,3,14,0.2857142857142857
mega-excadrill-ex,mega-lucario-ex,9,27,4,40,0.25833333333333336
mega-excadrill-ex,mega-venusaur-ex,5,5,5,15,0.4444444444444445
mega-excadrill-ex,n-zoroark,106,69,35,210,0.5603174603174603
mega-excadrill-ex,ogerpon-meganium-hydrapple,26,48,15,89,0.34831460674157305
mega-excadrill-ex,other,15,5,3,23,0.6956521739130435
mega-excadrill-ex,raging-bolt-ogerpon,17,13,0,30,0.5666666666666667
mega-excadrill-ex,rocket-mewtwo-ex,19,6,1,26,0.7435897435897435
mega-excadrill-ex,rockets-honchkrow,8,40,18,66,0.21212121212121213
mega-excadrill-ex,seaking-pre,5,6,2,13,0.4358974358974359
mega-excadrill-ex,sharpedo-toxtricity,29,14,2,45,0.6592592592592593
mega-excadrill-ex,slowking-scr,57,108,17,182,0.3443223443223443
mega-greninja-ex,alakazam-dudunsparce,12,15,7,34,0.4215686274509804
mega-greninja-ex,alakazam-dusknoir,3,1,0,4,0.75
mega-greninja-ex,basic-box-m,7,12,1,20,0.36666666666666664
mega-greninja-ex,crustle-dri,6,9,2,17,0.39215686274509803
mega-greninja-ex,cynthia-garchomp-ex,3,6,0,9,0.3333333333333333
mega-greninja-ex,dhelmise-pbl,6,4,5,15,0.5111111111111112
mega-greninja-ex,dragapult-blaziken,2,6,3,11,0.2727272727272727
mega-greninja-ex,dragapult-dusknoir,10,17,2,29,0.367816091954023
mega-greninja-ex,dragapult-ex,9,41,8,58,0.2011494252873563
mega-greninja-ex,ethan-typhlosion,2,2,0,4,0.5
mega-greninja-ex,festival-lead,5,10,0,15,0.3333333333333333
mega-greninja-ex,grimmsnarl-froslass,4,0,2,6,0.7777777777777778
mega-greninja-ex,lopunny-dudunsparce,4,3,2,9,0.5185185185185186
mega-greninja-ex,lopunny-dusknoir,1,4,0,5,0.2
mega-greninja-ex,lucario-hariyama,0,10,1,11,0.0303030303030303
mega-greninja-ex,mega-chandelure-ex,1,0,0,1,1.0
mega-greninja-ex,mega-excadrill-ex,8,3,3,14,0.6428571428571429
mega-greninja-ex,mega-greninja-ex,3,3,2,8,0.4583333333333333
mega-greninja-ex,mega-lucario-ex,4,1,0,5,0.8
mega-greninja-ex,mega-venusaur-ex,1,0,0,1,1.0
mega-greninja-ex,n-zoroark,6,13,7,26,0.32051282051282054
mega-greninja-ex,ogerpon-meganium-hydrapple,6,7,3,16,0.4375
mega-greninja-ex,other,0,1,2,3,0.2222222222222222
mega-greninja-ex,raging-bolt-ogerpon,2,8,1,11,0.21212121212121213
mega-greninja-ex,rocket-mewtwo-ex,2,1,0,3,0.6666666666666666
mega-greninja-ex,rockets-honchkrow,11,3,3,17,0.7058823529411765
mega-greninja-ex,seaking-pre,0,0,2,2,0.3333333333333333
mega-greninja-ex,sharpedo-toxtricity,4,0,1,5,0.8666666666666666
mega-greninja-ex,slowking-scr,7,13,1,21,0.3492063492063492
mega-lucario-ex,alakazam-dudunsparce,25,15,8,48,0.576388888888889
mega-lucario-ex,alakazam-dusknoir,6,4,0,10,0.6
mega-lucario-ex,basic-box-m,20,21,0,41,0.4878048780487805
mega-lucario-ex,crustle-dri,6,10,5,21,0.3650793650793651
mega-lucario-ex,cynthia-garchomp-ex,3,9,1,13,0.25641025641025644
mega-lucario-ex,dhelmise-pbl,1,26,4,31,0.07526881720430106
mega-lucario-ex,dragapult-blaziken,9,13,7,29,0.39080459770114945
mega-lucario-ex,dragapult-dudunsparce,1,2,0,3,0.3333333333333333
mega-lucario-ex,dragapult-dusknoir,19,19,10,48,0.46527777777777773
mega-lucario-ex,dragapult-ex,37,69,20,126,0.34656084656084657
mega-lucario-ex,ethan-typhlosion,2,0,0,2,1.0
mega-lucario-ex,festival-lead,8,10,4,22,0.42424242424242425
mega-lucario-ex,grimmsnarl-froslass,2,2,3,7,0.42857142857142855
mega-lucario-ex,lopunny-dudunsparce,7,5,0,12,0.5833333333333334
mega-lucario-ex,lopunny-dusknoir,7,6,0,13,0.5384615384615384
mega-lucario-ex,lucario-hariyama,11,14,3,28,0.42857142857142855
mega-lucario-ex,mega-chandelure-ex,1,2,0,3,0.3333333333333333
mega-lucario-ex,mega-excadrill-ex,27,9,4,40,0.7083333333333333
mega-lucario-ex,mega-greninja-ex,1,4,0,5,0.2
mega-lucario-ex,mega-lucario-ex,2,2,2,6,0.4444444444444444
mega-lucario-ex,mega-venusaur-ex,3,0,1,4,0.8333333333333334
mega-lucario-ex,n-zoroark,35,13,4,52,0.6987179487179488
mega-lucario-ex,ogerpon-meganium-hydrapple,6,8,2,16,0.4166666666666667
mega-lucario-ex,other,3,0,0,3,1.0
mega-lucario-ex,raging-bolt-ogerpon,1,2,0,3,0.3333333333333333
mega-lucario-ex,rocket-mewtwo-ex,0,5,1,6,0.05555555555555555
mega-lucario-ex,rockets-honchkrow,3,9,1,13,0.25641025641025644
mega-lucario-ex,seaking-pre,1,5,2,8,0.20833333333333331
mega-lucario-ex,sharpedo-toxtricity,4,2,0,6,0.6666666666666666
mega-lucario-ex,slowking-scr,9,32,0,41,0.21951219512195122
mega-venusaur-ex,alakazam-dudunsparce,4,14,3,21,0.23809523809523808
mega-venusaur-ex,alakazam-dusknoir,3,4,0,7,0.42857142857142855
mega-venusaur-ex,basic-box-m,10,7,0,17,0.5882352941176471
mega-venusaur-ex,crustle-dri,3,8,0,11,0.2727272727272727
mega-venusaur-ex,cynthia-garchomp-ex,6,0,0,6,1.0
mega-venusaur-ex,dhelmise-pbl,2,1,3,6,0.5
mega-venusaur-ex,dragapult-blaziken,4,9,5,18,0.3148148148148148
mega-venusaur-ex,dragapult-dudunsparce,0,4,0,4,0.0
mega-venusaur-ex,dragapult-dusknoir,8,12,4,24,0.3888888888888889
mega-venusaur-ex,dragapult-ex,8,25,10,43,0.26356589147286824
mega-venusaur-ex,ethan-typhlosion,0,4,0,4,0.0
mega-venusaur-ex,festival-lead,0,4,1,5,0.06666666666666667
mega-venusaur-ex,grimmsnarl-froslass,4,1,2,7,0.6666666666666667
mega-venusaur-ex,lopunny-dudunsparce,1,3,0,4,0.25
mega-venusaur-ex,lopunny-dusknoir,1,2,0,3,0.3333333333333333
mega-venusaur-ex,lucario-hariyama,4,7,1,12,0.3611111111111111
mega-venusaur-ex,mega-chandelure-ex,0,2,0,2,0.0
mega-venusaur-ex,mega-excadrill-ex,5,5,5,15,0.4444444444444445
mega-venusaur-ex,mega-greninja-ex,0,1,0,1,0.0
mega-venusaur-ex,mega-lucario-ex,0,3,1,4,0.08333333333333333
mega-venusaur-ex,mega-venusaur-ex,1,1,0,2,0.5
mega-venusaur-ex,n-zoroark,9,11,5,25,0.42666666666666664
mega-venusaur-ex,ogerpon-meganium-hydrapple,5,4,2,11,0.5151515151515151
mega-venusaur-ex,other,3,2,0,5,0.6
mega-venusaur-ex,raging-bolt-ogerpon,0,1,0,1,0.0
mega-venusaur-ex,rocket-mewtwo-ex,1,0,0,1,1.0
mega-venusaur-ex,rockets-honchkrow,1,5,0,6,0.16666666666666666
mega-venusaur-ex,seaking-pre,0,0,1,1,0.3333333333333333
mega-venusaur-ex,sharpedo-toxtricity,0,2,0,2,0.0
mega-venusaur-ex,slowking-scr,9,5,7,21,0.5396825396825398
n-zoroark,alakazam-dudunsparce,117,83,46,246,0.537940379403794
n-zoroark,alakazam-dusknoir,29,27,11,67,0.4875621890547263
n-zoroark,basic-box-m,159,154,27,340,0.49411764705882355
n-zoroark,crustle-dri,48,104,33,185,0.31891891891891894
n-zoroark,cynthia-garchomp-ex,15,38,14,67,0.2935323383084577
n-zoroark,dhelmise-pbl,113,20,21,154,0.7792207792207793
n-zoroark,dragapult-blaziken,118,62,34,214,0.604361370716511
n-zoroark,dragapult-dudunsparce,8,6,1,15,0.5555555555555556
n-zoroark,dragapult-dusknoir,146,97,60,303,0.5478547854785478
n-zoroark,dragapult-ex,379,305,164,848,0.5113993710691824
n-zoroark,ethan-typhlosion,3,8,3,14,0.2857142857142857
n-zoroark,festival-lead,28,132,18,178,0.19101123595505617
n-zoroark,grimmsnarl-froslass,38,12,9,59,0.6949152542372882
n-zoroark,lopunny-dudunsparce,49,13,22,84,0.6706349206349207
n-zoroark,lopunny-dusknoir,51,15,8,74,0.7252252252252251
n-zoroark,lucario-hariyama,34,59,16,109,0.3608562691131499
n-zoroark,mega-chandelure-ex,17,9,7,33,0.5858585858585859
n-zoroark,mega-excadrill-ex,69,106,35,210,0.38412698412698415
n-zoroark,mega-greninja-ex,13,6,7,26,0.5897435897435898
n-zoroark,mega-lucario-ex,13,35,4,52,0.27564102564102566
n-zoroark,mega-venusaur-ex,11,9,5,25,0.5066666666666666
n-zoroark,n-zoroark,175,175,32,382,0.48603839441535773
n-zoroark,ogerpon-meganium-hydrapple,44,79,13,136,0.3553921568627451
n-zoroark,other,28,8,7,43,0.7054263565891472
n-zoroark,raging-bolt-ogerpon,28,15,5,48,0.6180555555555556
n-zoroark,rocket-mewtwo-ex,11,33,4,48,0.2569444444444445
n-zoroark,rockets-honchkrow,29,46,19,94,0.3758865248226951
n-zoroark,seaking-pre,3,11,6,20,0.25
n-zoroark,sharpedo-toxtricity,25,31,12,68,0.4264705882352941
n-zoroark,slowking-scr,156,120,54,330,0.5272727272727272
ogerpon-meganium-hydrapple,alakazam-dudunsparce,25,51,14,90,0.32962962962962966
ogerpon-meganium-hydrapple,alakazam-dusknoir,7,15,3,25,0.32
ogerpon-meganium-hydrapple,basic-box-m,75,33,14,122,0.6530054644808744
ogerpon-meganium-hydrapple,crustle-dri,22,25,14,61,0.43715846994535523
ogerpon-meganium-hydrapple,cynthia-garchomp-ex,17,2,2,21,0.8412698412698413
ogerpon-meganium-hydrapple,dhelmise-pbl,34,9,12,55,0.6909090909090909
ogerpon-meganium-hydrapple,dragapult-blaziken,21,58,9,88,0.2727272727272727
ogerpon-meganium-hydrapple,dragapult-dudunsparce,0,5,2,7,0.09523809523809523
ogerpon-meganium-hydrapple,dragapult-dusknoir,37,72,11,120,0.33888888888888885
ogerpon-meganium-hydrapple,dragapult-ex,93,202,55,350,0.3180952380952381
ogerpon-meganium-hydrapple,ethan-typhlosion,2,8,2,12,0.2222222222222222
ogerpon-meganium-hydrapple,festival-lead,27,28,14,69,0.4589371980676329
ogerpon-meganium-hydrapple,grimmsnarl-froslass,9,7,4,20,0.5166666666666667
ogerpon-meganium-hydrapple,lopunny-dudunsparce,19,17,9,45,0.4888888888888889
ogerpon-meganium-hydrapple,lopunny-dusknoir,21,16,1,38,0.5614035087719298
ogerpon-meganium-hydrapple,lucario-hariyama,22,22,3,47,0.48936170212765956
ogerpon-meganium-hydrapple,mega-chandelure-ex,4,3,0,7,0.5714285714285714
ogerpon-meganium-hydrapple,mega-excadrill-ex,47,27,15,89,0.5842696629213483
ogerpon-meganium-hydrapple,mega-greninja-ex,7,6,3,16,0.5
ogerpon-meganium-hydrapple,mega-lucario-ex,8,6,2,16,0.5416666666666666
ogerpon-meganium-hydrapple,mega-venusaur-ex,4,5,2,11,0.42424242424242425
ogerpon-meganium-hydrapple,n-zoroark,79,44,13,136,0.6127450980392156
ogerpon-meganium-hydrapple,ogerpon-meganium-hydrapple,24,24,2,50,0.49333333333333335
ogerpon-meganium-hydrapple,other,11,6,0,17,0.6470588235294118
ogerpon-meganium-hydrapple,raging-bolt-ogerpon,10,7,1,18,0.5740740740740741
ogerpon-meganium-hydrapple,rocket-mewtwo-ex,14,4,1,19,0.7543859649122807
ogerpon-meganium-hydrapple,rockets-honchkrow,12,12,6,30,0.4666666666666667
ogerpon-meganium-hydrapple,seaking-pre,2,7,2,11,0.2424242424242424
ogerpon-meganium-hydrapple,sharpedo-toxtricity,21,2,1,24,0.8888888888888888
ogerpon-meganium-hydrapple,slowking-scr,43,31,18,92,0.532608695652174
other,alakazam-dudunsparce,14,10,5,29,0.5402298850574713
other,alakazam-dusknoir,3,3,0,6,0.5
other,basic-box-m,7,13,4,24,0.34722222222222227
other,crustle-dri,7,5,1,13,0.5641025641025641
other,cynthia-garchomp-ex,3,4,1,8,0.4166666666666667
other,dhelmise-pbl,14,5,3,22,0.6818181818181818
other,dragapult-blaziken,4,10,3,17,0.29411764705882354
other,dragapult-dudunsparce,0,2,0,2,0.0
other,dragapult-dusknoir,12,19,3,34,0.38235294117647056
other,dragapult-ex,18,66,12,96,0.22916666666666666
other,ethan-typhlosion,3,4,0,7,0.42857142857142855
other,festival-lead,5,13,5,23,0.2898550724637681
other,grimmsnarl-froslass,1,1,0,2,0.5
other,lopunny-dudunsparce,3,2,1,6,0.5555555555555556
other,lopunny-dusknoir,2,3,3,8,0.375
other,lucario-hariyama,2,7,1,10,0.23333333333333334
other,mega-chandelure-ex,2,4,0,6,0.3333333333333333
other,mega-excadrill-ex,5,15,3,23,0.2608695652173913
other,mega-greninja-ex,1,0,2,3,0.5555555555555555
other,mega-lucario-ex,0,3,0,3,0.0
other,mega-venusaur-ex,2,3,0,5,0.4
other,n-zoroark,8,28,7,43,0.24031007751937986
other,ogerpon-meganium-hydrapple,6,11,0,17,0.35294117647058826
other,other,3,3,2,8,0.4583333333333333
other,raging-bolt-ogerpon,0,6,0,6,0.0
other,rocket-mewtwo-ex,3,6,0,9,0.3333333333333333
other,rockets-honchkrow,3,7,0,10,0.3
other,sharpedo-toxtricity,1,6,1,8,0.16666666666666666
other,slowking-scr,15,14,1,30,0.5111111111111112
raging-bolt-ogerpon,alakazam-dudunsparce,8,26,5,39,0.24786324786324784
raging-bolt-ogerpon,alakazam-dusknoir,4,5,1,10,0.4333333333333333
raging-bolt-ogerpon,basic-box-m,12,13,3,28,0.4642857142857143
raging-bolt-ogerpon,crustle-dri,2,12,1,15,0.15555555555555556
raging-bolt-ogerpon,cynthia-garchomp-ex,3,2,0,5,0.6
raging-bolt-ogerpon,dhelmise-pbl,4,7,6,17,0.35294117647058826
raging-bolt-ogerpon,dragapult-blaziken,11,13,5,29,0.43678160919540227
raging-bolt-ogerpon,dragapult-dudunsparce,2,2,1,5,0.4666666666666667
raging-bolt-ogerpon,dragapult-dusknoir,10,20,0,30,0.3333333333333333
raging-bolt-ogerpon,dragapult-ex,37,56,17,110,0.3878787878787879
raging-bolt-ogerpon,ethan-typhlosion,1,2,1,4,0.3333333333333333
raging-bolt-ogerpon,festival-lead,5,8,5,18,0.3703703703703704
raging-bolt-ogerpon,grimmsnarl-froslass,4,0,2,6,0.7777777777777778
raging-bolt-ogerpon,lopunny-dudunsparce,3,3,2,8,0.4583333333333333
raging-bolt-ogerpon,lopunny-dusknoir,6,3,0,9,0.6666666666666666
raging-bolt-ogerpon,lucario-hariyama,8,13,3,24,0.375
raging-bolt-ogerpon,mega-chandelure-ex,2,1,0,3,0.6666666666666666
raging-bolt-ogerpon,mega-excadrill-ex,13,17,0,30,0.43333333333333335
raging-bolt-ogerpon,mega-greninja-ex,8,2,1,11,0.7575757575757577
raging-bolt-ogerpon,mega-lucario-ex,2,1,0,3,0.6666666666666666
raging-bolt-ogerpon,mega-venusaur-ex,1,0,0,1,1.0
raging-bolt-ogerpon,n-zoroark,15,28,5,48,0.34722222222222227
raging-bolt-ogerpon,ogerpon-meganium-hydrapple,7,10,1,18,0.4074074074074074
raging-bolt-ogerpon,other,6,0,0,6,1.0
raging-bolt-ogerpon,raging-bolt-ogerpon,3,3,0,6,0.5
raging-bolt-ogerpon,rocket-mewtwo-ex,2,0,0,2,1.0
raging-bolt-ogerpon,rockets-honchkrow,1,3,2,6,0.27777777777777773
raging-bolt-ogerpon,seaking-pre,1,0,0,1,1.0
raging-bolt-ogerpon,sharpedo-toxtricity,5,2,0,7,0.7142857142857143
raging-bolt-ogerpon,slowking-scr,12,19,4,35,0.380952380952381
rocket-mewtwo-ex,alakazam-dudunsparce,26,4,7,37,0.7657657657657657
rocket-mewtwo-ex,alakazam-dusknoir,2,3,1,6,0.3888888888888889
rocket-mewtwo-ex,basic-box-m,8,29,3,40,0.225
rocket-mewtwo-ex,crustle-dri,13,6,4,23,0.6231884057971014
rocket-mewtwo-ex,cynthia-garchomp-ex,6,6,1,13,0.48717948717948717
rocket-mewtwo-ex,dhelmise-pbl,8,8,5,21,0.4603174603174603
rocket-mewtwo-ex,dragapult-blaziken,16,12,4,32,0.5416666666666666
rocket-mewtwo-ex,dragapult-dusknoir,15,25,5,45,0.3703703703703704
rocket-mewtwo-ex,dragapult-ex,22,54,19,95,0.2982456140350877
rocket-mewtwo-ex,ethan-typhlosion,0,1,0,1,0.0
rocket-mewtwo-ex,festival-lead,1,9,2,12,0.13888888888888887
rocket-mewtwo-ex,grimmsnarl-froslass,1,3,1,5,0.26666666666666666
rocket-mewtwo-ex,lopunny-dudunsparce,0,2,3,5,0.2
rocket-mewtwo-ex,lopunny-dusknoir,2,3,0,5,0.4
rocket-mewtwo-ex,lucario-hariyama,13,7,3,23,0.6086956521739131
rocket-mewtwo-ex,mega-chandelure-ex,1,2,0,3,0.3333333333333333
rocket-mewtwo-ex,mega-excadrill-ex,6,19,1,26,0.24358974358974358
rocket-mewtwo-ex,mega-greninja-ex,1,2,0,3,0.3333333333333333
rocket-mewtwo-ex,mega-lucario-ex,5,0,1,6,0.8888888888888888
rocket-mewtwo-ex,mega-venusaur-ex,0,1,0,1,0.0
rocket-mewtwo-ex,n-zoroark,33,11,4,48,0.7152777777777778
rocket-mewtwo-ex,ogerpon-meganium-hydrapple,4,14,1,19,0.22807017543859648
rocket-mewtwo-ex,other,6,3,0,9,0.6666666666666666
rocket-mewtwo-ex,raging-bolt-ogerpon,0,2,0,2,0.0
rocket-mewtwo-ex,rocket-mewtwo-ex,2,2,4,8,0.41666666666666663
rocket-mewtwo-ex,rockets-honchkrow,5,7,4,16,0.3958333333333333
rocket-mewtwo-ex,seaking-pre,0,2,0,2,0.0
rocket-mewtwo-ex,sharpedo-toxtricity,2,1,2,5,0.5333333333333333
rocket-mewtwo-ex,slowking-scr,12,24,5,41,0.3333333333333333
rockets-honchkrow,alakazam-dudunsparce,45,14,5,64,0.7291666666666666
rockets-honchkrow,alakazam-dusknoir,13,4,3,20,0.7
rockets-honchkrow,basic-box-m,47,30,4,81,0.5967078189300412
rockets-honchkrow,crustle-dri,37,5,6,48,0.8125
rockets-honchkrow,cynthia-garchomp-ex,6,11,4,21,0.3492063492063492
rockets-honchkrow,dhelmise-pbl,7,21,5,33,0.2626262626262626
rockets-honchkrow,dragapult-blaziken,19,20,11,50,0.45333333333333337
rockets-honchkrow,dragapult-dudunsparce,4,4,3,11,0.45454545454545453
rockets-honchkrow,dragapult-dusknoir,28,39,10,77,0.4069264069264069
rockets-honchkrow,dragapult-ex,54,109,57,220,0.33181818181818185
rockets-honchkrow,ethan-typhlosion,6,2,2,10,0.6666666666666667
rockets-honchkrow,festival-lead,6,30,2,38,0.1754385964912281
rockets-honchkrow,grimmsnarl-froslass,1,12,1,14,0.09523809523809523
rockets-honchkrow,lopunny-dudunsparce,12,7,3,22,0.5909090909090909
rockets-honchkrow,lopunny-dusknoir,8,3,1,12,0.6944444444444445
rockets-honchkrow,lucario-hariyama,15,9,4,28,0.5833333333333333
rockets-honchkrow,mega-chandelure-ex,2,3,0,5,0.4
rockets-honchkrow,mega-excadrill-ex,40,8,18,66,0.696969696969697
rockets-honchkrow,mega-greninja-ex,3,11,3,17,0.23529411764705882
rockets-honchkrow,mega-lucario-ex,9,3,1,13,0.717948717948718
rockets-honchkrow,mega-venusaur-ex,5,1,0,6,0.8333333333333334
rockets-honchkrow,n-zoroark,46,29,19,94,0.5567375886524822
rockets-honchkrow,ogerpon-meganium-hydrapple,12,12,6,30,0.4666666666666667
rockets-honchkrow,other,7,3,0,10,0.7
rockets-honchkrow,raging-bolt-ogerpon,2,2,2,6,0.4444444444444444
rockets-honchkrow,rocket-mewtwo-ex,7,5,4,16,0.5208333333333334
rockets-honchkrow,rockets-honchkrow,11,11,2,24,0.4861111111111111
rockets-honchkrow,seaking-pre,4,4,0,8,0.5
rockets-honchkrow,sharpedo-toxtricity,7,5,6,18,0.5
rockets-honchkrow,slowking-scr,18,41,10,69,0.30917874396135264
seaking-pre,alakazam-dudunsparce,11,3,7,21,0.634920634920635
seaking-pre,alakazam-dusknoir,1,3,0,4,0.25
seaking-pre,basic-box-m,12,8,4,24,0.5555555555555556
seaking-pre,crustle-dri,9,1,2,12,0.8055555555555555
seaking-pre,cynthia-garchomp-ex,1,1,0,2,0.5
seaking-pre,dhelmise-pbl,3,8,2,13,0.28205128205128205
seaking-pre,dragapult-blaziken,5,8,3,16,0.375
seaking-pre,dragapult-dudunsparce,1,0,0,1,1.0
seaking-pre,dragapult-dusknoir,9,19,0,28,0.32142857142857145
seaking-pre,dragapult-ex,19,33,9,61,0.36065573770491804
seaking-pre,ethan-typhlosion,2,0,0,2,1.0
seaking-pre,festival-lead,7,7,0,14,0.5
seaking-pre,grimmsnarl-froslass,1,3,0,4,0.25
seaking-pre,lopunny-dudunsparce,5,3,0,8,0.625
seaking-pre,lopunny-dusknoir,1,7,0,8,0.125
seaking-pre,lucario-hariyama,10,2,1,13,0.7948717948717949
seaking-pre,mega-chandelure-ex,0,1,1,2,0.16666666666666666
seaking-pre,mega-excadrill-ex,6,5,2,13,0.5128205128205129
seaking-pre,mega-greninja-ex,0,0,2,2,0.3333333333333333
seaking-pre,mega-lucario-ex,5,1,2,8,0.7083333333333334
seaking-pre,mega-venusaur-ex,0,0,1,1,0.3333333333333333
seaking-pre,n-zoroark,11,3,6,20,0.65
seaking-pre,ogerpon-meganium-hydrapple,7,2,2,11,0.696969696969697
seaking-pre,raging-bolt-ogerpon,0,1,0,1,0.0
seaking-pre,rocket-mewtwo-ex,2,0,0,2,1.0
seaking-pre,rockets-honchkrow,4,4,0,8,0.5
seaking-pre,seaking-pre,2,2,0,4,0.5
seaking-pre,sharpedo-toxtricity,4,0,2,6,0.7777777777777778
seaking-pre,slowking-scr,12,6,7,25,0.5733333333333334
sharpedo-toxtricity,alakazam-dudunsparce,34,10,6,50,0.72
sharpedo-toxtricity,alakazam-dusknoir,8,6,3,17,0.5294117647058824
sharpedo-toxtricity,basic-box-m,16,41,2,59,0.2824858757062147
sharpedo-toxtricity,crustle-dri,12,14,12,38,0.42105263157894735
sharpedo-toxtricity,cynthia-garchomp-ex,2,10,2,14,0.19047619047619047
sharpedo-toxtricity,dhelmise-pbl,15,2,9,26,0.6923076923076923
sharpedo-toxtricity,dragapult-blaziken,24,9,5,38,0.6754385964912281
sharpedo-toxtricity,dragapult-dudunsparce,3,1,0,4,0.75
sharpedo-toxtricity,dragapult-dusknoir,24,33,11,68,0.4068627450980392
sharpedo-toxtricity,dragapult-ex,72,71,33,176,0.4715909090909091
sharpedo-toxtricity,ethan-typhlosion,2,1,0,3,0.6666666666666666
sharpedo-toxtricity,festival-lead,3,24,2,29,0.1264367816091954
sharpedo-toxtricity,grimmsnarl-froslass,4,1,0,5,0.8
sharpedo-toxtricity,lopunny-dudunsparce,8,4,3,15,0.6
sharpedo-toxtricity,lopunny-dusknoir,9,7,0,16,0.5625
sharpedo-toxtricity,lucario-hariyama,8,11,5,24,0.40277777777777773
sharpedo-toxtricity,mega-chandelure-ex,6,2,1,9,0.7037037037037037
sharpedo-toxtricity,mega-excadrill-ex,14,29,2,45,0.3259259259259259
sharpedo-toxtricity,mega-greninja-ex,0,4,1,5,0.06666666666666667
sharpedo-toxtricity,mega-lucario-ex,2,4,0,6,0.3333333333333333
sharpedo-toxtricity,mega-venusaur-ex,2,0,0,2,1.0
sharpedo-toxtricity,n-zoroark,31,25,12,68,0.5147058823529411
sharpedo-toxtricity,ogerpon-meganium-hydrapple,2,21,1,24,0.09722222222222222
sharpedo-toxtricity,other,6,1,1,8,0.7916666666666666
sharpedo-toxtricity,raging-bolt-ogerpon,2,5,0,7,0.2857142857142857
sharpedo-toxtricity,rocket-mewtwo-ex,1,2,2,5,0.3333333333333333
sharpedo-toxtricity,rockets-honchkrow,5,7,6,18,0.3888888888888889
sharpedo-toxtricity,seaking-pre,0,4,2,6,0.1111111111111111
sharpedo-toxtricity,sharpedo-toxtricity,6,6,6,18,0.4444444444444444
sharpedo-toxtricity,slowking-scr,24,28,3,55,0.45454545454545453
slowking-scr,alakazam-dudunsparce,57,154,22,233,0.27610872675250353
slowking-scr,alakazam-dusknoir,12,30,0,42,0.2857142857142857
slowking-scr,basic-box-m,100,109,26,235,0.4624113475177305
slowking-scr,crustle-dri,86,33,19,138,0.6690821256038647
slowking-scr,cynthia-garchomp-ex,33,14,4,51,0.673202614379085
slowking-scr,dhelmise-pbl,32,63,23,118,0.33615819209039544
slowking-scr,dragapult-blaziken,82,74,27,183,0.4972677595628415
slowking-scr,dragapult-dudunsparce,9,12,0,21,0.42857142857142855
slowking-scr,dragapult-dusknoir,112,86,35,233,0.530758226037196
slowking-scr,dragapult-ex,295,238,131,664,0.5100401606425703
slowking-scr,ethan-typhlosion,7,8,1,16,0.4583333333333333
slowking-scr,festival-lead,59,57,16,132,0.48737373737373735
slowking-scr,grimmsnarl-froslass,18,16,6,40,0.5
slowking-scr,lopunny-dudunsparce,24,31,8,63,0.4232804232804233
slowking-scr,lopunny-dusknoir,34,26,4,64,0.5520833333333334
slowking-scr,lucario-hariyama,57,14,4,75,0.7777777777777778
slowking-scr,mega-chandelure-ex,11,4,0,15,0.7333333333333333
slowking-scr,mega-excadrill-ex,107,58,17,182,0.6190476190476191
slowking-scr,mega-greninja-ex,13,7,1,21,0.634920634920635
slowking-scr,mega-lucario-ex,32,9,0,41,0.7804878048780488
slowking-scr,mega-venusaur-ex,5,9,7,21,0.34920634920634924
slowking-scr,n-zoroark,119,157,54,330,0.41515151515151516
slowking-scr,ogerpon-meganium-hydrapple,31,43,18,92,0.40217391304347827
slowking-scr,other,14,15,1,30,0.4777777777777778
slowking-scr,raging-bolt-ogerpon,19,12,4,35,0.5809523809523809
slowking-scr,rocket-mewtwo-ex,24,12,5,41,0.6260162601626017
slowking-scr,rockets-honchkrow,41,18,10,69,0.6425120772946861
slowking-scr,seaking-pre,6,12,7,25,0.33333333333333337
slowking-scr,sharpedo-toxtricity,28,24,3,55,0.5272727272727272
slowking-scr,slowking-scr,112,112,28,252,0.48148148148148145
