,items,dragon,stadiums,ex_attackers,bench_snipe,cursed_blast,munkidori,share
dragapult-ex,19.425249169435215,0.5807862892908747,2.096345514950166,0.2205062574228776,1.0,0.0,0.9933554817275747,0.21347517730496454
n-zoroark,16.83206106870229,0.19737337858364493,3.0,0.30150234832011114,1.0,0.0,1.0,0.09290780141843971
basic-box-m,12.68141592920354,0.039485580403139785,3.6283185840707963,0.632245318982627,1.0,0.0,0.08849557522123894,0.08014184397163121
slowking-scr,14.990654205607477,0.09239165615638595,3.9906542056074765,0.2673966254522938,1.0,0.037383177570093455,0.27102803738317754,0.07588652482269503
dragapult-dusknoir,17.622222222222224,0.4967699992185118,1.8333333333333333,0.1785538560939019,1.0,1.0,0.5222222222222223,0.06382978723404255
dragapult-blaziken,17.596774193548388,0.46051756798601107,2.0483870967741935,0.23102683314815148,1.0,0.0,1.0,0.04397163120567376
alakazam-dudunsparce,14.894736842105264,0.0,3.7017543859649122,0.04802283428563087,1.0,0.017543859649122806,0.0,0.04042553191489362
crustle-dri,11.351851851851851,0.0,3.0,0.39898989898989884,0.0,0.0,0.0,0.03829787234042553
festival-lead,16.75925925925926,0.05634562911450783,4.055555555555555,0.0018077601410934744,0.0,0.0,0.0,0.03829787234042553
mega-excadrill-ex,12.0,0.0,0.8301886792452831,0.2995779375529056,0.9811320754716981,0.0,0.0,0.0375886524822695
ogerpon-meganium-hydrapple,11.761904761904763,0.0,3.642857142857143,0.33368893011750156,1.0,0.0,0.0,0.029787234042553193
dhelmise-pbl,12.35135135135135,0.006142506142506142,2.6486486486486487,0.054460626881916246,0.972972972972973,0.0,0.0,0.02624113475177305
rockets-honchkrow,15.833333333333334,0.0,3.033333333333333,0.002564102564102564,0.03333333333333333,0.0,0.0,0.02127659574468085
lucario-hariyama,17.884615384615383,0.0,2.3461538461538463,0.18328818369453043,0.0,0.0,0.0,0.018439716312056736
alakazam-dusknoir,19.03846153846154,0.0,0.15384615384615385,0.05594924677700597,1.0,1.0,0.0,0.018439716312056736
lopunny-dusknoir,16.652173913043477,0.0,1.391304347826087,0.26378152443369834,1.0,1.0,0.0,0.016312056737588652
sharpedo-toxtricity,14.2,0.08814118629908105,2.45,0.2375605680868839,1.0,0.0,1.0,0.014184397163120567
cynthia-garchomp-ex,16.45,0.0,0.65,0.1542680565048986,0.0,0.0,0.0,0.014184397163120567
lopunny-dudunsparce,15.0,0.0,3.0526315789473686,0.1943469354500803,0.0,0.0,0.0,0.01347517730496454
rocket-mewtwo-ex,14.0,0.0,2.909090909090909,0.12736185383244206,0.0,0.0,0.0,0.007801418439716312
seaking-pre,16.363636363636363,0.027773980405559354,4.0,0.0,0.0,0.0,0.0,0.007801418439716312
grimmsnarl-froslass,12.8,0.009307359307359308,3.7,0.1176289290419725,1.0,0.0,1.0,0.0070921985815602835
mega-lucario-ex,19.1,0.0,2.1,0.24854691876750704,0.1,0.0,0.0,0.0070921985815602835
raging-bolt-ogerpon,15.0,0.16488612836438923,2.7,0.7472981366459627,0.9,0.0,0.0,0.0070921985815602835
mega-chandelure-ex,11.142857142857142,0.0,0.2857142857142857,0.14866499959667662,0.0,0.0,0.0,0.004964539007092199
hops-trevenant,14.142857142857142,0.0,4.142857142857143,0.0911531279178338,0.14285714285714285,0.0,0.0,0.004964539007092199
clefairy-ogerpon,12.0,0.0,3.4285714285714284,0.5975713092254447,1.0,0.0,0.0,0.004964539007092199
dragapult-dudunsparce,17.166666666666668,0.5170117322291236,2.0,0.22742957525566224,1.0,0.0,1.0,0.00425531914893617
ogerpon-meganium-arboliva,12.5,0.0,3.8333333333333335,0.3502923976608187,1.0,0.0,0.0,0.00425531914893617
mew-ex-30c,11.666666666666666,0.0,3.8333333333333335,0.4930555555555555,1.0,0.0,0.0,0.00425531914893617
kangaskhan-bouffalant,15.0,0.0,3.2,0.38321678321678326,1.0,0.0,1.0,0.0035460992907801418
starmie-dusknoir,14.0,0.0,2.75,0.21666666666666667,1.0,1.0,0.0,0.0028368794326241137
mega-greninja-ex,19.333333333333332,0.11666666666666665,2.0,0.3019230769230769,0.6666666666666666,0.0,0.0,0.002127659574468085
mega-venusaur-ex,12.666666666666666,0.0,3.6666666666666665,0.343719806763285,1.0,0.0,0.0,0.002127659574468085
tera-box,15.0,0.014492753623188406,3.3333333333333335,0.48484848484848486,1.0,0.0,0.0,0.002127659574468085
ceruledge-ex,15.333333333333334,0.0,1.0,0.2554945054945055,0.3333333333333333,0.0,0.0,0.002127659574468085
beedrill-ex-cri,17.666666666666668,0.0,4.0,0.21135265700483094,1.0,0.0,0.0,0.002127659574468085
lillie-clefairy,12.666666666666666,0.0,3.0,0.5383022774327122,1.0,0.0,0.0,0.002127659574468085
greninja-ex,16.333333333333332,0.0,2.0,0.22692766171027037,1.0,1.0,0.0,0.002127659574468085
toxtricity-box,14.5,0.02631578947368421,2.0,0.10263157894736842,1.0,0.0,1.0,0.0014184397163120568
stevens-metagross,16.0,0.0,2.0,0.40993788819875776,1.0,0.0,0.0,0.0014184397163120568
ethan-typhlosion,18.5,0.2,3.0,0.05,1.0,0.0,0.0,0.0014184397163120568
toucannon-pbl,15.0,0.15,3.5,0.047619047619047616,0.0,0.0,0.0,0.0014184397163120568
mega-absol-box,20.5,0.0,3.0,0.5714285714285714,1.0,0.0,1.0,0.0014184397163120568
metagross-cri,14.5,0.0,2.0,0.22875816993464052,1.0,0.0,0.0,0.0014184397163120568
mega-starmie-ex,15.5,0.15098039215686274,3.0,0.3431372549019608,0.5,0.0,0.0,0.0014184397163120568
other,18.5,0.0,2.5,0.32833333333333337,1.0,0.5,0.5,0.0014184397163120568
diancie-dusknoir,15.0,0.0,3.0,0.35294117647058826,1.0,1.0,0.0,0.0007092198581560284
cinccino-ex,12.0,0.0,2.0,0.29411764705882354,0.0,0.0,0.0,0.0007092198581560284
marnie-grimmsnarl-ex,17.0,0.05,3.0,0.1,1.0,1.0,1.0,0.0007092198581560284
mega-darkrai-ex,18.0,0.0,3.0,0.7142857142857143,1.0,0.0,0.0,0.0007092198581560284
ogerpon-meganium,12.0,0.0,4.0,0.5,1.0,0.0,0.0,0.0007092198581560284
manectric-eelektrik,14.0,0.0,3.0,0.25,1.0,0.0,0.0,0.0007092198581560284
okidogi-barbaracle,13.0,0.0,2.0,0.0625,0.0,0.0,0.0,0.0007092198581560284
starmie-froslass,15.0,0.0,3.0,0.23529411764705882,1.0,0.0,1.0,0.0007092198581560284
