card,uses_per_game,ce_per_use,advantage_ce_per_game,extra_cards_per_game,extra_energy_per_game,retreat_energy_saved_per_game,item_lock_turns_per_game,damage_hp_per_game,heal_hp_per_game,exp_damage_vs_meta,p_OHKO_meta_defender,prizes_per_attack,attacks_per_game,prizes_per_game,damage_value_ce_per_game,prize_liability,prize_efficiency,field_inclusion,day2_inclusion,legal_post,total_impact_ce_per_game,meta_weighted_impact,role
Steven's Metagross ex,3.835678482207681,4.0,15.342713928830724,0.0,7.671356964415362,0.0,0.0,0.0,0.0,203.37603597324397,0.3240870379964667,1.363620352681804,3.616000000000001,4.930851195297405,14.792553585892216,2.0,0.681810176340902,0.0024358974358974,0.001418439716312,1,30.13526751472294,0.07340642086919583,engine/support
Teal Mask Ogerpon ex,7.133783817014877,2.0,14.267567634029756,7.133783817014877,7.133783817014877,0.0,0.0,0.0,0.0,198.1147678330663,0.3984776786168897,1.3355112418544202,1.932,2.5802077192627397,7.740623157788217,2.0,0.6677556209272101,0.1117948717948718,0.1319148936170212,0,22.008190791817974,2.4604028680083685,engine/support
Metang,6.987802857915567,2.0,13.975605715831136,0.0,6.987802857915567,0.0,0.0,0.0,0.0,,,,,,0.0,,,0.0521794871794871,0.0397163120567375,0,13.975605715831136,0.7292399392747775,engine/support
N's Zoroark ex,8.307012033440321,1.5,12.46051805016048,8.307012033440321,0.0,0.0,0.0,0.0,0.0,239.30637699661452,0.3883433831036317,1.4216751717082363,4.016,5.709447489580278,17.128342468740833,2.0,0.7108375858541183,0.0748717948717948,0.0936170212765957,1,29.588860518901313,2.215371095261327,attacker
Team Rocket's Spidops,5.98529347723967,2.0,11.97058695447934,0.0,5.98529347723967,0.0,0.0,0.0,0.0,131.4316089244288,0.0615290491597134,0.984547220466827,1.5060000000000002,1.4827281140230415,4.448184342069125,1.0,0.984547220466827,0.0115384615384615,0.0078014184397163,1,16.418771296548467,0.18944736111402014,engine/support
Eelektrik,5.694319455177989,2.0,11.388638910355978,0.0,5.694319455177989,0.0,0.0,0.0,0.0,,,,,,0.0,,,0.0025641025641025,0.000709219858156,1,11.388638910355978,0.029201638231681263,engine/support
Lunatone,4.255047526964833,2.5,10.637618817412084,8.510095053929666,0.0,0.0,0.0,0.0,0.0,,,,,,0.0,,,0.0451282051282051,0.0290780141843971,1,10.637618817412084,0.48005664406782705,engine/support
Thwackey,6.583294986526785,1.5,9.874942479790176,6.583294986526785,0.0,0.0,0.0,0.0,0.0,,,,,,0.0,,,0.0382051282051282,0.0460992907801418,0,9.874942479790176,0.37727344345865027,engine/support
Marnie's Grimmsnarl ex,1.5488022788203746,6.0,9.292813672922248,0.0,4.646406836461124,0.0,0.0,0.0,0.0,205.1197517113839,0.3204934731707651,1.41385565212548,3.616000000000001,5.112502038085736,15.33750611425721,2.0,0.70692782606274,0.013076923076923,0.0078014184397163,1,24.63031978717946,0.32208879721696027,attacker
Latias ex,3.379467283772087,2.6,8.786614937807425,0.0,0.0,4.393307468903712,0.0,0.0,0.0,,,,,,0.0,,,0.1825641025641025,0.2226950354609929,0,8.786614937807425,1.6041204706971497,engine/support
Mega Kangaskhan ex,3.991552475088127,2.0,7.983104950176253,7.983104950176253,0.0,0.0,0.0,0.0,0.0,249.99999999999997,0.3811797099599311,1.5940740460192595,2.2590000000000003,3.6010132699575084,10.803039809872525,3.0,0.5313580153397532,0.1888461538461538,0.2375886524822695,1,18.786144760048778,3.5476911835322875,attacker
Toxtricity,5.042866781247382,1.5714285714285714,7.924504941960173,0.0,5.042866781247382,0.0,0.0,-100.85733562494768,0.0,113.95541761743554,0.167371138593225,0.8055030458417118,0.904,0.7281747534409077,2.184524260322723,1.0,0.8055030458417118,0.0193589743589743,0.0156028368794326,1,10.109029202282896,0.19570043712111698,engine/support
Blaziken ex,3.957165822973888,2.0,7.914331645947776,0.0,3.957165822973888,0.0,0.0,0.0,0.0,,,,,,0.0,,,0.0475641025641025,0.0453900709219858,0,7.914331645947776,0.3764380821341822,engine/support
Drakloak,6.194266156755326,1.25,7.742832695944157,6.194266156755326,0.0,0.0,0.0,0.0,0.0,,,,,,0.0,,,0.3006410256410256,0.3297872340425531,0,7.742832695944157,2.3278131630755188,engine/support
Ethan's Quilava,5.055433767371108,1.5,7.58315065105666,5.055433767371108,0.0,0.0,0.0,0.0,0.0,,,,,,0.0,,,0.0061538461538461,0.001418439716312,1,7.58315065105666,0.046665542468040576,engine/support
Cynthia's Gabite,5.00113284897647,1.5,7.501699273464706,5.00113284897647,0.0,0.0,0.0,0.0,0.0,,,,,,0.0,,,0.0135897435897435,0.0141843971631205,1,7.501699273464706,0.10194616961375047,engine/support
Genesect ex,2.494367533283109,3.0,7.483102599849326,4.988735066566218,0.0,0.0,0.0,0.0,0.0,,,,,,0.0,,,0.0552564102564102,0.0411347517730496,1,7.483102599849326,0.41348938724808415,engine/support
Munkidori,5.520705589929173,1.2857142857142856,7.0980500441946495,0.0,0.0,0.0,0.0,165.6211676978752,165.6211676978752,62.42487046632123,0.0,0.4799256488233113,0.502,0.2409226757093022,0.7227680271279068,1.0,0.4799256488233113,0.3952564102564102,0.4439716312056737,0,7.820818071322556,3.0912284761394146,engine/support
Seaking,1.9864189035387727,3.2857142857142856,6.526804968770254,3.9728378070775454,0.0,0.0,0.0,119.18513421232636,0.0,,,,,,0.0,,,0.0375641025641025,0.0460992907801418,0,6.526804968770254,0.24517357126277964,engine/support
Toucannon,6.3405233552117535,1.0,6.3405233552117535,6.3405233552117535,0.0,0.0,0.0,0.0,0.0,200.0,0.3205586498812502,1.3597210635688246,3.616000000000001,4.916751365864871,14.750254097594611,1.0,1.3597210635688246,0.0165384615384615,0.0070921985815602,1,21.090777452806364,0.348809011719489,attacker
Hydrapple ex,3.662442360345727,1.6428571428571428,6.01686959199655,0.0,3.662442360345727,0.0,0.0,0.0,109.87327081037184,364.8226651046601,0.9037308253116576,1.878068200067977,2.712,5.0933209585843535,15.27996287575306,2.0,0.9390341000339884,0.0291025641025641,0.0297872340425531,0,21.29683246774961,0.6197924320742514,attacker
Dipplin,2.343075560056302,2.142857142857143,5.020876200120648,0.0,0.0,0.0,0.0,234.30755600563023,0.0,220.34248746927884,0.4118294703678927,1.4252987956498218,4.016,5.7239999633296845,17.171999889989053,1.0,1.4252987956498218,0.0629487179487179,0.0716312056737588,0,22.1928760901097,1.3970130974671606,attacker
Fezandipiti ex,1.6330219943426396,3.0,4.89906598302792,4.89906598302792,0.0,0.0,0.0,0.0,0.0,0.0,0.0,0.4796762749347681,0.6030000000000001,0.2892447937856652,0.8677343813569958,2.0,0.239838137467384,0.6917948717948718,0.7382978723404255,0,5.766800364384915,3.989442918746282,engine/support
Pecharunt ex,2.6862450068796795,1.7857142857142858,4.796866083713714,0.0,0.0,2.6862450068796795,0.0,-26.862450068796797,0.0,,,,,,0.0,,,0.0956410256410256,0.1099290780141844,0,4.796866083713714,0.45877719210902934,engine/support
Crustle,1.8532587346244245,2.571428571428571,4.765522460462805,0.0,0.0,0.0,0.0,0.0,222.39104815493084,131.4316089244288,0.0615290491597134,0.984547220466827,4.692,4.619495558430352,13.858486675291058,1.0,0.984547220466827,0.0375641025641025,0.0382978723404255,1,18.624009135753862,0.6995941893302401,attacker
Alakazam,1.39940658494333,3.0,4.19821975482999,4.19821975482999,0.0,0.0,0.0,0.0,0.0,160.0,0.280744546547197,1.1483235179158024,4.016,4.611667247949863,13.835001743849588,1.0,1.1483235179158024,0.0769230769230769,0.0602836879432624,1,18.03322149867958,1.3871708845138135,attacker
Mega Dragonite ex,2.059548639425552,2.0,4.119097278851103,0.0,0.0,2.059548639425552,0.0,0.0,0.0,330.0,0.9037308253116576,1.8890764379223417,3.1639999999999997,5.977037849586288,17.931113548758862,3.0,0.6296921459741139,0.0008974358974358,0.0,1,22.050210827609966,0.019788650742724744,attacker
Jellicent ex,2.163900790393097,1.794403846153846,3.8829119009767217,0.0,0.0,0.0,2.163900790393097,0.0,0.0,,,,,,0.0,,,0.0023076923076923,0.0049645390070921,1,3.8829119009767217,0.008960565925330866,engine/support
Dunsparce,1.9156053379930107,2.0,3.831210675986021,0.0,0.0,1.9156053379930107,0.0,0.0,0.0,,,,,,0.0,,,0.2164102564102564,0.1943262411347517,1,3.831210675986021,0.8291132847518465,engine/support
Bouffalant,2.804718168347556,1.2857142857142856,3.6060662164468567,0.0,0.0,0.0,0.0,0.0,168.2830901008533,,,,,,0.0,,,0.0046153846153846,0.0035460992907801,0,3.6060662164468567,0.016643382537446978,engine/support
Dudunsparce,1.1810653784942249,3.0,3.543196135482673,3.543196135482673,0.0,0.0,0.0,0.0,0.0,,,,,,0.0,,,0.2424358974358974,0.2219858156028368,0,3.543196135482673,0.8589979348971454,engine/support
Kadabra,1.7015010607193195,2.0,3.403002121438639,3.403002121438639,0.0,0.0,0.0,0.0,0.0,,,,,,0.0,,,0.0769230769230769,0.0602836879432624,1,3.403002121438639,0.2617693939568183,engine/support
Noctowl,1.075589196705548,3.0,3.2267675901166446,2.151178393411096,0.0,0.0,0.0,0.0,0.0,,,,,,0.0,,,0.0124358974358974,0.0106382978723404,0,3.2267675901166446,0.040127750800168414,engine/support
Meganium,3.118432905516846,1.0,3.118432905516846,0.0,3.118432905516846,0.0,0.0,0.0,0.0,,,,,,0.0,,,0.0393589743589743,0.0368794326241134,1,3.118432905516846,0.12273832076841926,engine/support
Tyranitar,1.7174300454,1.794403846153846,3.081763078965934,0.0,0.0,0.0,1.7174300454,0.0,0.0,,,,,,0.0,,,0.0001282051282051,0.0,1,3.081763078965934,0.0003950978306365712,engine/support
Budew,1.7,1.794403846153846,3.0504865384615383,0.0,0.0,0.0,1.7,0.0,0.0,,,,,,0.0,,,0.4029487179487179,0.424822695035461,0,3.0504865384615383,1.2291896397928992,engine/support
Froslass,5.521561487097195,0.5357142857142857,2.957979368087784,0.0,0.0,0.0,0.0,138.03903717742992,0.0,,,,,,0.0,,,0.0202564102564102,0.0092198581560283,0,2.957979368087784,0.05991804360998316,engine/support
Lillie's Clefairy ex,1.3516440310880151,2.142857142857143,2.896380066617176,0.0,0.0,0.0,0.0,135.16440310880154,0.0,214.2468897872249,0.5704776373908956,1.4880092436850354,1.255,1.8674516008247195,5.602354802474158,2.0,0.7440046218425177,0.2469230769230769,0.2631205673758865,1,8.498734869091335,2.0985337638294754,attacker
Fan Rotom,0.7378747929555424,3.75,2.767030473583284,1.844686982388856,0.0,0.0,0.0,0.0,0.0,,,,,,0.0,,,0.0339743589743589,0.0212765957446808,0,2.767030473583284,0.0940080866025088,engine/support
Hariyama,1.3745412347517183,2.0,2.7490824695034366,0.0,0.0,0.0,0.0,0.0,0.0,224.3867536001937,0.4596188608496312,1.4890222625720957,1.13,1.6825951567064676,5.047785470119403,1.0,1.4890222625720957,0.0282051282051282,0.0191489361702127,1,7.79686793962284,0.21991165983551594,attacker
Hop's Snorlax,4.158382480496196,0.6428571428571428,2.673245880318983,0.0,0.0,0.0,0.0,124.7514744148859,0.0,,,,,,0.0,,,0.0057692307692307,0.0049645390070921,1,2.673245880318983,0.015422572386455488,engine/support
Mew ex,1.3621809142146002,1.75,2.38381659987555,0.6810904571073001,0.0,0.6810904571073001,0.0,0.0,0.0,166.4663212435233,0.280744546547197,1.199039897526014,2.008,2.4076721142322364,7.22301634269671,2.0,0.5995199487630071,0.0467948717948717,0.0531914893617021,1,9.60683294257226,0.4495505159024189,attacker
Mega Venusaur ex,2.28728527469924,1.0,2.28728527469924,0.0,2.28728527469924,0.0,0.0,0.0,0.0,264.79792674170386,0.4916118528633498,1.583176591540166,3.616000000000001,5.724766555009241,17.174299665027725,3.0,0.5277255305133887,0.0058974358974358,0.002127659574468,1,19.461584939726965,0.11477344964454174,attacker
Shaymin,1.0611931252967997,2.142857142857143,2.2739852684931416,0.0,0.0,0.0,0.0,0.0,106.11931252967996,,,,,,0.0,,,0.2747435897435897,0.2028368794326241,1,2.2739852684931416,0.6247628756898463,engine/support
Abra,1.1059095780711672,2.0,2.2118191561423344,0.0,0.0,1.1059095780711672,0.0,0.0,0.0,,,,,,0.0,,,0.075,0.0588652482269503,1,2.2118191561423344,0.16588643671067507,engine/support
Cynthia's Roserade,3.3914216290809844,0.6428571428571428,2.180199618694919,0.0,0.0,0.0,0.0,101.74264887242956,0.0,,,,,,0.0,,,0.0135897435897435,0.0141843971631205,1,2.180199618694919,0.029628353792520497,engine/support
Iron Leaves ex,0.5365894524730787,4.0,2.1463578098923146,0.0,1.0731789049461573,0.5365894524730787,0.0,0.0,0.0,198.1147678330663,0.3984776786168897,1.3355112418544202,1.13,1.5091277032954946,4.527383109886484,2.0,0.6677556209272101,0.0625641025641025,0.0822695035460992,0,6.673740919778799,0.41753661139128856,attacker
Mega Greninja ex,2.5756987264109763,0.7857142857142856,2.023763285037195,-2.5756987264109763,0.0,0.0,0.0,154.54192358465858,0.0,202.09631627510825,0.324952148355237,1.650194092705093,3.616000000000001,5.967101839221618,17.901305517664852,3.0,0.5500646975683644,0.0089743589743589,0.002127659574468,1,19.925068802702047,0.17881472002424767,attacker
Tatsugiri,1.645477407900956,1.125,1.851162083888576,1.2341080559257167,0.0,0.0,0.0,0.0,0.0,,,,,,0.0,,,0.0662820512820512,0.0829787234042553,0,1.851162083888576,0.12269882017569135,engine/support
Pecharunt,1.453232499590376,1.0714285714285714,1.5570348209896887,0.0,0.0,0.0,0.0,72.6616249795188,0.0,,,,,,0.0,,,0.0128205128205128,0.0177304964539007,0,1.5570348209896887,0.019961984884483155,engine/support
Meowth ex,0.8546390182756126,1.5,1.281958527413419,0.8546390182756126,0.0,0.0,0.0,0.0,0.0,,,,,,0.0,,,0.5769230769230769,0.6120567375886525,1,1.281958527413419,0.7395914581231263,engine/support
Rabsca,0.971678681647002,1.2857142857142856,1.2493011621175738,0.0,0.0,0.0,0.0,0.0,58.30072089882012,,,,,,0.0,,,0.0416666666666666,0.0482269503546099,0,1.2493011621175738,0.05205421508823216,engine/support
Dusknoir,0.9456434407558508,1.2857142857142856,1.2158272809718085,0.0,0.0,0.0,0.0,122.93364729826062,0.0,,,,,,0.0,,,0.1056410256410256,0.1092198581560283,0,1.2158272809718085,0.12844124096420126,engine/support
Iron Crown ex,2.7499675747507206,0.4285714285714285,1.1785575320360229,0.0,0.0,0.0,0.0,54.9993514950144,0.0,,,,,,0.0,,,0.0483333333333333,0.0624113475177304,0,1.1785575320360229,0.05696361404840773,engine/support
Annihilape,0.7272735894676469,1.6071428571428572,1.1688325545015754,0.0,0.0,0.0,0.0,0.0,54.54551921007352,,,,,,0.0,,,0.0296153846153846,0.0453900709219858,1,1.1688325545015754,0.03461542565254664,engine/support
Patrat,1.5965000854215137,0.6428571428571428,1.0263214834852583,0.0,0.0,0.0,0.0,0.0,47.8950025626454,,,,,,0.0,,,0.0576923076923076,0.0524822695035461,1,1.0263214834852583,0.05921085481645711,engine/support
Psyduck,0.4698047557890767,1.9285714285714288,0.906052029021791,0.0,0.0,0.0,0.0,0.0,42.282428021016905,,,,,,0.0,,,0.1041025641025641,0.0687943262411347,1,0.906052029021791,0.09432233943149927,engine/support
Flutter Mane,1.2187263196554976,0.7,0.8531084237588483,0.0,0.0,0.0,0.0,0.0,0.0,,,,,,0.0,,,0.0166666666666666,0.0106382978723404,0,0.8531084237588483,0.014218473729314082,engine/support
Genesect,0.6548722218437637,1.0499999999999998,0.6876158329359517,0.0,0.0,0.0,0.0,0.0,0.0,,,,,,0.0,,,0.0646153846153846,0.0475177304964539,0,0.6876158329359517,0.044430561512784565,engine/support
Chien-Pao,0.5304424799281522,1.0499999999999998,0.5569646039245598,0.0,0.0,0.0,0.0,0.0,0.0,,,,,,0.0,,,0.0766666666666666,0.101418439716312,0,0.5569646039245598,0.042700619634216216,engine/support
Arboliva ex,,,0.0,,,,,,,120.0,0.061399515480957,0.9025719955487604,2.26,2.0398127099401986,6.119438129820596,2.0,0.4512859977743802,0.0047435897435897,0.0042553191489361,1,6.119438129820596,0.02902810394914871,attacker
Beedrill ex,,,0.0,,,,,,,298.1395061960226,0.4965380579190884,1.6954503916499395,3.616000000000001,6.130748616206182,18.392245848618543,2.0,0.8477251958249697,0.0047435897435897,0.002127659574468,1,18.392245848618543,0.08724526876908716,attacker
Bloodmoon Ursaluna ex,,,0.0,,,,,,,240.0,0.3811797099599311,1.5486377585969813,1.7600000000000002,2.725602455130687,8.176807365392062,2.0,0.7743188792984906,0.0324358974358974,0.0361702127659574,0,8.176807365392062,0.26522208505694733,attacker
Ceruledge ex,,,0.0,,,,,,,227.7916635155844,0.4258779065101496,1.3894851580305894,4.016,5.580172394650847,16.74051718395254,2.0,0.6947425790152947,0.0038461538461538,0.002127659574468,0,16.74051718395254,0.06438660455366285,attacker
Cynthia's Garchomp ex,,,0.0,,,,,,,235.30380967588457,0.4596188608496312,1.5267976173747544,3.616000000000001,5.520900184427113,16.56270055328134,2.0,0.7633988086873772,0.0135897435897435,0.0141843971631205,1,16.56270055328134,0.2250828536727962,attacker
Dhelmise,,,0.0,,,,,,,176.87046632124353,0.3227567316726512,1.2562449632951476,3.842,4.8264931489799565,14.47947944693987,1.0,1.2562449632951476,0.0324358974358974,0.026241134751773,1,14.47947944693987,0.469654910266126,attacker
Dragapult ex,,,0.0,,,,,,,200.0,0.3205586498812502,1.6475268285296851,4.267,7.029996977336168,21.089990932008504,2.0,0.8237634142648427,0.2943589743589743,0.3262411347517731,0,21.089990932008504,6.208028099986092,attacker
Hop's Trevenant,,,0.0,,,,,,,135.25388601036266,0.1375118047303015,1.0143447140612842,4.016,4.073608371670118,12.220825115010353,1.0,1.0143447140612842,0.0053846153846153,0.0049645390070921,1,12.220825115010353,0.06580444292697779,attacker
Greninja ex,,,0.0,,,,,,,171.78186883384197,0.2909670605652251,1.4937827443352265,3.616000000000001,5.401518403516179,16.204555210548538,2.0,0.7468913721676131,0.0112820512820512,0.0035460992907801,0,16.204555210548538,0.18282062288823858,attacker
Ethan's Typhlosion,,,0.0,,,,,,,263.758768281203,0.4359541781724104,1.5145146382554864,3.616000000000001,5.476484931931839,16.429454795795518,1.0,1.5145146382554864,0.0061538461538461,0.001418439716312,1,16.429454795795518,0.10110433720489462,attacker
Gengar ex,,,0.0,,,,,,,129.99999999999997,0.1332804665396935,0.9726697022210776,3.616000000000001,3.517173643231417,10.551520929694252,2.0,0.4863348511105388,0.0003846153846153,0.0,1,10.551520929694252,0.004058277280650743,attacker
Dudunsparce ex,,,0.0,,,,,,,149.99999999999994,0.2777302478745162,1.0939114385382225,1.8080000000000005,1.9777918808771064,5.93337564263132,2.0,0.5469557192691112,0.063076923076923,0.0730496453900709,1,5.93337564263132,0.3742590789967443,attacker
Mega Starmie ex,,,0.0,,,,,,,181.88668464759732,0.3116003566042339,1.3792850344766578,4.016,5.539208698458258,16.617626095374774,3.0,0.4597616781588859,0.0147435897435897,0.0063829787234042,1,16.617626095374774,0.24500346166257608,attacker
Mega Froslass ex,,,0.0,,,,,,,252.62039534388524,0.3855732084339179,1.595084504973703,4.016,6.405859371974391,19.21757811592317,3.0,0.5316948349912344,0.0169230769230769,0.0078014184397163,1,19.21757811592317,0.32522055273100703,attacker
Mega Gengar ex,,,0.0,,,,,,,262.0974605201017,0.389167688332082,1.511505877968783,3.616000000000001,5.465605254735121,16.396815764205364,3.0,0.5038352926562611,0.0006410256410256,0.0,1,16.396815764205364,0.010510779336028408,attacker
Mega Chandelure ex,,,0.0,,,,,,,239.29533678756476,0.411805175515464,1.5376274291010257,3.616000000000001,5.56006078362931,16.68018235088793,3.0,0.5125424763670086,0.006025641025641,0.0049645390070921,1,16.68018235088793,0.10050879108868324,attacker
Mega Charizard X ex,,,0.0,,,,,,,323.7039428905673,0.4453547146680657,1.7183570228472809,3.616000000000001,6.2135789946157685,18.640736983847304,3.0,0.572785674282427,0.0002564102564102,0.0,1,18.640736983847304,0.004779676149703385,attacker
Mega Camerupt ex,,,0.0,,,,,,,335.6929778124401,0.5240907980315399,1.758647740418389,3.1639999999999997,5.564361450683781,16.693084352051343,3.0,0.5862159134727962,0.0002564102564102,0.0,1,16.693084352051343,0.0042802780389865815,attacker
Mega Darkrai ex,,,0.0,,,,,,,250.70191875835815,0.3883433831036317,1.4665905248385098,4.016,5.889827547751455,17.669482643254366,3.0,0.4888635082795032,0.0015384615384615,0.000709219858156,1,17.669482643254366,0.027183819451159885,attacker
Hydreigon ex,,,0.0,,,,,,,227.9108352348711,0.3338452649217681,1.371569521608262,3.616000000000001,4.959595390135476,14.878786170406428,2.0,0.685784760804131,0.0008974358974358,0.0,0,14.878786170406428,0.013352756819594063,attacker
Hop's Zacian ex,,,0.0,,,,,,,203.37603597324397,0.3240870379964667,1.4355717939220192,3.514,5.044599283841975,15.133797851525925,2.0,0.7177858969610096,0.002051282051282,0.0028368794326241,1,15.133797851525925,0.031043687900565223,attacker
Kyurem,,,0.0,,,,,,,110.0,0.0612092911974685,1.8877462417093092,1.2060000000000002,2.2766219675014274,6.829865902504283,1.0,1.8877462417093092,0.0565384615384615,0.075886524822695,0,6.829865902504283,0.38615011064158805,attacker
Mega Absol ex,,,0.0,,,,,,,227.9108352348711,0.3338452649217681,1.371569521608262,3.0120000000000005,4.131167399084085,12.393502197252255,3.0,0.4571898405360873,0.0061538461538461,0.0035460992907801,1,12.393502197252255,0.07626770582924398,attacker
N's Zekrom,,,0.0,,,,,,,249.99999999999997,0.3811797099599311,1.5940740460192595,0.804,1.2816355329994848,3.8449065989984543,1.0,1.5940740460192595,0.0723076923076923,0.0929078014184397,1,3.8449065989984543,0.2780163233121959,attacker
Mega Sharpedo ex,,,0.0,,,,,,,284.88854404358875,0.394466325000449,1.600751673742598,4.016,6.428618721750273,19.28585616525082,3.0,0.5335838912475327,0.0152564102564102,0.0141843971631205,1,19.28585616525082,0.2942329338031845,attacker
Mega Manectric ex,,,0.0,,,,,,,283.9319391601516,0.4019844502424479,1.650605661566519,3.1639999999999997,5.222516313196465,15.667548939589397,3.0,0.5502018871888397,0.0028205128205128,0.000709219858156,1,15.667548939589397,0.04419052265012362,attacker
Mega Lucario ex,,,0.0,,,,,,,213.46969752450295,0.4088324204466916,1.4464101039215382,3.765,5.445734041264592,16.337202123793773,3.0,0.4821367013071794,0.0382051282051282,0.025531914893617,1,16.337202123793773,0.6241649016526337,attacker
Mega Lopunny ex,,,0.0,,,,,,,209.99999999999997,0.3750567680631138,1.410860879732019,4.016,5.666017293003788,16.998051879011363,3.0,0.470286959910673,0.0398717948717948,0.0375886524822695,1,16.998051879011363,0.6777428377400672,attacker
Mega Excadrill ex,,,0.0,,,,,,,284.72645036254147,0.4675460812659099,1.7312867809227646,3.616000000000001,6.260332999816717,18.78099899945015,3.0,0.5770955936409216,0.0502564102564102,0.0390070921985815,1,18.78099899945015,0.9438655907415963,attacker
Moltres,,,0.0,,,,,,,96.07947258916568,0.0444218465196027,0.7414358932102817,1.38,1.0231815326301887,3.069544597890566,1.0,0.7414358932102817,0.1432051282051282,0.1531914893617021,1,3.069544597890566,0.4395745276722772,attacker
N's Reshiram,,,0.0,,,,,,,169.99999999999997,0.2868326294487514,1.2023588099592977,0.804,0.9666964832072754,2.9000894496218264,1.0,1.2023588099592977,0.06,0.0787234042553191,1,2.9000894496218264,0.17400536697730956,attacker
Team Rocket's Honchkrow,,,0.0,,,,,,,205.1197517113839,0.3204934731707651,1.2699527696450494,4.016,5.100130322894518,15.300390968683557,1.0,1.2699527696450494,0.0192307692307692,0.0212765957446808,1,15.300390968683557,0.29423828785929873,attacker
Metagross,,,0.0,,,,,,,305.0640539598657,0.5307276294006877,1.809442105685808,2.4120000000000004,4.36437435891417,13.093123076742511,1.0,1.809442105685808,0.1083333333333333,0.1156028368794326,1,13.093123076742511,1.4184216666471048,attacker
Raging Bolt ex,,,0.0,,,,,,,280.0,0.4640176931506934,1.730061841902853,3.3120000000000003,5.72996482038225,17.18989446114675,2.0,0.8650309209514265,0.0574358974358974,0.0702127659574468,0,17.18989446114675,0.9873170152043256,attacker
Slowking,,,0.0,,,,,,,145.6580310880829,0.2464883689974187,1.0817933993944369,4.016,4.344482291968059,13.033446875904175,1.0,1.0817933993944369,0.0565384615384615,0.075886524822695,0,13.033446875904175,0.7368910349068895,attacker
Wellspring Mask Ogerpon ex,,,0.0,,,,,,,101.04815813755413,0.0471916603609418,1.3419490840278678,0.904,1.2131219719611928,3.6393659158835785,2.0,0.6709745420139339,0.0764102564102564,0.0985815602836879,0,3.6393659158835785,0.2780848828034118,attacker
Team Rocket's Mewtwo ex,,,0.0,,,,,,,270.5077720207253,0.417319701648425,1.664868523246644,3.1639999999999997,5.267644007552381,15.802932022657142,2.0,0.832434261623322,0.0116666666666666,0.0078014184397163,1,15.802932022657142,0.18436754026433227,attacker
Yveltal,,,0.0,,,,,,,125.35095937917907,0.1729410867797535,0.8690148066992925,1.356,1.1783840778842407,3.535152233652722,1.0,0.8690148066992925,0.0741025641025641,0.0695035460992907,1,3.535152233652722,0.26196384500657355,attacker
Dusclops,1.2692694443363337,-0.4285714285714286,-0.5439726190012859,0.0,0.0,0.0,0.0,63.46347221681668,0.0,,,,,,0.0,,,0.1044871794871794,0.1078014184397163,0,-0.5439726190012859,-0.056838164677698415,attacker
