deck_id,name,share,players,day2_lift,wr_nonmirror,namesake,namesake_rotating,avg_rotating_cards,tier,core_rotating_cards,perf,proj_share_naive
n-zoroark,N's Zoroark,0.0722521137586472,564,1.2858835068658518,0.4980365503700347,"N's Zoroark ex, Zoroark",,16.99290780141844,Gutted (15+ cards rotate),Buddy-Buddy Poffin (4.2); Cyrano (2.4); Night Stretcher (2.0); Binding Mochi (1.8); Munkidori (1.3); Pecharunt ex (1.1); Black Belt's Training (1.1); Fezandipiti ex (1.1); Secret Box (1.0),1.2858835068658518,0.17868096832921299
basic-box-m,Basic Box,0.0568793235972329,444,1.408980256852597,0.5154723127035831,"Teal Mask Ogerpon ex, Lillie's Clefairy ex",Teal Mask Ogerpon ex,25.49324324324324,Loses a partner (Teal Mask Ogerpon ex),Crispin (4.2); Area Zero Underdepths (3.6); Teal Mask Ogerpon ex (2.5); Latias ex (2.1); Night Stretcher (2.1); Cyrano (2.0); Glass Trumpet (1.4); Wellspring Mask Ogerpon ex (1.1); Fezandipiti ex (1.1); Ciphermaniac's Codebreaking (1.1); Chien-Pao (1.1); Iron Leaves ex (1.1); Raging Bolt ex (1.1),1.408980256852597,0.15412938489466463
alakazam-dudunsparce,Alakazam Dudunsparce,0.0598257750448373,467,0.6757209895667229,0.4374629519857735,"Alakazam, Dudunsparce",Dudunsparce,15.9186295503212,Loses a partner (Dudunsparce),Buddy-Buddy Poffin (4.1); Dudunsparce (2.5); Genesect (1.3); Enriching Energy (1.1); Fezandipiti ex (1.1); Eri (1.1); Lana's Aid (1.1),0.6757209895667229,0.07774668087606976
crustle-dri,Crustle,0.0368946963873943,288,1.038031914893617,0.4936801881246326,Crustle,,12.99652777777778,Wounded (8-15 cards),Mist Energy (4.1); Eri (2.4); Buddy-Buddy Poffin (2.0); Xerosic's Machinations (1.4); Hero's Cape (1.0),1.038031914893617,0.07365475030364502
mega-excadrill-ex,Mega Excadrill,0.0491929285165257,384,0.7641068262411348,0.4469083655989675,Mega Excadrill ex,,13.143229166666666,Wounded (8-15 cards),Metang (4.1); Buddy-Buddy Poffin (3.3),0.7641068262411348,0.07229077344617006
dhelmise-pbl,Dhelmise,0.0315142198308993,246,0.83267600761114,0.4717398706162751,"Dhelmise, Banette",,9.317073170731708,Wounded (8-15 cards),Night Stretcher (2.8),0.83267600761114,0.050467143726571594
rockets-honchkrow,Rocket's Honchkrow,0.0192159877017678,150,1.1072340425531917,0.484292465943842,"Team Rocket's Honchkrow, Team Rocket's Porygon2",,8.046666666666667,Wounded (8-15 cards),Roto-Stick (3.7); Night Stretcher (2.7); Miracle Headset (1.0),1.1072340425531917,0.04091930572424711
lucario-hariyama,Lucario Hariyama,0.0262618498590827,205,0.7021484172288531,0.4419753086419753,"Mega Lucario ex, Hariyama",,4.575609756097561,Intact (<8 cards),Gravity Mountain (2.1),0.7021484172288531,0.03546339829434754
alakazam-dusknoir,Alakazam Dusknoir,0.0126825518831667,99,1.4539436922415647,0.5126984126984128,"Alakazam, Dusknoir",Dusknoir,19.272727272727277,Loses a partner (Dusknoir),Duskull (3.7); Buddy-Buddy Poffin (3.1); Night Stretcher (2.1); Dusknoir (2.0); Dusclops (2.0); Abra (1.8); Budew (1.8); Fezandipiti ex (1.0); Prime Catcher (1.0),1.4539436922415647,0.03546339829434735
lopunny-dusknoir,Lopunny Dusknoir,0.013323084806559,104,1.2243453355155482,0.4944635357006491,"Dusknoir, Mega Lopunny ex",Dusknoir,20.71153846153846,Loses a partner (Dusknoir),Duskull (3.8); Dusknoir (3.6); Dusclops (2.1); Bronzor (2.0); Bronzong (2.0); Latias ex (1.7); Jamming Tower (1.5); Enriching Energy (1.0),1.2243453355155482,0.03137146772192276
cynthia-garchomp-ex,Cynthia's Garchomp,0.0135792979759159,106,1.044560417503011,0.4625930278104191,Cynthia's Garchomp ex,,6.886792452830188,Intact (<8 cards),Buddy-Buddy Poffin (3.8); Night Stretcher (1.6),1.044560417503011,0.027279537149498045
sharpedo-toxtricity,Sharpedo Toxtricity,0.0148603638227004,116,0.954512105649303,0.4556040756914119,"Mega Sharpedo ex, Toxtricity",,16.836206896551722,Gutted (15+ cards rotate),Buddy-Buddy Poffin (3.8); Binding Mochi (2.9); Pecharunt ex (2.5); Munkidori (2.0); Tatsugiri (1.8); Night Stretcher (1.3); Fezandipiti ex (1.0); Unfair Stamp (1.0),0.954512105649303,0.027279537149498007
lopunny-dudunsparce,Lopunny Dudunsparce,0.0178068152703048,139,0.7567426909536201,0.4566420664206642,"Dudunsparce, Mega Lopunny ex",Dudunsparce,15.755395683453235,Loses a partner (Dudunsparce),Mist Energy (4.0); Buddy-Buddy Poffin (3.8); Dudunsparce (2.9); Fan Rotom (1.2); Night Stretcher (1.4); Dunsparce (1.4); Enriching Energy (1.0),0.7567426909536201,0.02591556029202312
rocket-mewtwo-ex,Rocket's Mewtwo,0.0102485267742761,80,0.7612234042553192,0.4264622373651334,"Team Rocket's Spidops, Team Rocket's Mewtwo ex",,6.15,Intact (<8 cards),Night Stretcher (2.4); Bug Catching Set (2.0),0.7612234042553192,0.01500374543222385
mega-lucario-ex,Mega Lucario,0.011913912375096,93,0.5952871196522534,0.440937350549976,"Mega Lucario ex, Lucario",,10.46236559139785,Wounded (8-15 cards),Gravity Mountain (1.8),0.5952871196522534,0.01363976857474899
grimmsnarl-froslass,Grimmsnarl Froslass,0.0126825518831667,99,0.5592091124006018,0.4327323162274618,"Froslass, Marnie's Grimmsnarl ex",Froslass,14.02020202020202,Loses a partner (Froslass),Munkidori (3.9); Froslass (2.7); Buddy-Buddy Poffin (2.2); Night Stretcher (2.2); Budew (1.5); Secret Box (1.0),0.5592091124006018,0.013639768574748981
mega-chandelure-ex,Mega Chandelure,0.0058929028952088,46,0.8424606845513414,0.4287011807447775,"Chandelure, Mega Chandelure ex",Chandelure,11.934782608695652,Loses a partner (Chandelure),Chandelure (3.8); Night Stretcher (2.0); Xerosic's Machinations (1.6); Lana's Aid (1.4); Comfey (1.5),0.8424606845513414,0.009547838002324335
hops-trevenant,Hop's Trevenant,0.0044837304637458,35,1.1072340425531917,0.4511904761904762,Hop's Trevenant,,10.857142857142858,Wounded (8-15 cards),Mist Energy (3.8); Night Stretcher (2.8); Hassel (1.9); Secret Box (1.0),1.1072340425531917,0.00954783800232428
clefairy-ogerpon,Clefairy Ogerpon,0.0017934921854983,14,2.7680851063829786,0.5955555555555555,"Lillie's Clefairy ex, Teal Mask Ogerpon ex",Teal Mask Ogerpon ex,23.357142857142858,Loses a partner (Teal Mask Ogerpon ex),Crispin (3.4); Area Zero Underdepths (3.4); Teal Mask Ogerpon ex (2.2); Latias ex (2.1); Night Stretcher (1.6); Cyrano (1.4); Fezandipiti ex (1.1); Ciphermaniac's Codebreaking (1.3); Wellspring Mask Ogerpon ex (1.1); Chien-Pao (1.0); Iron Leaves ex (1.0); Paldean Tauros (1.0),2.5,0.008623143468663262
ogerpon-meganium-arboliva,Ogerpon Meganium Arboliva,0.0040994107097104,32,1.038031914893617,0.5232974910394266,"Teal Mask Ogerpon ex, Arboliva ex",Teal Mask Ogerpon ex,14.78125,Loses a partner (Teal Mask Ogerpon ex),Bug Catching Set (3.9); Teal Mask Ogerpon ex (3.8); Night Stretcher (1.2); Lana's Aid (1.0); Budew (1.0); Fezandipiti ex (1.0); Unfair Stamp (1.0); Briar (1.0),1.038031914893617,0.008183861144849291
mew-ex-30c,Mew Box,0.0024340251088905,19,1.7482642777155657,0.5166666666666667,"Mew ex, Lillie's Clefairy ex",,22.05263157894737,Gutted (15+ cards rotate),Crispin (3.9); Area Zero Underdepths (3.5); Dusk Ball (3.1); Latias ex (2.0); Wellspring Mask Ogerpon ex (1.9); Ciphermaniac's Codebreaking (1.6); Fezandipiti ex (1.2); Cyrano (1.1); Chien-Pao (1.0); Iron Crown ex (1.0); Prime Catcher (1.0),1.7482642777155657,0.008183861144849125
kangaskhan-bouffalant,Kangaskhan Bouffalant,0.0043556238790673,34,0.814142678347935,0.4432367149758454,"Mega Kangaskhan ex, Bouffalant",Bouffalant,19.47058823529412,Loses a partner (Bouffalant),Mist Energy (3.5); Crispin (3.0); Bouffalant (2.4); Ciphermaniac's Codebreaking (2.1); Munkidori (2.3); Night Stretcher (1.4),0.814142678347935,0.00681988428737441
other,Other,0.0102485267742761,80,0.1384042553191489,0.3565441650548033,,,14.5125,Wounded (8-15 cards),Night Stretcher (2.1),0.3,0.005913012664226295
starmie-dusknoir,Starmie Dusknoir,0.002562131693569,20,1.1072340425531917,0.4261603375527426,"Mega Starmie ex, Dusknoir",Dusknoir,19.9,Loses a partner (Dusknoir),Buddy-Buddy Poffin (4.0); Duskull (3.8); Dusclops (3.3); Dusknoir (2.1); Budew (1.1),1.1072340425531917,0.0054559074298995295
mega-greninja-ex,Mega Greninja,0.0076863950807071,60,0.2768085106382978,0.3845547675334909,"Mega Greninja ex, Greninja ex",Greninja ex,13.866666666666667,Loses a partner (Greninja ex),Buddy-Buddy Poffin (3.9); Night Stretcher (1.6); Greninja ex (1.4); Neo Upper Energy (1.0); Fezandipiti ex (1.0),0.3,0.004434759498169735
mega-venusaur-ex,Mega Venusaur,0.0058929028952088,46,0.3610545790934319,0.3736730360934182,Mega Venusaur ex,,13.391304347826088,Wounded (8-15 cards),Bug Catching Set (4.0); Teal Mask Ogerpon ex (3.8); Night Stretcher (1.8); Fezandipiti ex (1.0),0.3610545790934319,0.004091930572424714
greninja-ex,Greninja,0.0042275172943889,33,0.5032882011605416,0.4716459197786999,"Greninja ex, Mega Greninja ex",Greninja ex,20.393939393939394,Loses a partner (Greninja ex),Buddy-Buddy Poffin (3.9); Greninja ex (2.1); Colress's Tenacity (2.1); Duskull (2.1); Dusknoir (1.9); Dusclops (1.9); Night Stretcher (1.5); Budew (1.0); Grand Tree (1.0); Fezandipiti ex (1.0),0.5032882011605416,0.004091930572424694
beedrill-ex-cri,Beedrill,0.0047399436331027,37,0.4488786658999425,0.3761006289308176,Beedrill ex,,16.43243243243243,Gutted (15+ cards rotate),Buddy-Buddy Poffin (3.7); Bug Catching Set (3.4); Dudunsparce (2.7); Night Stretcher (1.7); Fan Rotom (1.1),0.4488786658999425,0.00409193057242469
ceruledge-ex,Ceruledge,0.0038431975403535,30,0.5536170212765957,0.380281690140845,"Ceruledge ex, Ceruledge",Ceruledge ex,18.066666666666663,Loses a partner (Ceruledge ex),Carmine (3.2); Ceruledge ex (3.0); Night Stretcher (2.6); Charcadet (3.3); Explorer's Guidance (2.6); Drilbur (1.1); Brilliant Blender (1.0),0.5536170212765957,0.004091930572424646
lillie-clefairy,Lillie's Clefairy,0.0017934921854983,14,1.1863221884498478,0.4814814814814814,Lillie's Clefairy ex,,23.642857142857142,Gutted (15+ cards rotate),Crispin (3.9); Area Zero Underdepths (3.4); Dusk Ball (3.4); Latias ex (2.4); Fezandipiti ex (2.0); Ciphermaniac's Codebreaking (1.8); Wellspring Mask Ogerpon ex (1.6); Cyrano (1.3); Chien-Pao (1.0); Prime Catcher (1.0),1.1863221884498478,0.004091930572424645
ethan-typhlosion,Ethan's Typhlosion,0.0060210094798872,47,0.2355817111815301,0.376984126984127,Ethan's Typhlosion,,15.53191489361702,Gutted (15+ cards rotate),Buddy-Buddy Poffin (3.1); Night Stretcher (2.0); Victini (1.7); Lana's Aid (1.1); Kieran (1.0); Secret Box (1.0); Fezandipiti ex (1.0),0.3,0.003473894940232943
mega-starmie-ex,Mega Starmie,0.0029464514476044,23,0.4814061054579093,0.4457831325301205,Mega Starmie ex,,14.869565217391305,Wounded (8-15 cards),Buddy-Buddy Poffin (3.5); Night Stretcher (1.8),0.4814061054579093,0.0027279537149498094
toxtricity-box,Toxtricity Box,0.0029464514476044,23,0.4814061054579093,0.434108527131783,"Toxtricity, Mega Absol ex",,12.826086956521738,Wounded (8-15 cards),Munkidori (2.9); Night Stretcher (2.2); Buddy-Buddy Poffin (1.3); Pecharunt ex (1.1); Brute Bonnet (1.0); Fezandipiti ex (1.0); Secret Box (1.0); Pecharunt (1.0),0.4814061054579093,0.0027279537149498094
toucannon-pbl,Toucannon,0.0029464514476044,23,0.4814061054579093,0.4024390243902439,Toucannon,,20.43478260869565,Gutted (15+ cards rotate),Buddy-Buddy Poffin (3.1); Fan Rotom (1.9); Night Stretcher (1.4),0.4814061054579093,0.0027279537149498094
mega-absol-box,Mega Absol Box,0.0017934921854983,14,0.7908814589665653,0.4423076923076923,"Mega Kangaskhan ex, Mega Absol ex",,14.214285714285714,Wounded (8-15 cards),Munkidori (2.9); Night Stretcher (1.9); Latias ex (1.1); Pecharunt ex (1.0); Fezandipiti ex (1.0),0.7908814589665653,0.0027279537149497634
metagross-cri,Metagross,0.0014091724314629,11,1.0065764023210833,0.4868913857677903,Metagross,,12.636363636363637,Wounded (8-15 cards),Metang (4.0); Night Stretcher (1.5); Buddy-Buddy Poffin (1.3); Precious Trolley (1.0),1.0065764023210833,0.002727953714949667
stevens-metagross,Steven's Metagross,0.001152959262106,9,1.230260047281324,0.4219409282700422,Steven's Metagross ex,,8.222222222222221,Wounded (8-15 cards),Night Stretcher (1.8); Buddy-Buddy Poffin (1.6); Latias ex (1.0); Precious Trolley (1.0); Budew (1.0),1.230260047281324,0.002727953714949646
starmie-froslass,Starmie Froslass,0.0043556238790673,34,0.1628285356695869,0.4048640915593705,"Mega Starmie ex, Froslass",Froslass,16.676470588235293,Loses a partner (Froslass),Buddy-Buddy Poffin (3.6); Munkidori (2.4); Froslass (2.0); Night Stretcher (1.8); Crispin (1.7),0.3,0.0025130303822961503
cinccino-ex,Cinccino,0.0015372790161414,12,0.4613475177304964,0.3855421686746988,Cinccino ex,,8.916666666666666,Wounded (8-15 cards),Metang (4.3); Buddy-Buddy Poffin (1.5); Precious Trolley (1.1); Night Stretcher (1.0),0.4613475177304964,0.001363976857474882
manectric-eelektrik,Manectric Eelektrik,0.0020497053548552,16,0.3460106382978723,0.2793650793650793,"Eelektrik, Mega Manectric ex",,8.0625,Wounded (8-15 cards),Buddy-Buddy Poffin (3.5); Night Stretcher (1.7),0.3460106382978723,0.001363976857474882
okidogi-barbaracle,Okidogi Barbaracle,0.0015372790161414,12,0.4613475177304964,0.3958333333333333,"Okidogi, Barbaracle",Okidogi,10.333333333333334,Loses a partner (Okidogi),Okidogi (3.4); Night Stretcher (1.9); Bloodmoon Ursaluna (1.0); Legacy Energy (1.0),0.4613475177304964,0.001363976857474882
diancie-dusknoir,Diancie Dusknoir,0.001152959262106,9,0.6151300236406619,0.4166666666666667,"Mega Diancie ex, Dusknoir",Dusknoir,16.11111111111111,Loses a partner (Dusknoir),Duskull (2.7); Dusknoir (2.1); Night Stretcher (2.1); Powerglass (2.1); Dusclops (1.9); Latias ex (1.8); Secret Box (1.0),0.6151300236406619,0.0013639768574748227
mega-darkrai-ex,Mega Darkrai,0.0008967460927491,7,0.7908814589665653,0.3333333333333333,Mega Darkrai ex,,17.142857142857142,Gutted (15+ cards rotate),Janine's Secret Art (3.1); Night Stretcher (2.1); Cyrano (1.9); Pecharunt ex (1.7); Latias ex (1.6); Fezandipiti ex (1.0),0.7908814589665653,0.0013639768574748058
ogerpon-meganium,Ogerpon Meganium,0.0006405329233922,5,1.1072340425531917,0.474074074074074,"Teal Mask Ogerpon ex, Meganium",Teal Mask Ogerpon ex,16.2,Loses a partner (Teal Mask Ogerpon ex),Teal Mask Ogerpon ex (3.2); Bug Catching Set (3.8); Night Stretcher (1.2); Fezandipiti ex (1.0),1.1072340425531917,0.0013639768574747757
marnie-grimmsnarl-ex,Marnie's Grimmsnarl,0.0003843197540353,3,1.8453900709219857,0.4871794871794871,Marnie's Grimmsnarl ex,,13.333333333333334,Wounded (8-15 cards),Buddy-Buddy Poffin (3.0); Munkidori (2.0); Night Stretcher (2.0),1.8453900709219857,0.0013639768574747043
doublade-por,Doublade,0.0016653856008198,13,0.0,0.2619047619047618,Doublade,,8.538461538461538,Wounded (8-15 cards),Night Stretcher (1.6); Buddy-Buddy Poffin (1.5); Precious Trolley (1.0),0.3,0.0009608645579367346
rocket-spidops,Rocket's Spidops,0.0012810658467845,10,0.0,0.4154589371980676,Team Rocket's Spidops,,6.1,Intact (<8 cards),Night Stretcher (2.3); Secret Box (1.0),0.3,0.0007391265830282796
hop-zacian,Hop's Zacian,0.0010248526774276,8,0.0,0.3563218390804598,"Hop's Zacian ex, Hop's Snorlax",,8.875,Wounded (8-15 cards),Night Stretcher (1.9); Latias ex (1.2); Secret Box (1.0); Fezandipiti ex (1.0),0.3,0.0005913012664226237
yanmega-ex,Yanmega,0.0008967460927491,7,0.0,0.3106060606060606,Yanmega ex,,15.142857142857142,Gutted (15+ cards rotate),Buddy-Buddy Poffin (3.3),0.3,0.0005173886081197669
toxtricity-pfl,Toxtricity,0.0007686395080707,6,0.0,0.2649572649572649,Toxtricity,,13.0,Wounded (8-15 cards),Munkidori (2.3); Buddy-Buddy Poffin (2.0); Night Stretcher (1.7); Pecharunt ex (1.3); Fezandipiti ex (1.0),0.3,0.00044347594981696773
mega-abomasnow-ex,Mega Abomasnow,0.0006405329233922,5,0.0,0.0952380952380952,Mega Abomasnow ex,,3.4,Intact (<8 cards),Larry's Skill (3.5),0.3,0.00036956329151411097
mega-dragonite-ex,Mega Dragonite,0.0006405329233922,5,0.0,0.4111111111111111,Mega Dragonite ex,,12.2,Wounded (8-15 cards),Crispin (2.2),0.3,0.00036956329151411097
archaludon-ex,Archaludon,0.0005124263387138,4,0.0,0.1923076923076923,"Archaludon ex, Archaludon",Archaludon ex,19.75,Loses a partner (Archaludon ex),Archaludon ex (3.5); Duraludon (3.0); Night Stretcher (2.5); Full Metal Lab (2.0); Fezandipiti ex (1.0); Relicanth (1.0),0.3,0.00029565063321131184
decidueye-ex,Decidueye,0.0003843197540353,3,0.0,0.1538461538461538,Decidueye ex,,15.666666666666666,Gutted (15+ cards rotate),Bug Catching Set (3.7); Buddy-Buddy Poffin (2.3); Night Stretcher (2.0); Fezandipiti ex (1.0); Relicanth (1.0),0.3,0.00022173797490845503
alakazam-meg,Alakazam,0.0003843197540353,3,0.0,0.2222222222222222,Alakazam,,12.333333333333334,Wounded (8-15 cards),Buddy-Buddy Poffin (3.3); Lana's Aid (1.0),0.3,0.00022173797490845503
iono-bellibolt,Iono's Bellibolt,0.0003843197540353,3,0.0,0.2121212121212121,"Iono's Bellibolt ex, Iono's Voltorb",,6.333333333333333,Intact (<8 cards),Buddy-Buddy Poffin (4.0),0.3,0.00022173797490845503
mega-froslass-ex,Mega Froslass,0.0003843197540353,3,0.0,0.4202898550724637,"Mega Froslass ex, Froslass",,16.0,Gutted (15+ cards rotate),Buddy-Buddy Poffin (2.7),0.3,0.00022173797490845503
mega-manectric-ex-meg,Mega Manectric,0.0003843197540353,3,0.0,0.2666666666666666,"Mega Manectric ex, Manectric",,11.666666666666666,Wounded (8-15 cards),,0.3,0.00022173797490845503
ursaluna-lunatone,Ursaluna Lunatone,0.0003843197540353,3,0.0,0.3157894736842105,"Bloodmoon Ursaluna, Lunatone",Bloodmoon Ursaluna,9.333333333333334,Loses a partner (Bloodmoon Ursaluna),Bloodmoon Ursaluna (2.0); Night Stretcher (1.7),0.3,0.00022173797490845503
wailord-ex-pbl,Wailord,0.0003843197540353,3,0.0,0.1851851851851851,"Wailord ex, Wailord",,7.0,Intact (<8 cards),Heavy Baton (1.7),0.3,0.00022173797490845503
paldean-tauros-pfl,Paldean Tauros,0.0002562131693569,2,0.0,0.5128205128205129,"Paldean Tauros, Tauros",,8.0,Wounded (8-15 cards),Night Stretcher (1.5); Secret Box (1.0),0.3,0.00014782531660565592
mega-camerupt-ex,Mega Camerupt,0.0002562131693569,2,0.0,0.2083333333333333,Mega Camerupt ex,,14.0,Wounded (8-15 cards),Buddy-Buddy Poffin (2.5); Dudunsparce (2.0); Larvesta (2.0); Night Stretcher (2.0); Gravity Mountain (1.5); Fezandipiti ex (1.0); Maximum Belt (1.0),0.3,0.00014782531660565592
mega-charizard-x-ex,Mega Charizard X,0.0002562131693569,2,0.0,0.4047619047619047,"Mega Charizard X ex, Mega Charizard Y ex",,9.0,Wounded (8-15 cards),Lana's Aid (1.0); Night Stretcher (1.0),0.3,0.00014782531660565592
mega-feraligatr-ex,Mega Feraligatr,0.0002562131693569,2,0.0,0.1875,"Mega Feraligatr ex, Feraligatr",Feraligatr,23.0,Loses a partner (Feraligatr),Totodile (3.5); Crispin (3.0); Buddy-Buddy Poffin (2.5); Munkidori (2.5); Night Stretcher (2.5); Croconaw (2.0); Feraligatr (1.5); Fezandipiti ex (1.0); Relicanth (1.0); Xerosic's Machinations (1.0),0.3,0.00014782531660565592
mega-lopunny-ex,Mega Lopunny,0.0002562131693569,2,0.0,0.5208333333333334,Mega Lopunny ex,,18.5,Gutted (15+ cards rotate),,0.3,0.00014782531660565592
zygarde-barbaracle,Zygarde Barbaracle,0.0002562131693569,2,0.0,0.3541666666666667,"Barbaracle, Mega Zygarde ex",,2.5,Intact (<8 cards),,0.3,0.00014782531660565592
eelektrik-blk,Eelektrik,0.0002562131693569,2,0.0,0.1538461538461538,Eelektrik,,6.5,Intact (<8 cards),Buddy-Buddy Poffin (2.5); Fezandipiti ex (1.0),0.3,0.00014782531660565592
dudunsparce-control,Dudunsparce Control,0.0002562131693569,2,0.0,0.2333333333333333,"Dudunsparce, Elgyem",Dudunsparce,24.5,Loses a partner (Dudunsparce),Dudunsparce (4.0); Buddy-Buddy Poffin (2.5); Night Stretcher (1.5); Handheld Fan (1.5); Xerosic's Machinations (1.5); Budew (1.0); Dedenne (1.0); Lana's Aid (1.0),0.3,0.00014782531660565592
alolan-exeggutor-ex,Alolan Exeggutor ex,0.0002562131693569,2,0.0,0.25,"Alolan Exeggutor ex, Exeggutor",Alolan Exeggutor ex,26.5,Loses a partner (Alolan Exeggutor ex),Exeggcute (4.0); Alolan Exeggutor ex (3.0); Crispin (3.0); Buddy-Buddy Poffin (2.5); Night Stretcher (1.5),0.3,0.00014782531660565592
gengar-ex,Gengar,0.0002562131693569,2,0.0,0.3095238095238095,"Gengar ex, Mega Gengar ex",,11.0,Wounded (8-15 cards),Buddy-Buddy Poffin (4.0); Night Stretcher (2.0); Munkidori (1.5); Pecharunt ex (1.0),0.3,0.00014782531660565592
misty-gyarados,Misty's Gyarados,0.0002562131693569,2,0.0,0.238095238095238,"Misty's Psyduck, Misty's Gyarados",,13.0,Wounded (8-15 cards),Buddy-Buddy Poffin (3.5); Night Stretcher (3.5); Hassel (2.5); Max Rod (1.0); Morty's Conviction (1.0),0.3,0.00014782531660565592
dragonite-eelektrik,Dragonite Eelektrik,0.0001281065846784,1,0.0,0.1904761904761904,"Mega Dragonite ex, Eelektrik",,9.0,Wounded (8-15 cards),Crispin (2.0); Night Stretcher (2.0); Powerglass (2.0); Fezandipiti ex (1.0); Precious Trolley (1.0); Tatsugiri (1.0),0.3,7.39126583027991e-05
blaziken-zoroark,Blaziken Zoroark,0.0001281065846784,1,0.0,0.5833333333333334,"Blaziken ex, N's Zoroark ex",Blaziken ex,15.0,Loses a partner (Blaziken ex),Buddy-Buddy Poffin (4.0); Blaziken ex (3.0); Tatsugiri (2.0); Night Stretcher (2.0); Munkidori (1.0); Fezandipiti ex (1.0); Pecharunt (1.0); Unfair Stamp (1.0),0.3,7.39126583027991e-05
greninja-froslass,Greninja Froslass,0.0001281065846784,1,0.0,0.25,"Greninja ex, Froslass",Froslass,13.0,Loses a partner (Froslass),Buddy-Buddy Poffin (4.0); Munkidori (3.0); Night Stretcher (2.0); Froslass (2.0); Budew (1.0); Unfair Stamp (1.0),0.3,7.39126583027991e-05
ethan-magcargo,Ethan's Magcargo,0.0001281065846784,1,0.0,0.4285714285714285,"Ethan's Ho-Oh ex, Ethan's Magcargo",,6.0,Intact (<8 cards),Latias ex (2.0); Night Stretcher (2.0); Fezandipiti ex (1.0); Precious Trolley (1.0),0.3,7.39126583027991e-05
mega-froslass-dudunsparce,Froslass Dudunsparce,0.0001281065846784,1,0.0,0.4,"Dudunsparce, Mega Froslass ex",Dudunsparce,12.0,Loses a partner (Dudunsparce),Buddy-Buddy Poffin (4.0); Dudunsparce (4.0); Chandelure (3.0); Legacy Energy (1.0),0.3,7.39126583027991e-05
jellicent-dusknoir,Jellicent Dusknoir,0.0001281065846784,1,0.0,0.0,"Dusknoir, Jellicent ex",Dusknoir,13.0,Loses a partner (Dusknoir),Duskull (3.0); Dusclops (2.0); Dusknoir (2.0); Latias ex (2.0); Night Stretcher (2.0); Powerglass (1.0); Prime Catcher (1.0),0.3,7.39126583027991e-05
toxtricity-brute-bonnet,Toxtricity Brute Bonnet,0.0001281065846784,1,0.0,0.1333333333333333,"Toxtricity, Brute Bonnet",Brute Bonnet,16.0,Loses a partner (Brute Bonnet),Munkidori (3.0); Night Stretcher (3.0); Brute Bonnet (2.0); Pecharunt (2.0); Lively Stadium (2.0); Buddy-Buddy Poffin (1.0); Fezandipiti ex (1.0); Pecharunt ex (1.0); Secret Box (1.0),0.3,7.39126583027991e-05
