attacker,CRI,CUR,POR,WORLDS
Dragapult ex,2.080722355145105,2.0414342705156208,2.091617414168873,2.139282762016122
N's Zoroark ex,1.5170417276397092,1.5042510804134377,1.5426213859964704,1.5537843524913657
Teal Mask Ogerpon ex,1.3375102218349968,1.35585895119292,1.37876773276946,1.3630029103549068
Lillie's Clefairy ex,1.4583652898945172,1.4019683462675065,1.4780116519242883,1.4908224831152381
Mega Kangaskhan ex,1.647927472436053,1.6265848986251794,1.682443797187248,1.6711687817616294
Alakazam,1.1132981691514328,1.1270483044821007,1.1294695205673042,1.1182560617442379
Slowking,1.0855302648225862,1.0811302883575222,1.1228381806284278,1.0553363796388344
Mega Excadrill ex,1.748659216880847,1.7194020645353063,1.7930282628715883,1.7613738824902136
Dipplin,1.4297599128949912,1.4419581028074904,1.476086724568833,1.4605478482272074
Dhelmise,1.3060917841724045,1.2825397901263578,1.348971694345749,1.2857247641978278
Crustle,0.9844086281799596,1.0079354745734,1.0124986214069835,0.9924461482872046
Hydrapple ex,1.9045111002295663,1.8652049250756444,1.9575438300594359,1.9195757516677168
Mega Lucario ex,1.5586853276191543,1.5598940261424092,1.5903381771615726,1.6217891893018797
Hariyama,1.593499886771549,1.588738537508704,1.6284763615091082,1.651230402967104
Mega Lopunny ex,1.5109179067315242,1.4958942256980605,1.5353580202887835,1.548622925764398
Team Rocket's Honchkrow,1.3181487722149312,1.3092021885843153,1.3430765134605451,1.3397691226286152
Cynthia's Garchomp ex,1.618609326437405,1.61612455451376,1.6544031563588586,1.6771917148225461
Mega Sharpedo ex,1.651114480384595,1.6317575943019789,1.6862735850826618,1.6746897789872481
Marnie's Grimmsnarl ex,1.7810146611150222,1.7344107973171634,1.7896823272587008,1.8435633136537266
Team Rocket's Mewtwo ex,1.7026287664898647,1.675810359199754,1.7531022656422643,1.707690959530062
Raging Bolt ex,1.741701664309649,1.7170842503433474,1.7811913534953925,1.7601010148013472
Mega Greninja ex,2.0895435100771556,2.0500916499512467,2.1040130036605866,2.151173286096872
Ethan's Typhlosion,1.571454204437459,1.5701400524288185,1.585087215949463,1.6093668194699244
Arboliva ex,0.9495483475329394,0.9548494197218027,0.9622071387077562,0.9525661077915306
Mega Venusaur ex,1.6409002182467805,1.6263647518087552,1.6895014559894719,1.6584873992199425
Mega Chandelure ex,1.6181814129614684,1.5920448153254454,1.6700259056631448,1.6230270481211755
Greninja ex,1.9525017528122608,1.9103711735569653,1.9584936932720374,2.0027392955330763
Mega Starmie ex,1.4539207172862583,1.4440147503772958,1.4753290012831572,1.478790697538658
Mew ex,1.1678842893793484,1.1675194250305436,1.2126956802186437,1.1356064211803543
Hop's Trevenant,1.0388604603144338,1.033894473464971,1.0738518795671799,1.0103953426716366
Ceruledge ex,1.412301776333012,1.4172089739481866,1.4239704647253386,1.4373478558867048
Beedrill ex,1.7250879100119303,1.7066420713492059,1.7738149385753137,1.7377190439701482
Toucannon,1.3920447515805714,1.3841534784065228,1.4167291654917116,1.4221143672055259
Mega Absol ex,1.4082602320042765,1.4021288252131259,1.4414181382150666,1.4382348368259112
Mega Manectric ex,1.7025856686283927,1.6681174065714672,1.7348586946706375,1.70302153200723
Toxtricity,0.8920532672974881,0.9173423948234785,0.9030494756145966,0.9021244287401493
Moltres,0.8646729897079521,0.8421017783095199,0.8941005982659977,0.895698001705487
Iron Leaves ex,1.3375102218349968,1.35585895119292,1.37876773276946,1.3630029103549068
Wellspring Mask Ogerpon ex,1.819077613588152,1.8198160545792519,1.8365208967742963,1.826381490555402
Fezandipiti ex,0.8951394641254462,0.8979212457652168,0.8904075555794287,0.9074838409351934
Dudunsparce ex,1.0784954297850873,1.0844673094419515,1.0927534927240246,1.0804842783425013
Metagross,1.8231936034097922,1.7934742890335715,1.8643698856825581,1.853445551431677
Kyurem,2.7042873711537307,2.7049672108986327,2.7305276423599567,2.734669966673388
Yveltal,0.2678866643471803,0.2703752497031836,0.26837814101344004,0.28150232991057683
Bloodmoon Ursaluna ex,1.617805354305575,1.5981871606773814,1.6512065370581714,1.6430879311212379
Mega Dragonite ex,1.9050935345958324,1.871510711788576,1.9582267863665743,1.9242960220331593
Hop's Zacian ex,1.5067002353015053,1.484290837294356,1.5442624094870527,1.5189446100495345
Steven's Metagross ex,1.4150310946309508,1.3916717681093096,1.4527161826409325,1.426344142416662
Gengar ex,0.9956732625757292,1.0019004416548403,1.008479643226256,0.997289761551909
Mega Gengar ex,1.5902126463947353,1.5745513170016754,1.624310327563805,1.618396665915068
Mega Froslass ex,1.6516500205373743,1.6300806650176873,1.6876040481048098,1.675332907053434
Mega Darkrai ex,1.547938663680514,1.5385322339216734,1.5747223793243261,1.5863146435030044
Hydreigon ex,1.4082602320042765,1.4021288252131259,1.4414181382150666,1.4382348368259112
Mega Charizard X ex,1.7270613283422593,1.7104508535224952,1.757630254504068,1.7460253553880183
Mega Camerupt ex,1.7567927178668195,1.7384201154178278,1.7900751875612269,1.7753895297089368
Team Rocket's Spidops,0.9844086281799596,1.0079354745734,1.0124986214069835,0.9924461482872046
N's Zekrom,1.647927472436053,1.6265848986251794,1.682443797187248,1.6711687817616294
N's Reshiram,1.2514807462564344,1.242334470100642,1.26550709476604,1.2693879688021155
Munkidori,0.6164846819095109,0.6095534177137814,0.6382816598528787,0.6091597264796516
