deck_id,lists,day2_rate,effect_hand,effect_fitted,effect_data,power_hand,power_fitted,power_data,power_H_hand,power_H_fitted,power_H_data,offense_prizes,liability_prizes,prize_race,offense_H,dmgheal_units,wr,games,name,H_share_of_power,power_after_rotation,pred_wr,wr_vs_pred
dragapult-blaziken,358,0.17318435754189945,109.36831952022848,86.78981987065393,30.54628854063034,115.1379492595822,92.55944961000766,36.315918279984054,84.23794853396953,55.35173974382832,20.123263591697988,5.383150862953724,4.806187889018353,0.5769629739353718,5.115280137394343,5.293305815259096,0.48256966305234933,2859,Dragapult Blaziken,0.7316262715783861,30.90000072561267,0.504540249117794,-0.02197058606544472
grimmsnarl-froslass,99,0.10101010101010101,108.39884621644133,65.05990776798112,20.19272032898168,106.19203997379725,62.853101525337046,17.985914086337615,44.75697027403181,8.827404337292716,-10.004780889413347,3.8465270462627665,4.067207670527172,-0.22068062426440585,0.35298868370402103,7.246424787550667,0.43273231622746183,721,Grimmsnarl Froslass,0.4214719887203931,61.43506969976544,0.4959383577710909,-0.06320604154362908
dragapult-dudunsparce,37,0.16216216216216217,99.83288979266531,78.13626044907066,31.838282184233876,105.49217460662835,83.79554526303372,37.49756699819693,75.66419074009627,49.53320392509724,19.447068717098208,5.259027546310659,4.693099064914352,0.5659284813963058,4.738345119949659,4.8246185205459655,0.45454545454545453,286,Dragapult Dudunsparce,0.7172493222577108,29.82798386653208,0.4952654059611197,-0.040719951415665145
dragapult-ex,1360,0.2213235294117647,95.38091481808885,79.77957919822437,34.932665513712486,103.04850307823955,87.44716745837509,42.600253773863194,77.39413194217248,51.422752823238376,20.544729099476232,5.468622848991262,4.701864022976191,0.766758826015071,5.266348364110009,4.315511277342569,0.5154873543620346,9384,Dragapult,0.7510456690808114,25.65437113606707,0.49291570664015366,0.022571647721880972
ogerpon-meganium-hydrapple,226,0.18584070796460178,101.52178280362867,84.61916419909645,18.605648003495805,99.72348178338696,82.82086317885471,16.80734698325408,72.04836823776863,48.79390491454855,13.500331157947311,4.524025267916542,4.7038553699407135,-0.17983010202417227,4.499041456713474,1.152862868901572,0.4726284214473191,1778,Ogerpon Meganium Hydrapple,0.7224814752684582,27.67511354561833,0.48971855015330623,-0.01709012870598714
festival-lead,253,0.2134387351778656,90.98306580814958,81.37842199874719,42.51968891394035,99.46459962079314,89.85995581139075,51.00122272658391,52.68125166446184,54.6437724268778,34.114435735712775,4.350143852371874,3.5019904711075167,0.8481533812643562,4.340986145009561,4.487253014094892,0.5027870680044593,2093,Festival Lead,0.5296482554125598,46.7833479563313,0.48946962339101835,0.01331744461344092
kangaskhan-bouffalant,34,0.14705882352941177,104.02958318459423,48.46418421439714,12.21018299367387,92.3230478420709,36.75764887187383,0.5036476511505564,44.800725995520935,6.043237059102784,-11.637929579175992,4.4421652357075985,5.61281876995993,-1.1706535342523314,0.3739213218179436,8.313885762417586,0.4432367149758454,276,Kangaskhan Bouffalant,0.4852604744175873,47.52232184654997,0.48260270237885955,-0.03936598740301417
basic-box-m,444,0.2545045045045045,100.95908292289381,66.20237990748238,14.566217480993595,91.27359009227784,56.51688707686643,4.880724650377646,64.13658782440365,36.61725521231293,-0.5384341203248355,4.640466991466325,5.609016274527921,-0.968549283061595,2.1250249014755402,3.0986300190650526,0.5154723127035831,3684,Basic Box,0.7026850566473981,27.137002267874195,0.48159360187847555,0.033878710825107516
ethan-typhlosion,47,0.0425531914893617,86.35090749394834,90.49253564831345,44.18864616425377,91.06277039559511,95.20439854996022,48.900509065900536,15.426398069727972,15.747575017804472,-0.48709921156235586,4.171314246037578,3.700127955872902,0.4711862901646758,0.1171300051160816,3.1246350641684595,0.376984126984127,336,Ethan's Typhlosion,0.16940400564042338,75.63637232586714,0.48139088932386787,-0.10440676233974089
n-zoroark,564,0.2322695035460993,96.62210948249295,90.32404105133905,47.63460390058051,90.78277024922001,84.4847018180661,41.795264667307556,35.06643947497777,18.176174367726638,-4.891796312204951,4.106682452627895,4.690616375955192,-0.5839339233272951,0.12470089432363363,3.233737221902881,0.49803655037003475,4414,N's Zoroark,0.38626756353339037,55.71633077424224,0.481121656676941,0.016914893693093735
raging-bolt-ogerpon,78,0.1282051282051282,95.97450852337012,68.2121393840128,17.118427943218528,90.30067721688428,62.53830807752696,11.44459663673269,65.70183859134022,40.72804989275914,3.0066385790865158,4.876407820525354,5.443790951173938,-0.5673831306485834,3.3357247465700968,2.041930715162945,0.41681363903586127,567,Raging Bolt Ogerpon,0.7275896550979065,24.59883862554406,0.4806581026936982,-0.06384446365783691
seaking-pre,43,0.2558139534883721,96.99392126632917,84.64500414470258,45.58480907976295,89.38257334527223,77.03365622364565,37.973461158706,35.0744142304364,36.35279461450289,17.613440264218152,2.80202410178512,3.5631588938908147,-0.7611347921056943,1.4706095466136642,5.498876964604202,0.5,358,Seaking Festival Lead,0.3924077470330699,54.30815911483583,0.47977530481409714,0.020224695185902863
slowking-scr,440,0.2431818181818182,92.98364935398057,79.71754497314524,35.2242758358084,88.93641928374504,75.67031490290971,31.177045765572878,39.131894856553565,25.441389036945747,4.700398177648437,4.142147063568607,4.546870070592158,-0.4047230070235522,2.174448346685959,3.020134993529059,0.4991563554555681,3556,Slowking,0.4399985424610604,49.804524427191474,0.4793463077564984,0.01981004769906969
starmie-froslass,34,0.029411764705882353,100.35415835060891,63.95982851046269,27.639536636052384,88.6730250518716,52.278695211725385,15.958403337315076,48.318556559128375,12.86238970031389,-7.159073932268983,4.30712065871742,5.4752339885911505,-1.1681133298737312,0.15280555656047737,7.798915628262317,0.40486409155937053,233,Starmie Froslass,0.5449070507165304,40.35446849274323,0.4790930424380669,-0.07422895087869635
lopunny-dudunsparce,139,0.1366906474820144,101.69879830238624,67.84643382099021,28.70834453833185,88.63614554080253,54.783781059406515,15.64569177674815,19.488495078587704,19.78555509462041,8.558598106204963,4.197137054254527,5.503402330412897,-1.30626527615837,0.00639269702241355,6.254021840874085,0.4566420664206642,1084,Lopunny Dudunsparce,0.21987074189294956,69.14765046221483,0.47905758114095315,-0.022415514720288965
mega-venusaur-ex,46,0.06521739130434782,97.73851199768276,79.27539724496086,16.658387360022875,88.5395830618385,70.07646830911658,7.4594584241785915,36.652228875095986,23.53668059075321,-2.209788988064965,4.351564886307726,5.271457779892154,-0.9198928935844286,1.9967147378768615,1.5927382953538294,0.37367303609341823,314,Mega Venusaur,0.41396432654869236,51.88735418674251,0.47896473200447276,-0.10529169591105453
alakazam-dudunsparce,467,0.12205567451820129,93.31185648106087,68.40620079393791,16.273975925206788,88.461709858938,63.55605417181505,11.423829303083924,13.43598323090123,11.369816867184156,-2.313005113445563,3.3788725104293,3.8638871726415864,-0.48501466221228645,0.10585281667349433,2.6709942580412585,0.43746295198577356,3374,Alakazam Dudunsparce,0.15188473354546725,75.02572662803676,0.47888985344168267,-0.041426901455909104
toucannon-pbl,23,0.08695652173913043,86.76804035495819,73.39565255285939,27.914208192503985,84.2737104875325,70.9013226854337,25.419878325078304,20.088154210986485,19.3544311084523,1.6216532577072937,3.7967315450397705,4.046164531782339,-0.24943298674256792,0.4181296782810917,2.453130285501314,0.4024390243902439,164,Toucannon,0.23836798088958405,64.18555627654601,0.4748629049893734,-0.07242388059912946
dragapult-dusknoir,510,0.17647058823529413,86.73930472496926,80.62297377002042,36.288807348844976,83.14379315605444,77.0274622011056,32.69329577993016,57.76036859926076,38.21827553360726,9.142418068370835,5.638502595857003,5.9980537527484845,-0.3595511568914821,5.447592610004064,3.4051225873597137,0.4701233281222859,3838,Dragapult Dusknoir,0.6947045161970062,25.383424556793685,0.4737764390074776,-0.0036531108851917127
sharpedo-toxtricity,116,0.1724137931034483,94.0607329114363,77.81710069436862,36.38539718990427,82.90083452333779,66.6572023062701,25.225498801805742,44.16171761729658,8.160326809366461,-15.458721840887232,4.244876287286766,5.360866126096618,-1.1159898388098528,0.18574208780466775,4.188419737719023,0.4556040756914119,916,Sharpedo Toxtricity,0.5327053445386538,38.73911690604121,0.47354282343039,-0.017938747738978078
toxtricity-box,23,0.08695652173913043,100.07301434123245,66.28344975073792,21.94301966511486,82.32695044920318,48.537385858708646,4.196955773085592,37.20148013918331,2.54574525939692,-15.616934657785313,2.895050332210636,4.6696567214135625,-1.7746063892029267,0.45001610803317066,4.879617452924273,0.434108527131783,172,Toxtricity Box,0.45187487130520054,45.12547031001987,0.47299100826061696,-0.03888248112883397
lopunny-dusknoir,104,0.22115384615384615,94.41026800676615,73.16886067366269,21.481476526243327,78.59726202049522,57.355854687391755,5.668470539972395,8.561744098940688,-20.37225486711193,-35.53533639983357,4.418699401372907,6.0,-1.5813005986270936,0.365297800360992,3.2404990250813412,0.4944635357006491,873,Lopunny Dusknoir,0.10893183654041416,70.03551792155453,0.469404746250138,0.0250587894505111
alakazam-dusknoir,99,0.26262626262626265,103.08571947478245,74.75357511276546,18.38515791935727,76.45610395345336,48.12395959143635,-8.244457601971833,-6.031256016888693,-26.51165472501647,-42.462752708487166,3.33703844786709,6.0,-2.66296155213291,0.12671487299706866,3.655508059357583,0.5126984126984128,840,Alakazam Dusknoir,-0.07888521262554177,82.48735997034206,0.4673459271339999,0.04535248556441285
mega-starmie-ex,23,0.08695652173913043,85.77226496237562,60.16436327453311,25.707180983495686,74.45024223733989,48.842340549497386,14.385158258459967,24.801006993868402,11.710694046864361,-4.163540039415626,4.418754752187288,5.55095702469086,-1.132202272503572,0.11178772064620171,5.421728211496927,0.4457831325301205,166,Mega Starmie,0.33312191134053376,49.649235243471495,0.4654172015022817,-0.019634068972161245
beedrill-ex-cri,37,0.08108108108108109,74.12254925392558,78.656278188422,28.042078406621318,73.94347331291362,78.47720224741005,27.863002465609373,23.365682020905027,24.192872967224435,7.300863841400116,4.5227775561567745,4.540685150257969,-0.017907594101194316,0.12598914067323574,0.4564031542430187,0.37610062893081764,265,Beedrill,0.31599383926727714,50.5777912920086,0.46492992054664684,-0.0888292916158292
crustle-dri,288,0.1875,73.88738082964431,42.36032550181155,17.04690332935953,73.65488089840011,42.12782557056734,16.814403398115317,12.260113324751384,7.564617577898365,1.6589968403542885,3.9845301892470064,4.0077801823714285,-0.023249993124421848,0.017311029338889453,5.316345510197227,0.4936801881246326,2268,Crustle,0.16645350824289623,61.39476757364872,0.4646524260501318,0.029027762074500807
ogerpon-meganium-arboliva,32,0.1875,90.62856993758868,84.1476099085823,20.414396405312413,73.43497529406297,66.95401526505658,3.2208017617866944,42.15507494265095,28.947865088038927,-0.8658468265952841,3.59814347907482,5.3175029434273915,-1.7193594643525716,2.552815386460322,0.061584418724621046,0.5232974910394266,279,Ogerpon Meganium Arboliva,0.5740462875332251,31.279900351412017,0.464440976989493,0.058856514049933584
hops-trevenant,35,0.2,78.80281839785138,64.850241366124,31.88085158855964,73.18971636812874,59.237139336401356,26.267749558837007,7.3554304162866275,7.611732635336016,0.9609657502995564,3.258715906078856,3.8200261090511196,-0.5613102029722636,0.030288680613162366,4.279285725210126,0.4511904761904762,280,Hop's Trevenant,0.10049814074002382,65.83428595184212,0.46420514957773423,-0.013014673387258036
mega-greninja-ex,60,0.05,71.03823413822228,70.12853415695274,29.894790315624267,73.0964760561223,72.18677607485277,31.9530322335243,19.62447651457447,17.830601817264633,4.781172925024603,5.208368194378161,5.002544002588158,0.20582419179000322,1.7878423158070331,1.7728146898484285,0.38455476753349094,423,Mega Greninja,0.2684736333870201,53.47199954154783,0.46411549485316794,-0.079560727319677
mew-ex-30c,19,0.3157894736842105,86.90603198248157,66.26165679799827,24.721665401486653,71.57967807977039,50.9353028952871,9.39531149877548,37.273639275468355,20.568782148204527,-0.8562800645453233,4.274473288716685,5.8071086789878015,-1.5326353902711172,0.6655082489262378,2.9965450406840963,0.5166666666666667,180,Mew Box,0.5207293504998664,34.306038804302034,0.46265702585122864,0.054009640815438076
starmie-dusknoir,20,0.2,89.46544539816364,70.34190701453015,34.29678685451808,70.64505528102899,51.5215168973955,15.476396737383428,19.988330189593828,-8.257646881658088,-26.92851865191152,4.1179609882865345,6.0,-1.8820390117134653,0.2525190597607498,5.397611164046824,0.4261603375527426,158,Starmie Dusknoir,0.2829402583107822,50.65672509143516,0.461758344285376,-0.035598006732633414
mega-lucario-ex,93,0.10752688172043011,80.50692474024012,70.30854771115209,38.64684321550564,70.33043474692877,60.13205771784074,28.47035322219429,15.548531680793122,8.514090669047684,0.7992401406488007,4.487201124951142,5.504850124282276,-1.0176489993311348,0.016268369110490576,3.402793066162988,0.44093735054997607,697,Mega Lucario,0.221078281923632,54.781903066135655,0.46145582258933415,-0.020518472039358082
mega-excadrill-ex,384,0.13802083333333334,72.43592519974787,61.33228949332486,25.136968680913316,70.10517957332138,59.001543866898366,22.806223054486825,23.068480105305156,13.799733954794554,-4.303205520716777,4.47341577771842,4.706490340361069,-0.23307456264264936,0.07709957367551855,2.5886829425051054,0.4469083655989675,2841,Mega Excadrill,0.32905528872054834,47.036699468016224,0.46123922967890385,-0.014330864079936334
lucario-hariyama,205,0.12682926829268293,76.83716644368302,73.51246451062639,44.493370877981256,70.10486597445247,66.78016404139582,37.76107040875069,9.992281376913533,4.631649507969044,0.4129612770048731,4.620417514543336,5.2936475614663925,-0.6732300469230563,0.015160372406721743,3.213772141236077,0.4419753086419753,1485,Lucario Hariyama,0.14253334969009013,60.112584597538934,0.46123892813958456,-0.01926361949760924
cynthia-garchomp-ex,106,0.18867924528301888,63.9718046763253,69.1720031257055,39.09115332385363,70.05265335232697,75.25285180170718,45.17200199985531,9.988167363805953,12.981484594017925,6.245107997790777,4.38360471615809,3.7755198485579218,0.6080848676001681,0.0026713155905923264,2.0249801302126533,0.4625930278104191,851,Cynthia's Garchomp,0.14258085719567068,60.064485988521014,0.4611887233713377,0.0014043044390814052
rocket-mewtwo-ex,80,0.1375,72.28375516122577,65.58592511402341,30.870651127666104,69.91438830387547,63.21655825667309,28.5012842703158,9.163598741701332,9.15563311657991,4.3493474541332855,3.897831979115326,4.134768664850357,-0.23693668573503063,0.0027139587757426726,2.227234580481704,0.42646223736513345,587,Rocket's Mewtwo,0.13106885383696304,60.750789562174134,0.46105577535165276,-0.03459353798651932
dhelmise-pbl,246,0.15040650406504066,75.33264963392304,65.71909396269523,34.32153710050093,68.43879235770231,58.825236686474504,27.427679824280215,10.00488832438672,3.6001153145105875,-4.0717268405828735,3.512319968134756,4.201705695756828,-0.6893857276220722,0.16028243084245813,3.3492589032879896,0.4717398706162751,1958,Dhelmise,0.14618738846376997,58.43390403331559,0.45963692394201616,0.01210294667425893
greninja-ex,33,0.09090909090909091,70.9706941306354,63.23250548989761,25.76165443553713,61.010629951615215,53.27244131087743,15.801590256516954,26.166994636771413,8.179340424202662,-8.506627162149421,4.892946945371306,5.888953363273324,-0.996006417902018,2.93384549762605,2.70082382497031,0.4716459197786999,241,Greninja,0.4288923857616825,34.8436353148438,0.45249441401020213,0.01915150576849778
manectric-eelektrik,16,0.0625,66.6637255328923,56.38661651980103,24.407529748066864,56.27720281603594,46.00009380294466,14.0210070312105,11.070338816861398,10.452678598128795,2.302005587951838,4.436582646596451,5.475234918282087,-1.0386522716856361,0.08336839277487273,2.0798839697376685,0.27936507936507937,105,Manectric Eelektrik,0.19671089291785046,45.206863999174544,0.4479430124011463,-0.16857793303606694
mega-chandelure-ex,46,0.15217391304347827,64.18177476211191,55.03914097955951,20.429437248337877,52.393978937346844,43.251345154794436,8.641641423572803,4.92473479044196,2.8138143058183407,-2.6221062121611483,4.324424928312539,5.503204510789047,-1.1787795824765075,0.057679792967495216,2.3961179652387714,0.4287011807447775,367,Mega Chandelure,0.09399428885389671,47.469244146904884,0.44420911919786016,-0.015507938453082681
rockets-honchkrow,150,0.2,43.99695042900675,45.73114402198472,23.02510234582783,51.314488712080546,53.04868230505852,30.342640628901627,4.60606967698238,2.6307741553290795,-0.6294092570379022,3.951184779152828,3.219430950845448,0.7317538283073795,0.002350985652969947,0.03264,0.48429246594384207,1199,Rocket's Honchkrow,0.08976158181808037,46.70841903509817,0.4431711411309102,0.04112132481293185
other,80,0.025,71.16189545780789,57.61419822358391,23.746995018962508,50.893738519085296,37.34604128486132,3.478838080239919,15.633196107788233,4.335626627128815,-8.074756423560942,2.785490070919228,4.812305764791487,-2.0268156938722592,0.49527252205324784,2.9560171373835518,0.35654416505480335,517,Other,0.3071732704785627,35.26054241129707,0.44276657102756695,-0.0862224059727636
ceruledge-ex,30,0.1,36.68145034051004,47.71684620077324,32.54294371297105,34.61446578088783,45.64986164115103,30.475959153348846,13.104326778800175,10.661175561771993,7.172897174325009,4.211848294096079,4.418546750058299,-0.20669845596222056,4.175893445767922,0.5254297509635093,0.38028169014084506,213,Ceruledge,0.3785794893311816,21.51013900208766,0.42711332317719664,-0.04683163303635157
