deck_id,deck_name,lists,rot_copies,rot_unique,rot_pokemon,rot_trainer,rot_energy,core_rotating,core_rotating_copies
dragapult-ex,Dragapult,1360,26.61544117647059,10.968382352941177,16.56985294117647,10.036764705882353,0.008823529411764706,Dreepy (4.7); Drakloak (4.7); Buddy-Buddy Poffin (4.7); Dragapult ex (3.5); Night Stretcher (3.3); Crispin (2.4); Munkidori (2.3); Budew (2.2); Fezandipiti ex (1.2); Unfair Stamp (1.2),25.554411764705883
n-zoroark,N's Zoroark,564,16.99290780141844,10.852836879432624,4.374113475177305,12.617021276595745,0.0017730496453900709,Buddy-Buddy Poffin (4.2); Cyrano (2.4); Night Stretcher (2.0); Binding Mochi (1.8); Munkidori (1.3); Pecharunt ex (1.1); Black Belt's Training (1.1); Fezandipiti ex (1.1); Secret Box (1.0),14.609929078014185
dragapult-dusknoir,Dragapult Dusknoir,510,29.7,13.5,19.22156862745098,10.435294117647059,0.043137254901960784,Dreepy (4.2); Drakloak (4.2); Buddy-Buddy Poffin (4.2); Dragapult ex (3.0); Night Stretcher (2.8); Duskull (2.2); Dusclops (2.1); Crispin (2.0); Budew (1.7); Dusknoir (1.2); Fezandipiti ex (1.1); Unfair Stamp (1.1),27.82156862745098
alakazam-dudunsparce,Alakazam Dudunsparce,467,15.9186295503212,10.070663811563168,5.7237687366167025,9.201284796573876,0.9935760171306209,Buddy-Buddy Poffin (4.1); Dudunsparce (2.5); Genesect (1.3); Enriching Energy (1.1); Fezandipiti ex (1.1); Eri (1.1); Lana's Aid (1.1),11.042826552462527
basic-box-m,Basic Box,444,25.493243243243242,15.88063063063063,10.975225225225225,14.5,0.018018018018018018,Crispin (4.2); Area Zero Underdepths (3.6); Teal Mask Ogerpon ex (2.5); Latias ex (2.1); Night Stretcher (2.1); Cyrano (2.0); Glass Trumpet (1.4); Wellspring Mask Ogerpon ex (1.1); Fezandipiti ex (1.1); Ciphermaniac's Codebreaking (1.1); Chien-Pao (1.1); Iron Leaves ex (1.1); Raging Bolt ex (1.1),21.774774774774773
slowking-scr,Slowking,440,27.086363636363636,12.668181818181818,13.063636363636364,12.295454545454545,1.7272727272727273,Academy at Night (4.2); Slowpoke (4.1); Ciphermaniac's Codebreaking (3.7); Slowking (3.2); Night Stretcher (2.5); Latias ex (2.1); Kyurem (2.1); Boomerang Energy (2.0); Fezandipiti ex (1.1),23.09090909090909
mega-excadrill-ex,Mega Excadrill,384,13.143229166666666,6.041666666666667,7.0078125,6.119791666666667,0.015625,Metang (4.1); Buddy-Buddy Poffin (3.3),7.130208333333334
dragapult-blaziken,Dragapult Blaziken,358,26.1731843575419,12.167597765363128,16.712290502793294,9.460893854748603,0.0,Dreepy (4.2); Drakloak (4.2); Buddy-Buddy Poffin (4.1); Dragapult ex (2.1); Night Stretcher (2.1); Blaziken ex (2.1); Munkidori (2.0); Crispin (2.0); Budew (1.2); Fezandipiti ex (1.0); Unfair Stamp (1.0),24.87150837988827
crustle-dri,Crustle,288,12.996527777777779,7.302083333333333,0.18055555555555555,8.85763888888889,3.9583333333333335,Mist Energy (4.1); Eri (2.4); Buddy-Buddy Poffin (2.0); Xerosic's Machinations (1.4); Hero's Cape (1.0),10.510416666666666
festival-lead,Festival Lead,253,31.679841897233203,14.50197628458498,18.58498023715415,13.051383399209486,0.043478260869565216,Buddy-Buddy Poffin (4.1); Festival Grounds (3.9); Thwackey (3.5); Dipplin (3.3); Grookey (3.5); Goldeen (1.8); Night Stretcher (1.5); Rellor (1.3); Seaking (1.2); Rabsca (1.1); Secret Box (1.0); Kieran (1.1),25.691699604743082
dhelmise-pbl,Dhelmise,246,9.317073170731707,5.617886178861789,2.6991869918699187,6.0,0.6178861788617886,Night Stretcher (2.8),2.6707317073170733
ogerpon-meganium-hydrapple,Ogerpon Meganium Hydrapple,226,21.446902654867255,12.048672566371682,12.402654867256636,9.044247787610619,0.0,Bug Catching Set (4.1); Teal Mask Ogerpon ex (4.1); Hydrapple ex (2.1); Dipplin (2.1); Night Stretcher (1.6); Lana's Aid (1.0); Fezandipiti ex (1.0); Tapu Bulu (1.0); Unfair Stamp (1.0); Briar (1.0),17.884955752212388
lucario-hariyama,Lucario Hariyama,205,4.575609756097561,3.175609756097561,0.424390243902439,4.1414634146341465,0.00975609756097561,Gravity Mountain (2.1),1.9414634146341463
rockets-honchkrow,Rocket's Honchkrow,150,8.046666666666667,3.546666666666667,0.02,8.026666666666667,0.0,Roto-Stick (3.7); Night Stretcher (2.7); Miracle Headset (1.0),7.206666666666667
lopunny-dudunsparce,Lopunny Dudunsparce,139,15.755395683453237,7.287769784172662,5.762589928057554,5.237410071942446,4.755395683453237,Mist Energy (4.0); Buddy-Buddy Poffin (3.8); Dudunsparce (2.9); Fan Rotom (1.2); Night Stretcher (1.4); Dunsparce (1.4); Enriching Energy (1.0),14.81294964028777
sharpedo-toxtricity,Sharpedo Toxtricity,116,16.836206896551722,8.517241379310345,7.172413793103448,9.620689655172415,0.04310344827586207,Buddy-Buddy Poffin (3.8); Binding Mochi (2.9); Pecharunt ex (2.5); Munkidori (2.0); Tatsugiri (1.8); Night Stretcher (1.3); Fezandipiti ex (1.0); Unfair Stamp (1.0),15.75
cynthia-garchomp-ex,Cynthia's Garchomp,106,6.886792452830188,3.6132075471698113,0.3584905660377358,5.8584905660377355,0.6698113207547169,Buddy-Buddy Poffin (3.8); Night Stretcher (1.6),4.9245283018867925
lopunny-dusknoir,Lopunny Dusknoir,104,20.71153846153846,10.788461538461538,16.567307692307693,3.0,1.1442307692307692,Duskull (3.8); Dusknoir (3.6); Dusclops (2.1); Bronzor (2.0); Bronzong (2.0); Latias ex (1.7); Jamming Tower (1.5); Enriching Energy (1.0),16.903846153846153
grimmsnarl-froslass,Grimmsnarl Froslass,99,14.02020202020202,6.545454545454546,8.484848484848484,5.5353535353535355,0.0,Munkidori (3.9); Froslass (2.7); Buddy-Buddy Poffin (2.2); Night Stretcher (2.2); Budew (1.5); Secret Box (1.0),13.292929292929292
alakazam-dusknoir,Alakazam Dusknoir,99,19.272727272727273,9.919191919191919,12.575757575757576,6.595959595959596,0.10101010101010101,Duskull (3.7); Buddy-Buddy Poffin (3.1); Night Stretcher (2.1); Dusknoir (2.0); Dusclops (2.0); Abra (1.8); Budew (1.8); Fezandipiti ex (1.0); Prime Catcher (1.0),17.828282828282827
mega-lucario-ex,Mega Lucario,93,10.46236559139785,6.129032258064516,4.086021505376344,6.204301075268817,0.17204301075268819,Gravity Mountain (1.8),1.7096774193548387
other,Other,80,14.5125,8.1625,5.7875,7.925,0.8,Night Stretcher (2.1),1.6125
rocket-mewtwo-ex,Rocket's Mewtwo,80,6.15,3.725,0.0375,6.1125,0.0,Night Stretcher (2.4); Bug Catching Set (2.0),3.9625
raging-bolt-ogerpon,Raging Bolt Ogerpon,78,26.102564102564102,14.256410256410257,11.64102564102564,14.435897435897436,0.02564102564102564,Crispin (4.0); Teal Mask Ogerpon ex (3.0); Area Zero Underdepths (3.1); Raging Bolt ex (2.3); Night Stretcher (2.0); Latias ex (1.8); Cyrano (1.9); Glass Trumpet (1.8); Fezandipiti ex (1.0); Wellspring Mask Ogerpon ex (1.0),20.08974358974359
mega-greninja-ex,Mega Greninja,60,13.866666666666667,8.133333333333333,6.933333333333334,6.066666666666666,0.8666666666666667,Buddy-Buddy Poffin (3.9); Night Stretcher (1.6); Greninja ex (1.4); Neo Upper Energy (1.0); Fezandipiti ex (1.0),7.933333333333334
ethan-typhlosion,Ethan's Typhlosion,47,15.53191489361702,9.404255319148936,6.25531914893617,9.27659574468085,0.0,Buddy-Buddy Poffin (3.1); Night Stretcher (2.0); Victini (1.7); Lana's Aid (1.1); Kieran (1.0); Secret Box (1.0); Fezandipiti ex (1.0),10.23404255319149
mega-venusaur-ex,Mega Venusaur,46,13.391304347826088,6.804347826086956,5.6521739130434785,7.695652173913044,0.043478260869565216,Bug Catching Set (4.0); Teal Mask Ogerpon ex (3.8); Night Stretcher (1.8); Fezandipiti ex (1.0),10.217391304347826
mega-chandelure-ex,Mega Chandelure,46,11.934782608695652,6.673913043478261,5.826086956521739,5.1521739130434785,0.9565217391304348,Chandelure (3.8); Night Stretcher (2.0); Xerosic's Machinations (1.6); Lana's Aid (1.4); Comfey (1.5),9.08695652173913
seaking-pre,Seaking Festival Lead,43,30.023255813953487,12.232558139534884,15.395348837209303,11.116279069767442,3.511627906976744,Buddy-Buddy Poffin (4.0); Festival Grounds (4.0); Mist Energy (3.8); Grookey (3.5); Thwackey (3.2); Goldeen (3.2); Seaking (3.1); Secret Box (1.0); Rellor (1.1); Rabsca (1.0); Night Stretcher (1.1); Hand Trimmer (1.0),28.837209302325583
beedrill-ex-cri,Beedrill,37,16.43243243243243,8.594594594594595,6.216216216216216,10.135135135135135,0.08108108108108109,Buddy-Buddy Poffin (3.7); Bug Catching Set (3.4); Dudunsparce (2.7); Night Stretcher (1.7); Fan Rotom (1.1),11.567567567567567
dragapult-dudunsparce,Dragapult Dudunsparce,37,26.45945945945946,11.621621621621621,16.594594594594593,9.783783783783784,0.08108108108108109,Buddy-Buddy Poffin (3.9); Dreepy (3.9); Drakloak (3.9); Dragapult ex (2.8); Night Stretcher (2.3); Crispin (2.0); Munkidori (1.9); Dudunsparce (1.5); Budew (1.4); Fezandipiti ex (1.0),24.37837837837838
hops-trevenant,Hop's Trevenant,35,10.857142857142858,5.3428571428571425,1.0857142857142856,6.114285714285714,3.657142857142857,Mist Energy (3.8); Night Stretcher (2.8); Hassel (1.9); Secret Box (1.0),9.2
kangaskhan-bouffalant,Kangaskhan Bouffalant,34,19.470588235294116,10.352941176470589,7.235294117647059,8.823529411764707,3.411764705882353,Mist Energy (3.5); Crispin (3.0); Bouffalant (2.4); Ciphermaniac's Codebreaking (2.1); Munkidori (2.3); Night Stretcher (1.4),14.029411764705882
starmie-froslass,Starmie Froslass,34,16.676470588235293,9.205882352941176,7.029411764705882,8.911764705882353,0.7352941176470589,Buddy-Buddy Poffin (3.6); Munkidori (2.4); Froslass (2.0); Night Stretcher (1.8); Crispin (1.7),10.941176470588236
greninja-ex,Greninja,33,20.393939393939394,11.909090909090908,10.666666666666666,9.666666666666666,0.06060606060606061,Buddy-Buddy Poffin (3.9); Greninja ex (2.1); Colress's Tenacity (2.1); Duskull (2.1); Dusknoir (1.9); Dusclops (1.9); Night Stretcher (1.5); Budew (1.0); Grand Tree (1.0); Fezandipiti ex (1.0),17.272727272727273
ogerpon-meganium-arboliva,Ogerpon Meganium Arboliva,32,14.78125,8.75,6.28125,8.5,0.0,Bug Catching Set (3.9); Teal Mask Ogerpon ex (3.8); Night Stretcher (1.2); Lana's Aid (1.0); Budew (1.0); Fezandipiti ex (1.0); Unfair Stamp (1.0); Briar (1.0),13.5625
ceruledge-ex,Ceruledge,30,18.066666666666666,8.566666666666666,7.233333333333333,9.8,1.0333333333333334,Carmine (3.2); Ceruledge ex (3.0); Night Stretcher (2.6); Charcadet (3.3); Explorer's Guidance (2.6); Drilbur (1.1); Brilliant Blender (1.0),15.0
toxtricity-box,Toxtricity Box,23,12.826086956521738,9.043478260869565,7.260869565217392,5.521739130434782,0.043478260869565216,Munkidori (2.9); Night Stretcher (2.2); Buddy-Buddy Poffin (1.3); Pecharunt ex (1.1); Brute Bonnet (1.0); Fezandipiti ex (1.0); Secret Box (1.0); Pecharunt (1.0),11.217391304347826
toucannon-pbl,Toucannon,23,20.434782608695652,11.26086956521739,9.91304347826087,9.0,1.5217391304347827,Buddy-Buddy Poffin (3.1); Fan Rotom (1.9); Night Stretcher (1.4),6.0
mega-starmie-ex,Mega Starmie,23,14.869565217391305,8.565217391304348,6.0,8.173913043478262,0.6956521739130435,Buddy-Buddy Poffin (3.5); Night Stretcher (1.8),5.086956521739131
starmie-dusknoir,Starmie Dusknoir,20,19.9,9.45,12.4,6.85,0.65,Buddy-Buddy Poffin (4.0); Duskull (3.8); Dusclops (3.3); Dusknoir (2.1); Budew (1.1),13.35
mew-ex-30c,Mew Box,19,22.05263157894737,11.789473684210526,7.526315789473684,14.526315789473685,0.0,Crispin (3.9); Area Zero Underdepths (3.5); Dusk Ball (3.1); Latias ex (2.0); Wellspring Mask Ogerpon ex (1.9); Ciphermaniac's Codebreaking (1.6); Fezandipiti ex (1.2); Cyrano (1.1); Chien-Pao (1.0); Iron Crown ex (1.0); Prime Catcher (1.0),20.42105263157895
manectric-eelektrik,Manectric Eelektrik,16,8.0625,4.6875,1.1875,6.75,0.125,Buddy-Buddy Poffin (3.5); Night Stretcher (1.7),4.8125
clefairy-ogerpon,Clefairy Ogerpon,14,23.357142857142858,14.071428571428571,9.857142857142858,13.285714285714286,0.21428571428571427,Crispin (3.4); Area Zero Underdepths (3.4); Teal Mask Ogerpon ex (2.2); Latias ex (2.1); Night Stretcher (1.6); Cyrano (1.4); Fezandipiti ex (1.1); Ciphermaniac's Codebreaking (1.3); Wellspring Mask Ogerpon ex (1.1); Chien-Pao (1.0); Iron Leaves ex (1.0); Paldean Tauros (1.0),19.928571428571427
mega-absol-box,Mega Absol Box,14,14.214285714285714,8.785714285714286,6.357142857142857,6.571428571428571,1.2857142857142858,Munkidori (2.9); Night Stretcher (1.9); Latias ex (1.1); Pecharunt ex (1.0); Fezandipiti ex (1.0),7.571428571428571
lillie-clefairy,Lillie's Clefairy,14,23.642857142857142,11.714285714285714,8.214285714285714,15.285714285714286,0.14285714285714285,Crispin (3.9); Area Zero Underdepths (3.4); Dusk Ball (3.4); Latias ex (2.4); Fezandipiti ex (2.0); Ciphermaniac's Codebreaking (1.8); Wellspring Mask Ogerpon ex (1.6); Cyrano (1.3); Chien-Pao (1.0); Prime Catcher (1.0),21.857142857142858
doublade-por,Doublade,13,8.538461538461538,5.923076923076923,2.1538461538461537,6.230769230769231,0.15384615384615385,Night Stretcher (1.6); Buddy-Buddy Poffin (1.5); Precious Trolley (1.0),3.6153846153846154
okidogi-barbaracle,Okidogi Barbaracle,12,10.333333333333334,6.416666666666667,5.416666666666667,4.083333333333333,0.8333333333333334,Okidogi (3.4); Night Stretcher (1.9); Bloodmoon Ursaluna (1.0); Legacy Energy (1.0),7.083333333333333
cinccino-ex,Cinccino,12,8.916666666666666,5.0,5.083333333333333,3.4166666666666665,0.4166666666666667,Metang (4.3); Buddy-Buddy Poffin (1.5); Precious Trolley (1.1); Night Stretcher (1.0),6.5
metagross-cri,Metagross,11,12.636363636363637,7.818181818181818,7.454545454545454,5.181818181818182,0.0,Metang (4.0); Night Stretcher (1.5); Buddy-Buddy Poffin (1.3); Precious Trolley (1.0),7.727272727272727
rocket-spidops,Rocket's Spidops,10,6.1,3.7,0.0,6.1,0.0,Night Stretcher (2.3); Secret Box (1.0),3.0999999999999996
stevens-metagross,Steven's Metagross,9,8.222222222222221,6.444444444444445,2.6666666666666665,5.555555555555555,0.0,Night Stretcher (1.8); Buddy-Buddy Poffin (1.6); Latias ex (1.0); Precious Trolley (1.0); Budew (1.0),6.0
diancie-dusknoir,Diancie Dusknoir,9,16.11111111111111,9.11111111111111,10.0,6.111111111111111,0.0,Duskull (2.7); Dusknoir (2.1); Night Stretcher (2.1); Powerglass (2.1); Dusclops (1.9); Latias ex (1.8); Secret Box (1.0),13.555555555555555
tera-box,Tera Box,8,30.25,17.125,17.75,12.5,0.0,Noctowl (3.4); Crispin (3.2); Area Zero Underdepths (3.0); Hoothoot (3.4); Fan Rotom (2.0); Night Stretcher (1.9); Wellspring Mask Ogerpon ex (1.8); Teal Mask Ogerpon ex (1.7); Tera Orb (1.4); Latias ex (1.1); Fezandipiti ex (1.0); Sparkling Crystal (1.0); Terapagos ex (1.0),24.875
hop-zacian,Hop's Zacian,8,8.875,6.375,3.75,4.625,0.5,Night Stretcher (1.9); Latias ex (1.2); Secret Box (1.0); Fezandipiti ex (1.0),4.375
yanmega-ex,Yanmega,7,15.142857142857142,8.428571428571429,4.0,9.285714285714286,1.8571428571428572,Buddy-Buddy Poffin (3.3),2.857142857142857
mega-darkrai-ex,Mega Darkrai,7,17.142857142857142,10.0,5.571428571428571,10.857142857142858,0.7142857142857143,Janine's Secret Art (3.1); Night Stretcher (2.1); Cyrano (1.9); Pecharunt ex (1.7); Latias ex (1.6); Fezandipiti ex (1.0),11.285714285714285
joltik-box,Joltik Box,6,23.166666666666668,14.0,13.166666666666666,10.0,0.0,Crispin (3.7); Area Zero Underdepths (2.2); Pikachu ex (2.2); Joltik (2.0); Latias ex (2.0); Wellspring Mask Ogerpon ex (1.5); Night Stretcher (1.5); Galvantula (1.2); Fezandipiti ex (1.0); Precious Trolley (1.0); Iron Leaves ex (1.0),19.0
toxtricity-pfl,Toxtricity,6,13.0,8.833333333333334,5.5,7.5,0.0,Munkidori (2.3); Buddy-Buddy Poffin (2.0); Night Stretcher (1.7); Pecharunt ex (1.3); Fezandipiti ex (1.0),8.0
flareon-noctowl,Flareon Noctowl,6,34.0,19.0,19.666666666666668,14.333333333333334,0.0,Noctowl (3.7); Hoothoot (3.2); Buddy-Buddy Poffin (2.7); Crispin (2.7); Area Zero Underdepths (2.3); Flareon ex (2.0); Eevee (1.8); Fan Rotom (1.8); Tera Orb (1.8); Eevee ex (1.7); Night Stretcher (1.7); Sparkling Crystal (1.0); Leafeon ex (1.0); Fezandipiti ex (1.0),28.0
mega-dragonite-ex,Mega Dragonite,5,12.2,7.2,5.2,6.6,0.4,Crispin (2.2),1.8
ogerpon-meganium,Ogerpon Meganium,5,16.2,10.0,7.2,9.0,0.0,Teal Mask Ogerpon ex (3.2); Bug Catching Set (3.8); Night Stretcher (1.2); Fezandipiti ex (1.0),8.0
hydreigon-ex,Hydreigon,5,20.0,11.4,11.0,8.2,0.8,Deino (3.2); Hydreigon ex (2.6); Buddy-Buddy Poffin (3.0); Crispin (2.2); Night Stretcher (1.8); Zweilous (1.2); Neo Upper Energy (1.0),13.0
mega-abomasnow-ex,Mega Abomasnow,5,3.4,1.4,0.0,3.4,0.0,Larry's Skill (3.5),2.8
archaludon-ex,Archaludon,4,19.75,9.75,10.25,9.5,0.0,Archaludon ex (3.5); Duraludon (3.0); Night Stretcher (2.5); Full Metal Lab (2.0); Fezandipiti ex (1.0); Relicanth (1.0),12.0
archaludon-dudunsparce,Archaludon Dudunsparce,4,19.5,10.0,13.0,6.5,0.0,Duraludon (3.2); Archaludon ex (3.0); Dudunsparce (2.8); Night Stretcher (2.2); Fan Rotom (2.0); Dunsparce (1.7); Hero's Cape (1.0); Relicanth (1.0),15.5
palafin-ex,Palafin,4,21.0,11.25,13.5,7.5,0.0,Buddy-Buddy Poffin (3.5); Finizen (3.2); Palafin ex (2.5); Palafin (2.2); Dudunsparce (2.0); Night Stretcher (1.2); Kieran (1.3); Palafin (1.3); Dunsparce (1.0),17.5
azumarill-ssp,Azumarill,3,25.333333333333332,12.333333333333334,16.0,8.666666666666666,0.6666666666666666,Azumarill (3.7); Buddy-Buddy Poffin (2.3); Cornerstone Mask Ogerpon ex (2.0); Night Stretcher (2.0); Fezandipiti ex (1.0),11.0
decidueye-ex,Decidueye,3,15.666666666666666,8.666666666666666,5.0,10.333333333333334,0.3333333333333333,Bug Catching Set (3.7); Buddy-Buddy Poffin (2.3); Night Stretcher (2.0); Fezandipiti ex (1.0); Relicanth (1.0),10.0
alakazam-meg,Alakazam,3,12.333333333333334,8.333333333333334,3.3333333333333335,9.0,0.0,Buddy-Buddy Poffin (3.3); Lana's Aid (1.0),4.333333333333334
marnie-grimmsnarl-ex,Marnie's Grimmsnarl,3,13.333333333333334,7.333333333333333,7.333333333333333,6.0,0.0,Buddy-Buddy Poffin (3.0); Munkidori (2.0); Night Stretcher (2.0),7.0
iono-bellibolt,Iono's Bellibolt,3,6.333333333333333,2.6666666666666665,0.0,6.333333333333333,0.0,Buddy-Buddy Poffin (4.0),4.0
mega-froslass-ex,Mega Froslass,3,16.0,8.666666666666666,5.333333333333333,10.333333333333334,0.3333333333333333,Buddy-Buddy Poffin (2.7),2.6666666666666665
mega-manectric-ex-meg,Mega Manectric,3,11.666666666666666,7.0,2.3333333333333335,7.333333333333333,2.0,,
ursaluna-lunatone,Ursaluna Lunatone,3,9.333333333333334,6.666666666666667,4.333333333333333,5.0,0.0,Bloodmoon Ursaluna (2.0); Night Stretcher (1.7),3.666666666666667
wailord-ex-pbl,Wailord,3,7.0,4.333333333333333,2.0,5.0,0.0,Heavy Baton (1.7),1.6666666666666667
sinistcha-ogerpon,Sinistcha Ogerpon,3,21.333333333333332,10.666666666666666,10.0,11.333333333333334,0.0,Bug Catching Set (4.0); Teal Mask Ogerpon ex (4.0); Sinistcha (3.0); Tera Orb (2.3); Night Stretcher (1.3); Sinistcha ex (1.3); Prime Catcher (1.0); Fezandipiti ex (1.0),18.0
paldean-tauros-pfl,Paldean Tauros,2,8.0,5.5,0.5,7.5,0.0,Night Stretcher (1.5); Secret Box (1.0),2.5
mega-camerupt-ex,Mega Camerupt,2,14.0,8.5,6.5,7.5,0.0,Buddy-Buddy Poffin (2.5); Dudunsparce (2.0); Larvesta (2.0); Night Stretcher (2.0); Gravity Mountain (1.5); Fezandipiti ex (1.0); Maximum Belt (1.0),12.0
mega-charizard-x-ex,Mega Charizard X,2,9.0,6.5,3.0,5.5,0.5,Lana's Aid (1.0); Night Stretcher (1.0),2.0
mega-feraligatr-ex,Mega Feraligatr,2,23.0,12.0,13.0,10.0,0.0,Totodile (3.5); Crispin (3.0); Buddy-Buddy Poffin (2.5); Munkidori (2.5); Night Stretcher (2.5); Croconaw (2.0); Feraligatr (1.5); Fezandipiti ex (1.0); Relicanth (1.0); Xerosic's Machinations (1.0),20.5
mega-lopunny-ex,Mega Lopunny,2,18.5,10.5,7.5,8.5,2.5,,
zygarde-barbaracle,Zygarde Barbaracle,2,2.5,2.5,1.0,1.5,0.0,,
dragapult-froslass,Dragapult Froslass,2,26.0,11.5,16.5,9.5,0.0,Buddy-Buddy Poffin (4.0); Dreepy (4.0); Drakloak (4.0); Munkidori (2.0); Crispin (2.0); Dragapult ex (2.0); Froslass (2.0); Budew (1.5); Night Stretcher (1.5); Fezandipiti ex (1.0); Unfair Stamp (1.0),25.0
flareon-ex,Flareon,2,26.5,18.0,13.5,13.0,0.0,Buddy-Buddy Poffin (2.5); Crispin (2.5); Night Stretcher (2.5); Flareon ex (2.0); Eevee (2.0); Leafeon ex (1.5); Eevee ex (1.0); Fezandipiti ex (1.0); Xerosic's Machinations (1.0),16.0
eelektrik-blk,Eelektrik,2,6.5,4.0,1.5,5.0,0.0,Buddy-Buddy Poffin (2.5); Fezandipiti ex (1.0),3.5
bronzong-tef,Bronzong,2,22.0,10.0,11.0,9.5,1.5,Bronzong (3.0); Buddy-Buddy Poffin (3.0); Night Stretcher (2.5),8.5
dudunsparce-control,Dudunsparce Control,2,24.5,16.5,11.5,13.0,0.0,Dudunsparce (4.0); Buddy-Buddy Poffin (2.5); Night Stretcher (1.5); Handheld Fan (1.5); Xerosic's Machinations (1.5); Budew (1.0); Dedenne (1.0); Lana's Aid (1.0),14.0
alolan-exeggutor-ex,Alolan Exeggutor ex,2,26.5,12.0,13.0,13.0,0.5,Exeggcute (4.0); Alolan Exeggutor ex (3.0); Crispin (3.0); Buddy-Buddy Poffin (2.5); Night Stretcher (1.5),14.0
gengar-ex,Gengar,2,11.0,6.5,3.5,7.0,0.5,Buddy-Buddy Poffin (4.0); Night Stretcher (2.0); Munkidori (1.5); Pecharunt ex (1.0),8.5
misty-gyarados,Misty's Gyarados,2,13.0,6.0,0.0,13.0,0.0,Buddy-Buddy Poffin (3.5); Night Stretcher (3.5); Hassel (2.5); Max Rod (1.0); Morty's Conviction (1.0),11.5
sylveon-pre,Sylveon,2,23.5,13.0,12.0,8.5,3.0,Eevee (3.5); Mist Energy (3.0); Crispin (3.0); Sylveon (3.0); Night Stretcher (2.0); Espeon ex (1.5); Buddy-Buddy Poffin (1.0); Dedenne (1.0); Handheld Fan (1.0); Hero's Cape (1.0); Munkidori (1.0),21.0
okidogi-twm,Okidogi,2,18.0,9.0,6.5,10.5,1.0,Okidogi (4.0); Crispin (2.5); Colress's Tenacity (2.0); Night Stretcher (1.5); Cornerstone Mask Ogerpon ex (1.0); Legacy Energy (1.0),12.0
heatran-metang,Heatran Metang,1,12.0,5.0,8.0,4.0,0.0,Heatran (4.0); Metang (4.0); Buddy-Buddy Poffin (2.0); Lana's Aid (1.0); Precious Trolley (1.0),12.0
dragonite-eelektrik,Dragonite Eelektrik,1,9.0,6.0,2.0,7.0,0.0,Crispin (2.0); Night Stretcher (2.0); Powerglass (2.0); Fezandipiti ex (1.0); Precious Trolley (1.0); Tatsugiri (1.0),9.0
cornerstone-mask-ogerpon-ex,Cornerstone Mask Ogerpon,1,16.0,7.0,5.0,11.0,0.0,Crispin (4.0); Night Stretcher (4.0); Cornerstone Mask Ogerpon ex (3.0); Budew (2.0); Ciphermaniac's Codebreaking (1.0); Maximum Belt (1.0); Tera Orb (1.0),16.0
blaziken-zoroark,Blaziken Zoroark,1,15.0,8.0,8.0,7.0,0.0,Buddy-Buddy Poffin (4.0); Blaziken ex (3.0); Tatsugiri (2.0); Night Stretcher (2.0); Munkidori (1.0); Fezandipiti ex (1.0); Pecharunt (1.0); Unfair Stamp (1.0),15.0
conkeldurr-twm,Conkeldurr,1,25.0,12.0,12.0,9.0,4.0,Buddy-Buddy Poffin (4.0); Boomerang Energy (3.0); Conkeldurr (3.0); Dudunsparce (3.0); Fan Rotom (2.0); Brute Bonnet (2.0); Binding Mochi (2.0); Colress's Tenacity (2.0); Bloodmoon Ursaluna ex (1.0); Dunsparce (1.0); Enriching Energy (1.0); Gravity Mountain (1.0),25.0
blaziken-ex-jtg,Blaziken,1,27.0,15.0,17.0,10.0,0.0,Buddy-Buddy Poffin (3.0); Eevee (3.0); Hoothoot (3.0); Noctowl (3.0); Crispin (2.0); Fan Rotom (2.0); Blaziken ex (2.0); Night Stretcher (2.0); Bloodmoon Ursaluna ex (1.0); Flareon ex (1.0); Leafeon ex (1.0); Rescue Board (1.0); Sparkling Crystal (1.0); Sylveon ex (1.0); Tera Orb (1.0),27.0
greninja-froslass,Greninja Froslass,1,13.0,6.0,6.0,7.0,0.0,Buddy-Buddy Poffin (4.0); Munkidori (3.0); Night Stretcher (2.0); Froslass (2.0); Budew (1.0); Unfair Stamp (1.0),13.0
froslass-munkidori,Froslass Munkidori,1,18.0,8.0,9.0,9.0,0.0,Buddy-Buddy Poffin (4.0); Froslass (3.0); Munkidori (3.0); Crispin (2.0); Wellspring Mask Ogerpon ex (2.0); Night Stretcher (2.0); Fezandipiti ex (1.0); Hero's Cape (1.0),18.0
ethan-magcargo,Ethan's Magcargo,1,6.0,4.0,3.0,3.0,0.0,Latias ex (2.0); Night Stretcher (2.0); Fezandipiti ex (1.0); Precious Trolley (1.0),6.0
mega-froslass-dudunsparce,Froslass Dudunsparce,1,12.0,4.0,7.0,4.0,1.0,Buddy-Buddy Poffin (4.0); Dudunsparce (4.0); Chandelure (3.0); Legacy Energy (1.0),12.0
jellicent-dusknoir,Jellicent Dusknoir,1,13.0,7.0,9.0,4.0,0.0,Duskull (3.0); Dusclops (2.0); Dusknoir (2.0); Latias ex (2.0); Night Stretcher (2.0); Powerglass (1.0); Prime Catcher (1.0),13.0
slaking-ex,Slaking,1,26.0,15.0,13.0,10.0,3.0,Boomerang Energy (3.0); Slaking ex (3.0); Slakoth (3.0); Enhanced Hammer (2.0); Xerosic's Machinations (2.0); Buddy-Buddy Poffin (2.0); Dudunsparce (2.0); Vigoroth (2.0); Dunsparce (1.0); Budew (1.0); Colress's Tenacity (1.0); Night Stretcher (1.0); Maximum Belt (1.0); Lana's Aid (1.0); Fezandipiti ex (1.0),26.0
toxtricity-brute-bonnet,Toxtricity Brute Bonnet,1,16.0,9.0,9.0,7.0,0.0,Munkidori (3.0); Night Stretcher (3.0); Brute Bonnet (2.0); Pecharunt (2.0); Lively Stadium (2.0); Buddy-Buddy Poffin (1.0); Fezandipiti ex (1.0); Pecharunt ex (1.0); Secret Box (1.0),16.0
