sup_id,name,players,day2,topcut,events,share,day2_rate,day2_share,topcut_rate,topcut_share,day2_lift,topcut_lift,W,L,T,wr_all,wr_nonmirror,games_nonmirror,day2_rate_lo,day2_rate_hi,day2_lift_shrunk,wr_nonmirror_se,rank
dragapult-ex,Dragapult,2267,459,18,4,0.29041762746605176,0.20247022496691663,0.32553191489361705,0.007940008822232024,0.42857142857142855,1.1209096284338662,1.4757073539605519,8444,7635,3005,0.49495214140990706,0.5033237649191721,13238,0.18643803364734296,0.2195090830515936,1.1193304865736065,0.004345594714997049,1
alakazam-meg,Alakazam,569,83,3,4,0.07289264668203946,0.14586994727592267,0.058865248226950356,0.005272407732864675,0.07142857142857142,0.8075608570467038,0.9799146372081345,1787,1989,683,0.45182028855498246,0.4510795408941327,4153,0.119241710697342,0.17724792971983447,0.8171988775618939,0.007721475686423837,2
n-zoroark,N's Zoroark,564,131,2,4,0.0722521137586472,0.2322695035460993,0.09290780141843971,0.0035460992907801418,0.047619047619047616,1.2858835068658518,0.6590678824721378,2137,1918,741,0.4970809007506255,0.49803655037003475,4414,0.19930052352179675,0.2688610201199513,1.2714449459130313,0.007525762201079247,3
basic-box-m,Basic Box,444,113,4,4,0.0568793235972329,0.2545045045045045,0.08014184397163121,0.009009009009009009,0.09523809523809523,1.4089802568525973,1.6743886743886742,1849,1590,447,0.5141533710756562,0.5154723127035831,3684,0.21621282722981572,0.2970079186767727,1.3830954304695215,0.00823383500945797,4
slowking-scr,Slowking,440,107,3,4,0.05636689725851909,0.2431818181818182,0.07588652482269503,0.006818181818181818,0.07142857142857142,1.3462959381044488,1.267207792207792,1722,1563,523,0.49798669467787116,0.4991563554555681,3556,0.20543082396165602,0.2853785098186836,1.3241919420552286,0.008384718950879114,5
mega-excadrill-ex,Mega Excadrill,384,53,2,4,0.04919292851652575,0.13802083333333334,0.0375886524822695,0.005208333333333333,0.047619047619047616,0.7641068262411348,0.9680059523809523,1197,1358,452,0.44817647710896796,0.4469083655989675,2841,0.10709144442601758,0.17612108357510453,0.7812005344845306,0.009327648461466935,6
mega-lucario-ex,Mega Lucario,298,36,1,4,0.03817576223417884,0.12080536912751678,0.02553191489361702,0.003355704697986577,0.023809523809523808,0.6687990861059546,0.6236816874400767,905,1078,257,0.44226190476190474,0.44057698338037,2126,0.08854957709180317,0.16271333696643137,0.6990918526206538,0.010767117136353197,7
crustle-dri,Crustle,288,54,0,4,0.03689469638739431,0.1875,0.03829787234042553,0.0,0.0,1.038031914893617,0.0,1049,958,371,0.49313148303896837,0.4936801881246326,2268,0.1466438941486491,0.23658317149243846,1.034443998394219,0.010498174444011908,8
ogerpon-meganium,Ogerpon Meganium,263,49,3,4,0.033692031770433,0.18631178707224336,0.03475177304964539,0.011406844106463879,0.07142857142857142,1.0314537658765472,2.120043454644215,932,918,304,0.4797276385020117,0.4793059535179879,2094,0.14389266862824326,0.23776296527591564,1.0282332437731465,0.01091715255391636,9
festival-lead,Festival Lead,253,54,2,4,0.03241096592364848,0.2134387351778656,0.03829787234042553,0.007905138339920948,0.047619047619047616,1.181633167942141,1.4692264257481646,985,877,293,0.5023975251353442,0.5027870680044593,2093,0.16743166728414177,0.2680180417972531,1.1623787685136455,0.010928955134002558,10
dhelmise-pbl,Dhelmise,246,37,0,4,0.03151421983089931,0.15040650406504066,0.02624113475177305,0.0,0.0,0.83267600761114,0.0,837,840,343,0.47095709570957095,0.4717398706162751,1958,0.11113074610924091,0.20043306071876538,0.8508633980881899,0.01128155239571261,11
mega-lopunny-ex,Mega Lopunny,245,42,3,4,0.031386113246220856,0.17142857142857143,0.029787234042553193,0.012244897959183673,0.07142857142857142,0.9490577507598784,2.2758017492711367,861,879,257,0.47404439993323316,0.4737662337662338,1925,0.12939958592132508,0.2236024844720497,0.9546150870406188,0.011380361063114519,12
rockets-honchkrow,Rocket's Honchkrow,150,30,1,4,0.01921598770176787,0.2,0.02127659574468085,0.006666666666666667,0.023809523809523808,1.1072340425531915,1.2390476190476192,524,494,205,0.4843281548105751,0.48429246594384207,1199,0.14383992805606738,0.27114275543136385,1.0893617021276596,0.01443264744384853,13
mega-sharpedo-ex,Mega Sharpedo,116,20,0,4,0.014860363822700487,0.1724137931034483,0.014184397163120567,0.0,0.0,0.954512105649303,0.0,378,414,142,0.4553890078515346,0.4556040756914119,916,0.11447353817786551,0.25135602351022945,0.9638589332556106,0.0164552125342309,14
cynthia-garchomp-ex,Cynthia's Garchomp,106,20,0,4,0.013579297975915961,0.18867924528301888,0.014184397163120567,0.0,0.0,1.044560417503011,0.0,357,378,128,0.4631131711085361,0.4625930278104191,851,0.12559204496833837,0.2735427090774876,1.0347309136420524,0.017091745192889744,15
marnie-grimmsnarl-ex,Marnie's Grimmsnarl,102,11,0,4,0.013066871637202153,0.10784313725490197,0.007801418439716312,0.0,0.0,0.597037964121819,0.0,287,346,116,0.4348019581664442,0.43445190156599556,745,0.061292565929142756,0.1828609616063443,0.6886202450032236,0.018160486895569247,16
other,Other,80,2,0,4,0.010248526774276198,0.025,0.0014184397163120568,0.0,0.0,0.13840425531914893,0.0,167,295,63,0.3580952380952381,0.35654416505480335,517,0.006882748898125228,0.08664600055322111,0.37338491295938103,0.02106545126004923,17
rocket-mewtwo-ex,Rocket's Mewtwo,80,11,0,4,0.010248526774276198,0.1375,0.007801418439716312,0.0,0.0,0.7612234042553192,0.0,226,286,83,0.42633053221288514,0.42646223736513345,587,0.07854633679551142,0.22967297199630554,0.8263442940038683,0.020412784410875184,18
raging-bolt-ex,Raging Bolt,78,10,0,4,0.009992313604919293,0.1282051282051282,0.0070921985815602835,0.0,0.0,0.7097654118930714,0.0,216,287,70,0.4176847004072135,0.41681363903586127,567,0.0711524611999346,0.22016149160646212,0.7903861308116628,0.020705375480988497,19
mega-starmie-ex,Mega Starmie,77,7,0,4,0.00986420702024084,0.09090909090909091,0.004964539007092199,0.0,0.0,0.5032882011605416,0.0,216,282,59,0.42309994015559543,0.42197935640558587,549,0.04473514189357164,0.17596311247051816,0.6425531914893617,0.021078082746405644,20
mega-greninja-ex,Mega Greninja,60,3,0,4,0.007686395080707148,0.05,0.002127659574468085,0.0,0.0,0.27680851063829787,0.0,144,220,67,0.38592420726991494,0.38455476753349094,423,0.01714919117914121,0.13700734625099836,0.5178723404255319,0.023653947151395793,21
ethan-typhlosion,Ethan's Typhlosion,47,2,0,4,0.006021009479887266,0.0425531914893617,0.0014184397163120568,0.0,0.0,0.2355817111815301,0.0,113,181,46,0.3774509803921569,0.376984126984127,336,0.01174802937056972,0.1424878719385944,0.5334070185134014,0.026438782333312583,22
mega-chandelure-ex,Mega Chandelure,46,7,0,3,0.0058929028952088135,0.15217391304347827,0.004964539007092199,0.0,0.0,0.8424606845513414,0.0,136,167,64,0.4287011807447775,0.4287011807447775,367,0.07572186234017478,0.28224417406315094,0.9046472564389697,0.02583306703654198,23
mega-venusaur-ex,Mega Venusaur,46,3,0,4,0.0058929028952088135,0.06521739130434782,0.002127659574468085,0.0,0.0,0.36105457909343197,0.0,99,159,58,0.3744725738396624,0.37367303609341823,314,0.02242745446634356,0.17503009103781358,0.6132698768197088,0.027301192094440357,24
seaking-pre,Seaking Festival Lead,43,11,0,4,0.005508583141173457,0.2558139534883721,0.007801418439716312,0.0,0.0,1.4162295893122216,0.0,162,143,57,0.5,0.5,358,0.14929365877065542,0.40238689868254857,1.2451763334304866,0.0264258211290845,25
beedrill-ex-cri,Beedrill,37,3,0,4,0.004739943633102741,0.08108108108108109,0.002127659574468085,0.0,0.0,0.4488786658999425,0.0,87,140,38,0.37610062893081764,0.37610062893081764,265,0.027960066396321384,0.2130099249850153,0.6956494125119085,0.029756809643905487,26
hops-trevenant,Hop's Trevenant,35,7,0,4,0.004483730463745837,0.2,0.004964539007092199,0.0,0.0,1.1072340425531915,0.0,109,118,55,0.4515366430260047,0.4511904761904762,280,0.10042319445900802,0.35891936609462516,1.0577414075286415,0.029738000604414713,27
kangaskhan-bouffalant,Kangaskhan Bouffalant,34,5,0,4,0.004355623879067384,0.14705882352941177,0.0035460992907801418,0.0,0.0,0.814142678347935,0.0,108,123,49,0.444047619047619,0.4432367149758454,276,0.06449346382626417,0.30128388174051957,0.9012632978723404,0.029901888449965067,28
greninja-ex,Greninja,34,3,0,4,0.004355623879067384,0.08823529411764706,0.002127659574468085,0.0,0.0,0.488485607008761,0.0,108,117,26,0.46480743691899074,0.464524765729585,249,0.030465390304310128,0.22960817952360413,0.7282579787234043,0.03160635819780489,29
ceruledge-ex,Ceruledge,30,3,0,4,0.003843197540353574,0.1,0.002127659574468085,0.0,0.0,0.5536170212765957,0.0,72,114,27,0.38028169014084506,0.38028169014084506,213,0.03459925995971615,0.25621441315266624,0.7768085106382978,0.03326289691525202,30
toxtricity-pfl,Toxtricity,30,2,0,4,0.003843197540353574,0.06666666666666667,0.0014184397163120568,0.0,0.0,0.3690780141843972,0.0,75,109,32,0.396604938271605,0.39563862928348914,214,0.01847663532769335,0.21323817721072091,0.6845390070921985,0.033426492396531504,31
lillie-clefairy,Lillie's Clefairy,28,10,0,4,0.0035869843709966692,0.35714285714285715,0.0070921985815602835,0.0,0.0,1.9772036474164134,0.0,126,90,33,0.5502008032128514,0.5506072874493927,247,0.20705611972458876,0.5417002241777278,1.4717534849596479,0.031650859909714155,32
toucannon-pbl,Toucannon,23,2,0,3,0.0029464514476044068,0.08695652173913043,0.0014184397163120568,0.0,0.0,0.4814061054579093,0.0,56,77,33,0.4036144578313253,0.4024390243902439,164,0.02417949540723341,0.2679640429809402,0.7749498193496588,0.03829298605123339,33
mew-ex-30c,Mew Box,19,6,0,3,0.002434025108890597,0.3157894736842105,0.00425531914893617,0.0,0.0,1.7482642777155655,0.0,87,75,18,0.5166666666666667,0.5166666666666667,180,0.15364171004428598,0.5398998982493537,1.2901432913590969,0.03724708953747052,34
mega-manectric-ex-meg,Mega Manectric,19,1,0,4,0.002434025108890597,0.05263157894736842,0.0007092198581560284,0.0,0.0,0.2913773796192609,0.0,28,77,20,0.2773333333333333,0.2773333333333333,125,0.009351752490529969,0.2463921533654521,0.7252279635258359,0.040041933575246394,35
mega-absol-box,Mega Absol Box,14,2,0,4,0.0017934921854983346,0.14285714285714285,0.0014184397163120568,0.0,0.0,0.7908814589665653,0.0,41,48,15,0.4423076923076923,0.4423076923076923,104,0.040093073737921175,0.39941907763863693,0.9334622823984526,0.04870156347525201,36
okidogi-twm,Okidogi,14,1,0,4,0.0017934921854983346,0.07142857142857142,0.0007092198581560284,0.0,0.0,0.3954407294832826,0.0,32,48,16,0.3888888888888889,0.3888888888888889,96,0.012721886112291636,0.3146926955395781,0.8076402321083171,0.04975505847269602,37
doublade-por,Doublade,13,0,0,3,0.001665385600819882,0.0,0.0,0.0,0.0,0.0,0.0,15,45,10,0.26190476190476186,0.26190476190476186,70,0.0,0.22810184305529166,0.6976744186046512,0.05255074521646018,38
cinccino-ex,Cinccino,12,1,0,4,0.0015372790161414297,0.08333333333333333,0.0007092198581560284,0.0,0.0,0.4613475177304964,0.0,28,43,12,0.3855421686746988,0.3855421686746988,83,0.014864709450773478,0.35388592179859524,0.8460992907801418,0.05342480413597767,39
metagross-cri,Metagross,11,2,0,4,0.001409172431462977,0.18181818181818182,0.0014184397163120568,0.0,0.0,1.0065764023210833,0.0,39,37,13,0.4868913857677903,0.4868913857677903,89,0.05136660067100063,0.4769861375782448,1.0017644006227295,0.05298167631444751,40
rocket-spidops,Rocket's Spidops,10,0,0,3,0.0012810658467845247,0.0,0.0,0.0,0.0,0.0,0.0,26,35,8,0.41545893719806765,0.41545893719806765,69,-2.7755575615628914e-17,0.2775401687666166,0.75,0.059326266722195146,41
mega-diancie-ex,Mega Diancie,9,1,0,4,0.0011529592621060721,0.1111111111111111,0.0007092198581560284,0.0,0.0,0.6151300236406619,0.0,22,29,9,0.4166666666666667,0.4166666666666667,60,0.019890371327130535,0.4350062147680601,0.9111838516093834,0.06364688465216445,42
stevens-metagross,Steven's Metagross,9,2,0,3,0.0011529592621060721,0.2222222222222222,0.0014184397163120568,0.0,0.0,1.2302600472813239,0.0,30,39,10,0.4219409282700422,0.4219409282700422,79,0.06322376231222723,0.5474166563271946,1.053136933987998,0.05556462554228086,43
archaludon-ex,Archaludon,8,0,0,3,0.0010248526774276198,0.0,0.0,0.0,0.0,0.0,0.0,19,31,8,0.37356321839080464,0.37356321839080464,58,0.0,0.3244156195108769,0.7894736842105263,0.06351944316185028,44
flareon-ex,Flareon,8,0,0,3,0.0010248526774276198,0.0,0.0,0.0,0.0,0.0,0.0,16,29,7,0.35256410256410253,0.35256410256410253,52,0.0,0.3244156195108769,0.7894736842105263,0.0662545580648653,45
tera-box,Tera Box,8,3,0,3,0.0010248526774276198,0.375,0.002127659574468085,0.0,0.0,2.076063829787234,0.0,34,37,7,0.4658119658119658,0.4658119658119658,78,0.13684175946152105,0.6942621454161981,1.2265397536394176,0.05648135366449549,46
hop-zacian,Hop's Zacian,8,0,0,3,0.0010248526774276198,0.0,0.0,0.0,0.0,0.0,0.0,16,28,14,0.3563218390804598,0.3563218390804598,58,0.0,0.3244156195108769,0.7894736842105263,0.06288421024264368,47
mega-darkrai-ex,Mega Darkrai,7,1,0,4,0.0008967460927491673,0.14285714285714285,0.0007092198581560284,0.0,0.0,0.7908814589665653,0.0,18,36,2,0.33333333333333337,0.33333333333333337,56,0.02567895594897479,0.51313450331903,0.9604370327774583,0.06299407883487121,48
yanmega-ex,Yanmega,7,0,0,3,0.0008967460927491673,0.0,0.0,0.0,0.0,0.0,0.0,11,25,8,0.3106060606060606,0.3106060606060606,44,0.0,0.35433884297520657,0.8108108108108109,0.0697609450065079,49
joltik-box,Joltik Box,6,0,0,3,0.0007686395080707148,0.0,0.0,0.0,0.0,0.0,0.0,12,19,7,0.37719298245614036,0.37719298245614036,38,0.0,0.3903430336530645,0.8333333333333333,0.07862610327934526,50
mega-dragonite-ex,Mega Dragonite,6,0,0,3,0.0007686395080707148,0.0,0.0,0.0,0.0,0.0,0.0,11,18,8,0.36936936936936937,0.36936936936936937,37,0.0,0.3903430336530645,0.8333333333333333,0.07934455112357232,51
hydreigon-ex,Hydreigon,5,0,0,3,0.0006405329233922624,0.0,0.0,0.0,0.0,0.0,0.0,10,23,6,0.3076923076923077,0.3076923076923077,39,-2.7755575615628914e-17,0.43449149475208104,0.8571428571428571,0.07390530175619406,52
mega-abomasnow-ex,Mega Abomasnow,5,0,0,2,0.0006405329233922624,0.0,0.0,0.0,0.0,0.0,0.0,2,19,0,0.09523809523809523,0.09523809523809523,21,-2.7755575615628914e-17,0.43449149475208104,0.8571428571428571,0.06405644848900469,53
palafin-ex,Palafin,4,0,0,2,0.0005124263387138099,0.0,0.0,0.0,0.0,0.0,0.0,10,15,3,0.39285714285714285,0.39285714285714285,28,0.0,0.48990002040399916,0.8823529411764706,0.09229618630166095,54
mega-froslass-ex,Mega Froslass,4,0,0,2,0.0005124263387138099,0.0,0.0,0.0,0.0,0.0,0.0,11,15,2,0.41666666666666663,0.41666666666666663,28,0.0,0.48990002040399916,0.8823529411764706,0.09316949906249124,55
decidueye-ex,Decidueye,3,0,0,2,0.0003843197540353574,0.0,0.0,0.0,0.0,0.0,0.0,1,9,3,0.15384615384615385,0.15384615384615385,13,0.0,0.5615060804490177,0.9090909090909091,0.10006825162892168,56
azumarill-ssp,Azumarill,3,0,0,2,0.0003843197540353574,0.0,0.0,0.0,0.0,0.0,0.0,8,13,3,0.375,0.375,24,0.0,0.5615060804490177,0.9090909090909091,0.09882117688026186,57
wailord-ex-pbl,Wailord,3,0,0,1,0.0003843197540353574,0.0,0.0,0.0,0.0,0.0,0.0,2,12,4,0.18518518518518517,0.18518518518518517,18,0.0,0.5615060804490177,0.9090909090909091,0.0915580060135267,58
bloodmoon-ursaluna-sfa,Bloodmoon Ursaluna,3,0,0,2,0.0003843197540353574,0.0,0.0,0.0,0.0,0.0,0.0,5,11,3,0.3157894736842105,0.3157894736842105,19,0.0,0.5615060804490177,0.9090909090909091,0.10663920529041639,59
iono-bellibolt,Iono's Bellibolt,3,0,0,2,0.0003843197540353574,0.0,0.0,0.0,0.0,0.0,0.0,2,8,1,0.21212121212121213,0.21212121212121213,11,0.0,0.5615060804490177,0.9090909090909091,0.12326092187987378,60
sinistcha-ogerpon,Sinistcha Ogerpon,3,0,0,1,0.0003843197540353574,0.0,0.0,0.0,0.0,0.0,0.0,8,10,1,0.4385964912280702,0.4385964912280702,19,0.0,0.5615060804490177,0.9090909090909091,0.11383959377597372,61
alolan-exeggutor-ex,Alolan Exeggutor ex,2,0,0,2,0.00025621316935690495,0.0,0.0,0.0,0.0,0.0,0.0,3,9,0,0.25,0.25,12,0.0,0.6576280471103807,0.9375,0.125,62
eelektrik-blk,Eelektrik,2,0,0,2,0.00025621316935690495,0.0,0.0,0.0,0.0,0.0,0.0,2,11,0,0.15384615384615385,0.15384615384615385,13,0.0,0.6576280471103807,0.9375,0.10006825162892168,63
blaziken-ex-jtg,Blaziken,2,0,0,2,0.00025621316935690495,0.0,0.0,0.0,0.0,0.0,0.0,6,6,4,0.4583333333333333,0.4583333333333333,16,0.0,0.6576280471103807,0.9375,0.1245652160739729,64
bronzong-tef,Bronzong,2,0,0,1,0.00025621316935690495,0.0,0.0,0.0,0.0,0.0,0.0,2,6,2,0.26666666666666666,0.26666666666666666,10,0.0,0.6576280471103807,0.9375,0.1398411797560202,65
misty-gyarados,Misty's Gyarados,2,0,0,2,0.00025621316935690495,0.0,0.0,0.0,0.0,0.0,0.0,1,4,2,0.23809523809523808,0.23809523809523808,7,0.0,0.6576280471103807,0.9375,0.16098176280543172,66
paldean-tauros-pfl,Paldean Tauros,2,0,0,2,0.00025621316935690495,0.0,0.0,0.0,0.0,0.0,0.0,6,5,2,0.5128205128205129,0.5128205128205129,13,0.0,0.6576280471103807,0.9375,0.1386294547598073,67
dudunsparce-control,Dudunsparce Control,2,0,0,1,0.00025621316935690495,0.0,0.0,0.0,0.0,0.0,0.0,2,7,1,0.23333333333333334,0.23333333333333334,10,0.0,0.6576280471103807,0.9375,0.13374935098492585,68
mega-zygarde-ex,Mega Zygarde,2,0,0,1,0.00025621316935690495,0.0,0.0,0.0,0.0,0.0,0.0,5,9,2,0.3541666666666667,0.3541666666666667,16,0.0,0.6576280471103807,0.9375,0.11956500295051037,69
gengar-ex,Gengar,2,0,0,1,0.00025621316935690495,0.0,0.0,0.0,0.0,0.0,0.0,4,9,1,0.3095238095238095,0.3095238095238095,14,0.0,0.6576280471103807,0.9375,0.12355415841463381,70
mega-feraligatr-ex,Mega Feraligatr,2,0,0,2,0.00025621316935690495,0.0,0.0,0.0,0.0,0.0,0.0,2,11,3,0.1875,0.1875,16,0.0,0.6576280471103807,0.9375,0.09757809372497497,71
mega-camerupt-ex,Mega Camerupt,2,0,0,1,0.00025621316935690495,0.0,0.0,0.0,0.0,0.0,0.0,2,10,4,0.20833333333333331,0.20833333333333331,16,0.0,0.6576280471103807,0.9375,0.1015291077584267,72
mega-charizard-x-ex,Mega Charizard X,2,0,0,2,0.00025621316935690495,0.0,0.0,0.0,0.0,0.0,0.0,5,7,2,0.40476190476190477,0.40476190476190477,14,0.0,0.6576280471103807,0.9375,0.1311840869093666,73
sylveon-pre,Sylveon,2,0,0,2,0.00025621316935690495,0.0,0.0,0.0,0.0,0.0,0.0,5,7,0,0.4166666666666667,0.4166666666666667,12,0.0,0.6576280471103807,0.9375,0.14231876063832774,74
cornerstone-mask-ogerpon-ex,Cornerstone Mask Ogerpon,1,0,0,1,0.00012810658467845247,0.0,0.0,0.0,0.0,0.0,0.0,2,6,0,0.25,0.25,8,0.0,0.7934567085261071,0.967741935483871,0.15309310892394862,75
conkeldurr-twm,Conkeldurr,1,0,0,1,0.00012810658467845247,0.0,0.0,0.0,0.0,0.0,0.0,0,1,0,0.0,0.0,1,0.0,0.7934567085261071,0.967741935483871,0.0,76
froslass-munkidori,Froslass Munkidori,1,0,0,1,0.00012810658467845247,0.0,0.0,0.0,0.0,0.0,0.0,4,3,1,0.5416666666666666,0.5416666666666666,8,0.0,0.7934567085261071,0.967741935483871,0.17616181797174754,77
jellicent-dusknoir,Jellicent Dusknoir,1,0,0,1,0.00012810658467845247,0.0,0.0,0.0,0.0,0.0,0.0,0,2,0,0.0,0.0,2,0.0,0.7934567085261071,0.967741935483871,0.0,78
ethan-magcargo,Ethan's Magcargo,1,0,0,1,0.00012810658467845247,0.0,0.0,0.0,0.0,0.0,0.0,3,4,0,0.42857142857142855,0.42857142857142855,7,0.0,0.7934567085261071,0.967741935483871,0.1870439059165649,79
heatran-metang,Heatran Metang,1,0,0,1,0.00012810658467845247,0.0,0.0,0.0,0.0,0.0,0.0,1,7,0,0.125,0.125,8,0.0,0.7934567085261071,0.967741935483871,0.11692679333668567,80
slaking-ex,Slaking,1,0,0,1,0.00012810658467845247,0.0,0.0,0.0,0.0,0.0,0.0,0,7,0,0.0,0.0,7,0.0,0.7934567085261071,0.967741935483871,0.0,81
