card,deck_id,lists_simulated,inclusion_in_archetype,avg_copies,p_all_copies_prized,p_accessible,desire,p_played_if_in_deck,p_played_if_not_prized,archetype_share
Budew,dragapult-ex,250,1.0,1.908,0.01618666666666667,0.8914918000000001,0.8915517730496452,0.7948110949492198,0.8076239421004253,0.21347517730496454
Budew,n-zoroark,46,0.3511450381679389,1.0,0.09648550724637682,0.7608706521739129,0.7268085106382985,0.5530072654949125,0.6120699370952827,0.09290780141843971
Budew,slowking-scr,19,0.17757009345794392,1.0,0.09561403508771929,0.6457026315789474,0.5814468085106386,0.3754417343784996,0.41507498499440115,0.07588652482269503
Budew,dragapult-dusknoir,89,0.9888888888888889,1.6853932584269662,0.03554307116104869,0.8814235955056181,0.8915517730496452,0.7858347693808271,0.8143669304773287,0.06382978723404255
Budew,dragapult-blaziken,62,1.0,1.0806451612903225,0.08881720430107527,0.8207233870967742,0.8915517730496452,0.7317173909494393,0.8029149899611071,0.04397163120567376
Budew,alakazam-dusknoir,21,0.8076923076923077,1.7619047619047619,0.027777777777777773,0.84445,0.8915517730496452,0.7528708947517729,0.7738817982033096,0.018439716312056736
Budew,lopunny-dusknoir,17,0.7391304347826086,1.0,0.09745098039215687,0.680585294117647,0.7268085106382985,0.4946551839799754,0.548047819774719,0.016312056737588652
Chien-Pao,basic-box-m,112,0.9911504424778761,1.0,0.09883928571428571,0.7322566964285714,0.6329787234042549,0.46350290890957413,0.5143364694148933,0.08014184397163121
Dudunsparce,dragapult-ex,150,0.6046511627906976,1.0,0.10097777777777776,0.770563,0.7999999999999997,0.6164503999999997,0.6857111999999999,0.21347517730496454
Dudunsparce,alakazam-dudunsparce,57,1.0,2.2280701754385963,0.006228070175438596,0.9461105263157895,0.7999999999999997,0.7568884210526313,0.761614035087719,0.04042553191489362
Dudunsparce,dhelmise-pbl,24,0.6486486486486487,1.9166666666666667,0.03652777777777778,0.8824645833333333,0.7999999999999997,0.7059716666666664,0.7318549999999998,0.02624113475177305
Dudunsparce,lopunny-dudunsparce,19,1.0,3.0,0.0005263157894736842,0.9776789473684209,0.7999999999999997,0.7821431578947364,0.7825515789473682,0.01347517730496454
Dunsparce,dragapult-ex,152,0.6046511627906976,1.0,0.09617324561403509,0.8328667763157895,0.7999999999999997,0.6662934210526313,0.7371852631578946,0.21347517730496454
Dunsparce,alakazam-dudunsparce,60,1.0,2.716666666666667,0.006027777777777779,0.953725,0.7999999999999997,0.7629799999999998,0.7674206666666664,0.04042553191489362
Dunsparce,dhelmise-pbl,25,0.6486486486486487,2.32,0.028999999999999998,0.8598679999999999,0.7999999999999997,0.6878943999999997,0.7066079999999997,0.02624113475177305
Dunsparce,lopunny-dudunsparce,31,1.0,2.064516129032258,0.0324731182795699,0.9415306451612903,0.7999999999999997,0.753224516129032,0.7782038709677415,0.01347517730496454
Fan Rotom,lopunny-dudunsparce,19,1.0,1.4736842105263157,0.05701754385964912,0.807457894736842,0.8500000000000005,0.6863392105263162,0.7273785526315795,0.01347517730496454
Fezandipiti ex,dragapult-ex,250,1.0,1.0,0.09737333333333334,0.7462464,0.7999999999999997,0.5969971199999997,0.6613940799999998,0.21347517730496454
Fezandipiti ex,n-zoroark,117,0.8931297709923665,1.0,0.09646723646723646,0.8236991452991452,0.7999999999999997,0.6589593162393159,0.7293282051282051,0.09290780141843971
Fezandipiti ex,basic-box-m,113,1.0,1.0,0.09951327433628318,0.8566061946902654,0.7999999999999997,0.6852849557522122,0.7610598230088493,0.08014184397163121
Fezandipiti ex,slowking-scr,107,1.0,1.0,0.09809968847352028,0.7698990654205607,0.7999999999999997,0.6159192523364484,0.6829087850467288,0.07588652482269503
Fezandipiti ex,dragapult-dusknoir,89,0.9888888888888889,1.0,0.09683520599250935,0.7873129213483145,0.7999999999999997,0.6298503370786515,0.697413033707865,0.06382978723404255
Fezandipiti ex,dragapult-blaziken,62,1.0,1.0,0.09610215053763442,0.8099322580645161,0.7999999999999997,0.6479458064516126,0.71688064516129,0.04397163120567376
Fezandipiti ex,alakazam-dudunsparce,57,1.0,1.0,0.09576023391812866,0.7525026315789473,0.7999999999999997,0.6020021052631576,0.6657887719298243,0.04042553191489362
Fezandipiti ex,mega-excadrill-ex,35,0.660377358490566,1.0,0.09852380952380953,0.814237142857143,0.7999999999999997,0.6513897142857141,0.7225714285714283,0.0375886524822695
Fezandipiti ex,ogerpon-meganium-hydrapple,42,1.0,1.0,0.09706349206349205,0.7985702380952381,0.7999999999999997,0.6388561904761902,0.7076019047619047,0.029787234042553193
Fezandipiti ex,alakazam-dusknoir,25,0.9615384615384616,1.0,0.09513333333333332,0.7220399999999999,0.7999999999999997,0.5776319999999997,0.6384799999999998,0.018439716312056736
Fezandipiti ex,sharpedo-toxtricity,19,0.95,1.0,0.0987719298245614,0.8015342105263158,0.7999999999999997,0.6412273684210524,0.7113536842105261,0.014184397163120567
Genesect,alakazam-dudunsparce,53,0.9298245614035088,1.150943396226415,0.08518867924528303,0.7244018867924529,0.6000000000000003,0.43464113207547195,0.47452811320754734,0.04042553191489362
Genesect ex,mega-excadrill-ex,53,1.0,2.0,0.008427672955974843,0.775395283018868,0.8500000000000005,0.6590859905660382,0.6646911792452836,0.0375886524822695
Iron Leaves ex,basic-box-m,100,0.8849557522123894,1.0,0.10011666666666667,0.836628,0.5500000000000005,0.4601454000000004,0.5113311500000006,0.08014184397163121
Kyurem,slowking-scr,107,1.0,1.9813084112149533,0.010623052959501555,0.9650415887850468,0.34999999999999987,0.33776455607476624,0.341379859813084,0.07588652482269503
Latias ex,basic-box-m,113,1.0,2.0,0.008834808259587022,0.8439526548672566,0.9500000000000003,0.8017550221238939,0.8088779203539825,0.08014184397163121
Latias ex,slowking-scr,107,1.0,1.9813084112149533,0.009719626168224298,0.8786859813084111,0.8999999999999992,0.7908173831775693,0.7985069158878497,0.07588652482269503
Latias ex,dhelmise-pbl,19,0.5135135135135135,1.0,0.09815789473684211,0.7571052631578948,0.7500000000000007,0.5678289473684216,0.6296407894736847,0.02624113475177305
Latias ex,lopunny-dusknoir,22,0.9565217391304348,1.6363636363636365,0.04257575757575757,0.8504931818181819,0.7999999999999997,0.6803945454545453,0.7096799999999999,0.016312056737588652
Lillie's Clefairy ex,basic-box-m,113,1.0,1.991150442477876,0.011371681415929204,0.9123380530973453,0.6025066306164094,0.5496897263548163,0.5558542222927558,0.08014184397163121
Lillie's Clefairy ex,slowking-scr,106,0.9906542056074766,1.009433962264151,0.09726415094339623,0.8307900943396226,0.6025066306164094,0.5005565404900549,0.554466105465699,0.07588652482269503
Lillie's Clefairy ex,dragapult-blaziken,30,0.4838709677419355,1.0,0.09622222222222222,0.7057766666666667,0.6025066306164094,0.4252351214010141,0.4705004403815072,0.04397163120567376
Lillie's Clefairy ex,alakazam-dudunsparce,20,0.3508771929824561,1.0,0.09558333333333333,0.82508,0.6025066306164094,0.4971161707889871,0.5496667991113502,0.04042553191489362
Lillie's Clefairy ex,dhelmise-pbl,37,1.0,1.4594594594594594,0.05684684684684684,0.8823567567567567,0.6025066306164094,0.5316257965151362,0.5632728643873378,0.02624113475177305
Lunatone,lucario-hariyama,26,1.0,2.0384615384615383,0.00871794871794872,0.9160576923076924,0.9500000000000003,0.870254807692308,0.8778986538461541,0.018439716312056736
Meowth ex,dragapult-ex,247,0.9867109634551495,1.008097165991903,0.09577597840755735,0.5302028340080972,0.7500000000000007,0.39765212550607326,0.43965956477732837,0.21347517730496454
Meowth ex,n-zoroark,32,0.24427480916030533,1.0,0.09796875,0.6155546875,0.7500000000000007,0.46166601562500037,0.5117601562500005,0.09290780141843971
Meowth ex,basic-box-m,113,1.0,2.8584070796460175,0.0022713864306784667,0.8524181415929204,0.8500000000000005,0.7245554203539828,0.7260602212389385,0.08014184397163121
Meowth ex,slowking-scr,107,1.0,1.0186915887850467,0.0987227414330218,0.5575070093457944,0.7500000000000007,0.4181302570093462,0.46380315420560775,0.07588652482269503
Meowth ex,dragapult-dusknoir,85,0.9444444444444444,1.0235294117647058,0.09407843137254904,0.5810682352941177,0.7500000000000007,0.43580117647058864,0.4808726470588239,0.06382978723404255
Meowth ex,dragapult-blaziken,62,1.0,1.0161290322580645,0.09682795698924733,0.6019887096774192,0.7500000000000007,0.4514915322580648,0.49968870967741974,0.04397163120567376
Meowth ex,ogerpon-meganium-hydrapple,42,1.0,1.5476190476190477,0.04623015873015873,0.6571428571428571,0.8500000000000005,0.5585714285714289,0.5834278571428575,0.029787234042553193
Meowth ex,lucario-hariyama,23,0.8846153846153846,1.0,0.09956521739130435,0.5654,0.7500000000000007,0.42405000000000037,0.471039130434783,0.018439716312056736
Meowth ex,lopunny-dusknoir,23,1.0,1.0,0.09528985507246378,0.5692021739130435,0.7500000000000007,0.426901630434783,0.4718951086956526,0.016312056737588652
Mew ex,slowking-scr,26,0.24299065420560748,1.0,0.10006410256410256,0.8292230769230768,0.6000000000000003,0.4975338461538464,0.5528434615384619,0.07588652482269503
Moltres,dragapult-ex,110,0.4485049833887043,1.0,0.09710606060606063,0.8289613636363634,0.5142135704609317,0.4262631825696172,0.47210649104341496,0.21347517730496454
Moltres,dragapult-dusknoir,56,0.6222222222222222,1.0,0.09633928571428571,0.8460107142857142,0.5142135704609317,0.4350301900410603,0.48141041761959896,0.06382978723404255
Munkidori,dragapult-ex,248,0.9933554817275747,1.9838709677419355,0.009260752688172042,0.9082153225806452,0.8999999999999992,0.81739379032258,0.8250211088709671,0.21347517730496454
Munkidori,n-zoroark,131,1.0,1.2748091603053435,0.07246819338422392,0.7763095419847328,0.8999999999999992,0.6986785877862589,0.7521956106870223,0.09290780141843971
Munkidori,slowking-scr,29,0.27102803738317754,1.0,0.09896551724137931,0.8679862068965517,0.8999999999999992,0.7811875862068959,0.8669668965517234,0.07588652482269503
Munkidori,dragapult-dusknoir,47,0.5222222222222223,1.148936170212766,0.0850354609929078,0.8193829787234043,0.8999999999999992,0.7374446808510632,0.8055421276595738,0.06382978723404255
Munkidori,dragapult-blaziken,62,1.0,1.9516129032258065,0.011559139784946238,0.926691935483871,0.8999999999999992,0.8340227419354832,0.8436839516129025,0.04397163120567376
Munkidori,sharpedo-toxtricity,20,1.0,2.0,0.008499999999999999,0.9207925000000001,0.8999999999999992,0.8287132499999994,0.8358187499999993,0.014184397163120567
Patrat,dragapult-dusknoir,39,0.43333333333333335,1.0,0.09948717948717946,0.8798717948717948,0.482978723404255,0.42495935624659,0.4718968385160935,0.06382978723404255
Patrat,dhelmise-pbl,18,0.4864864864864865,1.0,0.10222222222222223,0.8175944444444444,0.482978723404255,0.39488072104018884,0.4399144621749407,0.02624113475177305
Pecharunt ex,n-zoroark,129,0.9847328244274809,1.069767441860465,0.0922222222222222,0.6504992248062016,0.7999999999999997,0.5203993798449611,0.5728275968992246,0.09290780141843971
Pecharunt ex,sharpedo-toxtricity,20,1.0,2.55,0.003833333333333333,0.8045824999999999,0.7999999999999997,0.6436659999999996,0.6460359999999997,0.014184397163120567
Psyduck,alakazam-dudunsparce,19,0.3333333333333333,1.0,0.09982456140350876,0.8695184210526316,0.23191489361702133,0.20165427211646142,0.22402307390817475,0.04042553191489362
Psyduck,festival-lead,21,0.3888888888888889,1.0,0.09642857142857145,0.8672166666666666,0.23191489361702133,0.20112046099290784,0.22259301925025338,0.03829787234042553
Rabsca,festival-lead,53,0.9814814814814815,1.0943396226415094,0.09248427672955976,0.7843575471698114,0.5217234042553188,0.4092176896627858,0.4507577008631069,0.03829787234042553
Shaymin,dragapult-blaziken,20,0.3225806451612903,1.0,0.10125000000000002,0.7977074999999999,0.7748758865248223,0.6181243062499996,0.6877333443262409,0.04397163120567376
Shaymin,alakazam-dudunsparce,43,0.7543859649122807,1.0,0.09914728682170543,0.781046511627907,0.7748758865248223,0.6052141081147944,0.6718444241712023,0.04042553191489362
Shaymin,festival-lead,45,0.8333333333333334,1.0,0.0948888888888889,0.7868711111111112,0.7748758865248223,0.6097274498029942,0.6736667640661934,0.03829787234042553
Shaymin,mega-excadrill-ex,25,0.4716981132075472,1.0,0.09326666666666666,0.709738,0.7748758865248223,0.5499588619503544,0.6067836102127656,0.0375886524822695
Shaymin,dhelmise-pbl,22,0.5945945945945946,1.0,0.09977272727272726,0.7936431818181817,0.7748758865248223,0.6149749640957443,0.6831358648049641,0.02624113475177305
Shaymin,alakazam-dusknoir,26,1.0,1.0,0.09596153846153846,0.7672442307692309,0.7748758865248223,0.5945190534983631,0.6576937904391703,0.018439716312056736
Tatsugiri,n-zoroark,93,0.7099236641221374,1.0,0.09740143369175626,0.705189247311828,0.5500000000000005,0.38785408602150573,0.42965053763440886,0.09290780141843971
Tatsugiri,sharpedo-toxtricity,19,0.95,1.7894736842105263,0.029385964912280696,0.8406973684210527,0.5500000000000005,0.4623835526315794,0.4759381578947372,0.014184397163120567
Teal Mask Ogerpon ex,basic-box-m,113,1.0,2.3628318584070795,0.007536873156342182,0.8628707964601771,0.9500000000000003,0.8197272566371685,0.8258383628318587,0.08014184397163121
Teal Mask Ogerpon ex,ogerpon-meganium-hydrapple,42,1.0,4.0,3.968253968253968e-05,0.927404761904762,0.9500000000000003,0.8810345238095241,0.8810695833333336,0.029787234042553193
