card,field_inclusion,day2_inclusion,topcut_inclusion,avg_copies,p_all_copies_prized,horizon_turn,p_accessible_by_horizon,p_accessible_if_not_prized,desire_vs_field,p_played_if_in_deck,p_played_if_in_deck_not_prized,p_opponent_plays_it_random_round,top_archetypes
Fezandipiti ex,0.7382978723404255,0.7382978723404255,0.8095238095238095,1.0038424591738713,0.09698626961255202,5,0.7867088534101825,0.8712151033621517,0.7999999999999995,0.6293670827281458,0.6969720826897212,0.4646603780992907,alakazam-dudunsparce 100%; basic-box-m 100%
Munkidori,0.44397163120567373,0.44397163120567373,0.47619047619047616,1.7558744718128414,0.03389078549589475,3,0.8717647467278163,0.9011848181619089,0.8999999999999996,0.784588272055034,0.8110663363457172,0.3483349349691142,dragapult-blaziken 100%
Budew,0.424822695035461,0.424822695035461,0.5714285714285714,1.60318530884808,0.04295301057317752,"{'first': 2, 'second': 1}",0.8469362801335559,0.8835585529215358,0.8643884677772645,0.7359279930108079,0.7665366029240714,0.31263891334288924,dragapult-blaziken 100%
Meowth ex,0.6120567375886525,0.6120567375886525,0.7857142857142857,1.3411412031281522,0.07838022277370939,2,0.6104311607188933,0.658743322887395,0.7679606025492475,0.4721829591834345,0.508582579071688,0.28900276154276877,basic-box-m 100%
Latias ex,0.2226950354609929,0.2226950354609929,0.23809523809523808,1.8375796178343948,0.02330148619957537,2,0.8406316878980892,0.8597773885350318,0.8791401273885349,0.741804044585987,0.757079785031847,0.16519607801418434,basic-box-m 100%
Dunsparce,0.22198581560283687,0.22198581560283687,0.2857142857142857,1.5742642023658207,0.06435738831200896,2,0.8694793052637003,0.9284992993379994,0.7999999999999997,0.69558344421096,0.7427994394703993,0.15440965818300031,alakazam-dudunsparce 100%; lopunny-dudunsparce 100%
Dudunsparce,0.22198581560283687,0.22198581560283687,0.2857142857142857,1.4856230031948883,0.06693170039048633,3,0.8324920638977636,0.8900808242811502,0.7999999999999998,0.6659936511182106,0.7120646594249199,0.14784114382978714,alakazam-dudunsparce 100%; lopunny-dudunsparce 100%
Lillie's Clefairy ex,0.2631205673758865,0.2631205673758865,0.23809523809523808,1.4447439353099731,0.06088499550763703,3,0.8476370619946091,0.9013477088948787,0.6025066306164095,0.5107069502079645,0.5430679711000735,0.13437750250152825,basic-box-m 100%
Shaymin,0.2028368794326241,0.2028368794326241,0.11904761904761904,1.0,0.09721237096237097,3,0.7719316558441558,0.8551455044955044,0.7748758865248224,0.5981512261588143,0.6626316309036706,0.12132712814285168,alakazam-dusknoir 100%
Teal Mask Ogerpon ex,0.13191489361702127,0.13191489361702127,0.16666666666666666,2.8333333333333335,0.005268817204301074,2,0.880996505376344,0.8854801075268819,0.9500000000000005,0.8369466801075272,0.8412061021505379,0.11040573226950355,basic-box-m 100%
Moltres,0.15319148936170213,0.15319148936170213,0.14285714285714285,1.0046296296296295,0.09671752244668912,4,0.8336325652356901,0.9228800505050506,0.523736043987986,0.4369586571098187,0.4836750357331429,0.06693834747214243,dragapult-dusknoir 62%; dragapult-ex 45%
Pecharunt ex,0.1099290780141844,0.1099290780141844,0.047619047619047616,1.264516129032258,0.08050537634408604,2,0.6699474193548387,0.7270099999999999,0.7999999999999997,0.5359579354838707,0.5816079999999998,0.05891736170212764,sharpedo-toxtricity 100%
Chien-Pao,0.10141843971631205,0.10141843971631205,0.09523809523809523,1.0,0.09983682983682982,3,0.7369706293706295,0.8187132867132868,0.6329787234042551,0.4664867281654512,0.5182280910578779,0.047310356118907486,basic-box-m 99%
Iron Leaves ex,0.08226950354609928,0.08226950354609928,0.07142857142857142,1.0,0.10047413793103446,4,0.8346711206896551,0.927889224137931,0.5500000000000005,0.4590691163793108,0.5103390732758625,0.03776738829787237,basic-box-m 88%
Tatsugiri,0.08297872340425531,0.08297872340425531,0.023809523809523808,1.1282051282051282,0.08616809116809115,1,0.7255777777777775,0.7929008547008546,0.5500000000000006,0.3990677777777781,0.4360954700854705,0.03311413475177308,sharpedo-toxtricity 95%; n-zoroark 71%
Genesect ex,0.04113475177304964,0.04113475177304964,0.047619047619047616,2.0,0.008304597701149427,2,0.7699155172413794,0.7763732758620691,0.8500000000000005,0.6544281896551729,0.659917284482759,0.026919741134751794,mega-excadrill-ex 100%
Mew ex,0.05319148936170213,0.05319148936170213,0.09523809523809523,1.3866666666666667,0.07344444444444445,3,0.843164,0.9090906666666664,0.6000000000000004,0.5058984000000002,0.5454544000000002,0.026909489361702142,lopunny-dudunsparce 74%; lopunny-dusknoir 48%
Kyurem,0.07588652482269503,0.07588652482269503,0.07142857142857142,1.9813084112149533,0.010623052959501555,5,0.9650415887850468,0.9753710280373832,0.3499999999999998,0.33776455607476624,0.341379859813084,0.02563177836879432,slowking-scr 100%; alakazam-dusknoir 0%; alakazam-dudunsparce 0%
Lunatone,0.029078014184397163,0.029078014184397163,0.023809523809523808,2.024390243902439,0.008495934959349593,2,0.9052658536585365,0.9130060975609755,0.9500000000000004,0.86000256097561,0.8673557926829271,0.025007166666666674,lucario-hariyama 100%
Patrat,0.0524822695035461,0.0524822695035461,0.0,1.0,0.09842342342342343,3,0.855789864864865,0.9492675675675674,0.482978723404255,0.41332829643473235,0.4584760379528461,0.02169240704692921,dhelmise-pbl 49%; dragapult-dusknoir 43%
Genesect,0.04822695035460993,0.04822695035460993,0.023809523809523808,1.1176470588235294,0.08884803921568629,2,0.7166904411764707,0.7857183823529411,0.6000000000000005,0.4300142647058826,0.47143102941176496,0.020738276595744697,alakazam-dudunsparce 93%
Rabsca,0.04822695035460993,0.04822695035460993,0.047619047619047616,1.088235294117647,0.0929656862745098,3,0.7903573529411764,0.871135294117647,0.5217234042553188,0.41234792875469317,0.4544916712140173,0.019886283088878815,festival-lead 98%; ogerpon-meganium-hydrapple 2%
Fan Rotom,0.02127659574468085,0.02127659574468085,0.0,1.4666666666666666,0.057,1,0.7881699999999999,0.8354250000000001,0.8500000000000008,0.6699445000000003,0.7101112500000005,0.014254138297872348,lopunny-dudunsparce 100%
Psyduck,0.06879432624113475,0.06879432624113475,0.023809523809523808,1.0103092783505154,0.09572901325478646,3,0.8496657584683357,0.939675994108984,0.2319148936170214,0.19705014398520984,0.21792485820825375,0.0135559318911811,lopunny-dudunsparce 74%
